cycle,kind,id,name,port,arrivals,departures,occupancy,request_cycles,grant_cycles,allocator_loss_cycles,contention_cycles,credit_stall_cycles,queue_wait_samples,queue_wait_cycles,residence_samples,residence_cycles,avg_queue_wait,avg_residence
0,router,16,L2_00,-1,0,0,0,0,0,0,0,0,0,0,0,0,0,0
0,shim,96,SHIM_00_00,-1,0,0,0,0,0,0,0,0,0,0,0,0,0,0
0,router,32,L3_00_00,-1,0,0,0,0,0,0,0,0,0,0,0,0,0,0
0,shim,97,SHIM_00_01,-1,0,0,0,0,0,0,0,0,0,0,0,0,0,0
0,router,33,L3_00_01,-1,0,0,0,0,0,0,0,0,0,0,0,0,0,0
0,shim,98,SHIM_00_02,-1,0,0,0,0,0,0,0,0,0,0,0,0,0,0
0,router,34,L3_00_02,-1,0,0,0,0,0,0,0,0,0,0,0,0,0,0
0,shim,99,SHIM_00_03,-1,0,0,0,0,0,0,0,0,0,0,0,0,0,0
0,router,35,L3_00_03,-1,0,0,0,0,0,0,0,0,0,0,0,0,0,0
0,router,17,L2_01,-1,0,0,0,0,0,0,0,0,0,0,0,0,0,0
0,shim,100,SHIM_01_00,-1,0,0,0,0,0,0,0,0,0,0,0,0,0,0
0,router,36,L3_01_00,-1,0,0,0,0,0,0,0,0,0,0,0,0,0,0
0,shim,101,SHIM_01_01,-1,0,0,0,0,0,0,0,0,0,0,0,0,0,0
0,router,37,L3_01_01,-1,0,0,0,0,0,0,0,0,0,0,0,0,0,0
0,shim,102,SHIM_01_02,-1,0,0,0,0,0,0,0,0,0,0,0,0,0,0
0,router,38,L3_01_02,-1,0,0,0,0,0,0,0,0,0,0,0,0,0,0
0,shim,103,SHIM_01_03,-1,0,0,0,0,0,0,0,0,0,0,0,0,0,0
0,router,39,L3_01_03,-1,0,0,0,0,0,0,0,0,0,0,0,0,0,0
0,router,18,L2_02,-1,0,0,0,0,0,0,0,0,0,0,0,0,0,0
0,shim,104,SHIM_02_00,-1,0,0,0,0,0,0,0,0,0,0,0,0,0,0
0,router,40,L3_02_00,-1,0,0,0,0,0,0,0,0,0,0,0,0,0,0
0,shim,105,SHIM_02_01,-1,0,0,0,0,0,0,0,0,0,0,0,0,0,0
0,router,41,L3_02_01,-1,0,0,0,0,0,0,0,0,0,0,0,0,0,0
0,shim,106,SHIM_02_02,-1,0,0,0,0,0,0,0,0,0,0,0,0,0,0
0,router,42,L3_02_02,-1,0,0,0,0,0,0,0,0,0,0,0,0,0,0
0,shim,107,SHIM_02_03,-1,0,0,0,0,0,0,0,0,0,0,0,0,0,0
0,router,43,L3_02_03,-1,0,0,0,0,0,0,0,0,0,0,0,0,0,0
0,router,19,L2_03,-1,0,0,0,0,0,0,0,0,0,0,0,0,0,0
0,shim,108,SHIM_03_00,-1,0,0,0,0,0,0,0,0,0,0,0,0,0,0
0,router,44,L3_03_00,-1,0,0,0,0,0,0,0,0,0,0,0,0,0,0
0,shim,109,SHIM_03_01,-1,0,0,0,0,0,0,0,0,0,0,0,0,0,0
0,router,45,L3_03_01,-1,0,0,0,0,0,0,0,0,0,0,0,0,0,0
0,shim,110,SHIM_03_02,-1,0,0,0,0,0,0,0,0,0,0,0,0,0,0
0,router,46,L3_03_02,-1,0,0,0,0,0,0,0,0,0,0,0,0,0,0
0,shim,111,SHIM_03_03,-1,0,0,0,0,0,0,0,0,0,0,0,0,0,0
0,router,47,L3_03_03,-1,0,0,0,0,0,0,0,0,0,0,0,0,0,0
0,router,20,L2_04,-1,0,0,0,0,0,0,0,0,0,0,0,0,0,0
0,shim,112,SHIM_04_00,-1,0,0,0,0,0,0,0,0,0,0,0,0,0,0
0,router,48,L3_04_00,-1,0,0,0,0,0,0,0,0,0,0,0,0,0,0
0,shim,113,SHIM_04_01,-1,0,0,0,0,0,0,0,0,0,0,0,0,0,0
0,router,49,L3_04_01,-1,0,0,0,0,0,0,0,0,0,0,0,0,0,0
0,shim,114,SHIM_04_02,-1,0,0,0,0,0,0,0,0,0,0,0,0,0,0
0,router,50,L3_04_02,-1,0,0,0,0,0,0,0,0,0,0,0,0,0,0
0,shim,115,SHIM_04_03,-1,0,0,0,0,0,0,0,0,0,0,0,0,0,0
0,router,51,L3_04_03,-1,0,0,0,0,0,0,0,0,0,0,0,0,0,0
0,router,21,L2_05,-1,0,0,0,0,0,0,0,0,0,0,0,0,0,0
0,shim,116,SHIM_05_00,-1,0,0,0,0,0,0,0,0,0,0,0,0,0,0
0,router,52,L3_05_00,-1,0,0,0,0,0,0,0,0,0,0,0,0,0,0
0,shim,117,SHIM_05_01,-1,0,0,0,0,0,0,0,0,0,0,0,0,0,0
0,router,53,L3_05_01,-1,0,0,0,0,0,0,0,0,0,0,0,0,0,0
0,shim,118,SHIM_05_02,-1,0,0,0,0,0,0,0,0,0,0,0,0,0,0
0,router,54,L3_05_02,-1,0,0,0,0,0,0,0,0,0,0,0,0,0,0
0,shim,119,SHIM_05_03,-1,0,0,0,0,0,0,0,0,0,0,0,0,0,0
0,router,55,L3_05_03,-1,0,0,0,0,0,0,0,0,0,0,0,0,0,0
0,router,22,L2_06,-1,0,0,0,0,0,0,0,0,0,0,0,0,0,0
0,shim,120,SHIM_06_00,-1,0,0,0,0,0,0,0,0,0,0,0,0,0,0
0,router,56,L3_06_00,-1,0,0,0,0,0,0,0,0,0,0,0,0,0,0
0,shim,121,SHIM_06_01,-1,0,0,0,0,0,0,0,0,0,0,0,0,0,0
0,router,57,L3_06_01,-1,0,0,0,0,0,0,0,0,0,0,0,0,0,0
0,shim,122,SHIM_06_02,-1,0,0,0,0,0,0,0,0,0,0,0,0,0,0
0,router,58,L3_06_02,-1,0,0,0,0,0,0,0,0,0,0,0,0,0,0
0,shim,123,SHIM_06_03,-1,0,0,0,0,0,0,0,0,0,0,0,0,0,0
0,router,59,L3_06_03,-1,0,0,0,0,0,0,0,0,0,0,0,0,0,0
0,router,23,L2_07,-1,0,0,0,0,0,0,0,0,0,0,0,0,0,0
0,shim,124,SHIM_07_00,-1,0,0,0,0,0,0,0,0,0,0,0,0,0,0
0,router,60,L3_07_00,-1,0,0,0,0,0,0,0,0,0,0,0,0,0,0
0,shim,125,SHIM_07_01,-1,0,0,0,0,0,0,0,0,0,0,0,0,0,0
0,router,61,L3_07_01,-1,0,0,0,0,0,0,0,0,0,0,0,0,0,0
0,shim,126,SHIM_07_02,-1,0,0,0,0,0,0,0,0,0,0,0,0,0,0
0,router,62,L3_07_02,-1,0,0,0,0,0,0,0,0,0,0,0,0,0,0
0,shim,127,SHIM_07_03,-1,0,0,0,0,0,0,0,0,0,0,0,0,0,0
0,router,63,L3_07_03,-1,0,0,0,0,0,0,0,0,0,0,0,0,0,0
0,router,24,L2_08,-1,0,0,0,0,0,0,0,0,0,0,0,0,0,0
0,shim,128,SHIM_08_00,-1,0,0,0,0,0,0,0,0,0,0,0,0,0,0
0,router,64,L3_08_00,-1,0,0,0,0,0,0,0,0,0,0,0,0,0,0
0,shim,129,SHIM_08_01,-1,0,0,0,0,0,0,0,0,0,0,0,0,0,0
0,router,65,L3_08_01,-1,0,0,0,0,0,0,0,0,0,0,0,0,0,0
0,shim,130,SHIM_08_02,-1,0,0,0,0,0,0,0,0,0,0,0,0,0,0
0,router,66,L3_08_02,-1,0,0,0,0,0,0,0,0,0,0,0,0,0,0
0,shim,131,SHIM_08_03,-1,0,0,0,0,0,0,0,0,0,0,0,0,0,0
0,router,67,L3_08_03,-1,0,0,0,0,0,0,0,0,0,0,0,0,0,0
0,router,25,L2_09,-1,0,0,0,0,0,0,0,0,0,0,0,0,0,0
0,shim,132,SHIM_09_00,-1,0,0,0,0,0,0,0,0,0,0,0,0,0,0
0,router,68,L3_09_00,-1,0,0,0,0,0,0,0,0,0,0,0,0,0,0
0,shim,133,SHIM_09_01,-1,0,0,0,0,0,0,0,0,0,0,0,0,0,0
0,router,69,L3_09_01,-1,0,0,0,0,0,0,0,0,0,0,0,0,0,0
0,shim,134,SHIM_09_02,-1,0,0,0,0,0,0,0,0,0,0,0,0,0,0
0,router,70,L3_09_02,-1,0,0,0,0,0,0,0,0,0,0,0,0,0,0
0,shim,135,SHIM_09_03,-1,0,0,0,0,0,0,0,0,0,0,0,0,0,0
0,router,71,L3_09_03,-1,0,0,0,0,0,0,0,0,0,0,0,0,0,0
0,router,26,L2_10,-1,0,0,0,0,0,0,0,0,0,0,0,0,0,0
0,shim,136,SHIM_10_00,-1,0,0,0,0,0,0,0,0,0,0,0,0,0,0
0,router,72,L3_10_00,-1,0,0,0,0,0,0,0,0,0,0,0,0,0,0
0,shim,137,SHIM_10_01,-1,0,0,0,0,0,0,0,0,0,0,0,0,0,0
0,router,73,L3_10_01,-1,0,0,0,0,0,0,0,0,0,0,0,0,0,0
0,shim,138,SHIM_10_02,-1,0,0,0,0,0,0,0,0,0,0,0,0,0,0
0,router,74,L3_10_02,-1,0,0,0,0,0,0,0,0,0,0,0,0,0,0
0,shim,139,SHIM_10_03,-1,0,0,0,0,0,0,0,0,0,0,0,0,0,0
0,router,75,L3_10_03,-1,0,0,0,0,0,0,0,0,0,0,0,0,0,0
0,router,27,L2_11,-1,0,0,0,0,0,0,0,0,0,0,0,0,0,0
0,shim,140,SHIM_11_00,-1,0,0,0,0,0,0,0,0,0,0,0,0,0,0
0,router,76,L3_11_00,-1,0,0,0,0,0,0,0,0,0,0,0,0,0,0
0,shim,141,SHIM_11_01,-1,0,0,0,0,0,0,0,0,0,0,0,0,0,0
0,router,77,L3_11_01,-1,0,0,0,0,0,0,0,0,0,0,0,0,0,0
0,shim,142,SHIM_11_02,-1,0,0,0,0,0,0,0,0,0,0,0,0,0,0
0,router,78,L3_11_02,-1,0,0,0,0,0,0,0,0,0,0,0,0,0,0
0,shim,143,SHIM_11_03,-1,0,0,0,0,0,0,0,0,0,0,0,0,0,0
0,router,79,L3_11_03,-1,0,0,0,0,0,0,0,0,0,0,0,0,0,0
0,router,28,L2_12,-1,0,0,0,0,0,0,0,0,0,0,0,0,0,0
0,shim,144,SHIM_12_00,-1,0,0,0,0,0,0,0,0,0,0,0,0,0,0
0,router,80,L3_12_00,-1,0,0,0,0,0,0,0,0,0,0,0,0,0,0
0,shim,145,SHIM_12_01,-1,0,0,0,0,0,0,0,0,0,0,0,0,0,0
0,router,81,L3_12_01,-1,0,0,0,0,0,0,0,0,0,0,0,0,0,0
0,shim,146,SHIM_12_02,-1,0,0,0,0,0,0,0,0,0,0,0,0,0,0
0,router,82,L3_12_02,-1,0,0,0,0,0,0,0,0,0,0,0,0,0,0
0,shim,147,SHIM_12_03,-1,0,0,0,0,0,0,0,0,0,0,0,0,0,0
0,router,83,L3_12_03,-1,0,0,0,0,0,0,0,0,0,0,0,0,0,0
0,router,29,L2_13,-1,0,0,0,0,0,0,0,0,0,0,0,0,0,0
0,shim,148,SHIM_13_00,-1,0,0,0,0,0,0,0,0,0,0,0,0,0,0
0,router,84,L3_13_00,-1,0,0,0,0,0,0,0,0,0,0,0,0,0,0
0,shim,149,SHIM_13_01,-1,0,0,0,0,0,0,0,0,0,0,0,0,0,0
0,router,85,L3_13_01,-1,0,0,0,0,0,0,0,0,0,0,0,0,0,0
0,shim,150,SHIM_13_02,-1,0,0,0,0,0,0,0,0,0,0,0,0,0,0
0,router,86,L3_13_02,-1,0,0,0,0,0,0,0,0,0,0,0,0,0,0
0,shim,151,SHIM_13_03,-1,0,0,0,0,0,0,0,0,0,0,0,0,0,0
0,router,87,L3_13_03,-1,0,0,0,0,0,0,0,0,0,0,0,0,0,0
0,router,30,L2_14,-1,0,0,0,0,0,0,0,0,0,0,0,0,0,0
0,shim,152,SHIM_14_00,-1,0,0,0,0,0,0,0,0,0,0,0,0,0,0
0,router,88,L3_14_00,-1,0,0,0,0,0,0,0,0,0,0,0,0,0,0
0,shim,153,SHIM_14_01,-1,0,0,0,0,0,0,0,0,0,0,0,0,0,0
0,router,89,L3_14_01,-1,0,0,0,0,0,0,0,0,0,0,0,0,0,0
0,shim,154,SHIM_14_02,-1,0,0,0,0,0,0,0,0,0,0,0,0,0,0
0,router,90,L3_14_02,-1,0,0,0,0,0,0,0,0,0,0,0,0,0,0
0,shim,155,SHIM_14_03,-1,0,0,0,0,0,0,0,0,0,0,0,0,0,0
0,router,91,L3_14_03,-1,0,0,0,0,0,0,0,0,0,0,0,0,0,0
0,router,31,L2_15,-1,0,0,0,0,0,0,0,0,0,0,0,0,0,0
0,shim,156,SHIM_15_00,-1,0,0,0,0,0,0,0,0,0,0,0,0,0,0
0,router,92,L3_15_00,-1,0,0,0,0,0,0,0,0,0,0,0,0,0,0
0,shim,157,SHIM_15_01,-1,0,0,0,0,0,0,0,0,0,0,0,0,0,0
0,router,93,L3_15_01,-1,0,0,0,0,0,0,0,0,0,0,0,0,0,0
0,shim,158,SHIM_15_02,-1,0,0,0,0,0,0,0,0,0,0,0,0,0,0
0,router,94,L3_15_02,-1,0,0,0,0,0,0,0,0,0,0,0,0,0,0
0,shim,159,SHIM_15_03,-1,0,0,0,0,0,0,0,0,0,0,0,0,0,0
0,router,95,L3_15_03,-1,0,0,0,0,0,0,0,0,0,0,0,0,0,0
0,router,0,L1_00,-1,0,0,0,0,0,0,0,0,0,0,0,0,0,0
0,router,1,L1_01,-1,0,0,0,0,0,0,0,0,0,0,0,0,0,0
0,router,2,L1_02,-1,0,0,0,0,0,0,0,0,0,0,0,0,0,0
0,router,3,L1_03,-1,0,0,0,0,0,0,0,0,0,0,0,0,0,0
0,router,4,L1_04,-1,0,0,0,0,0,0,0,0,0,0,0,0,0,0
0,router,5,L1_05,-1,0,0,0,0,0,0,0,0,0,0,0,0,0,0
0,router,6,L1_06,-1,0,0,0,0,0,0,0,0,0,0,0,0,0,0
0,router,7,L1_07,-1,0,0,0,0,0,0,0,0,0,0,0,0,0,0
0,router,8,L1_08,-1,0,0,0,0,0,0,0,0,0,0,0,0,0,0
0,router,9,L1_09,-1,0,0,0,0,0,0,0,0,0,0,0,0,0,0
0,router,10,L1_10,-1,0,0,0,0,0,0,0,0,0,0,0,0,0,0
0,router,11,L1_11,-1,0,0,0,0,0,0,0,0,0,0,0,0,0,0
0,router,12,L1_12,-1,0,0,0,0,0,0,0,0,0,0,0,0,0,0
0,router,13,L1_13,-1,0,0,0,0,0,0,0,0,0,0,0,0,0,0
0,router,14,L1_14,-1,0,0,0,0,0,0,0,0,0,0,0,0,0,0
0,router,15,L1_15,-1,0,0,0,0,0,0,0,0,0,0,0,0,0,0
0,endpoint,320,LLCH_00,-1,0,0,0,0,0,0,0,0,0,0,0,0,0,0
0,endpoint,324,LLCH_01,-1,0,0,0,0,0,0,0,0,0,0,0,0,0,0
0,endpoint,328,LLCH_02,-1,0,0,0,0,0,0,0,0,0,0,0,0,0,0
0,endpoint,332,LLCH_03,-1,0,0,0,0,0,0,0,0,0,0,0,0,0,0
0,endpoint,336,LLCH_04,-1,0,0,0,0,0,0,0,0,0,0,0,0,0,0
0,endpoint,340,LLCH_05,-1,0,0,0,0,0,0,0,0,0,0,0,0,0,0
0,endpoint,344,LLCH_06,-1,0,0,0,0,0,0,0,0,0,0,0,0,0,0
0,endpoint,348,LLCH_07,-1,0,0,0,0,0,0,0,0,0,0,0,0,0,0
0,endpoint,352,LLCH_08,-1,0,0,0,0,0,0,0,0,0,0,0,0,0,0
0,endpoint,356,LLCH_09,-1,0,0,0,0,0,0,0,0,0,0,0,0,0,0
0,endpoint,360,LLCH_10,-1,0,0,0,0,0,0,0,0,0,0,0,0,0,0
0,endpoint,364,LLCH_11,-1,0,0,0,0,0,0,0,0,0,0,0,0,0,0
0,endpoint,368,LLCH_12,-1,0,0,0,0,0,0,0,0,0,0,0,0,0,0
0,endpoint,372,LLCH_13,-1,0,0,0,0,0,0,0,0,0,0,0,0,0,0
0,endpoint,376,LLCH_14,-1,0,0,0,0,0,0,0,0,0,0,0,0,0,0
0,endpoint,380,LLCH_15,-1,0,0,0,0,0,0,0,0,0,0,0,0,0,0
0,port,16,L2_00,0,0,0,0,0,0,0,0,0,1,0,1,0,0,0
0,port,16,L2_00,1,0,0,0,0,0,0,0,0,1,0,1,0,0,0
0,port,16,L2_00,2,0,0,0,0,0,0,0,0,1,0,1,0,0,0
0,port,16,L2_00,3,0,0,0,0,0,0,0,0,1,0,1,0,0,0
0,port,16,L2_00,4,0,0,0,0,0,0,0,0,1,0,1,0,0,0
0,port,16,L2_00,5,0,0,0,0,0,0,0,0,1,0,1,0,0,0
0,port,16,L2_00,6,0,0,0,0,0,0,0,0,1,0,1,0,0,0
0,port,16,L2_00,7,0,0,0,0,0,0,0,0,1,0,1,0,0,0
0,port,16,L2_00,8,0,0,0,0,0,0,0,0,1,0,1,0,0,0
0,port,32,L3_00_00,0,0,0,0,0,0,0,0,0,1,0,1,0,0,0
0,port,32,L3_00_00,1,0,0,0,0,0,0,0,0,1,0,1,0,0,0
0,port,32,L3_00_00,2,0,0,0,0,0,0,0,0,1,0,1,0,0,0
0,port,32,L3_00_00,3,0,0,0,0,0,0,0,0,1,0,1,0,0,0
0,port,32,L3_00_00,4,0,0,0,0,0,0,0,0,1,0,1,0,0,0
0,port,33,L3_00_01,0,0,0,0,0,0,0,0,0,1,0,1,0,0,0
0,port,33,L3_00_01,1,0,0,0,0,0,0,0,0,1,0,1,0,0,0
0,port,33,L3_00_01,2,0,0,0,0,0,0,0,0,1,0,1,0,0,0
0,port,33,L3_00_01,3,0,0,0,0,0,0,0,0,1,0,1,0,0,0
0,port,33,L3_00_01,4,0,0,0,0,0,0,0,0,1,0,1,0,0,0
0,port,34,L3_00_02,0,0,0,0,0,0,0,0,0,1,0,1,0,0,0
0,port,34,L3_00_02,1,0,0,0,0,0,0,0,0,1,0,1,0,0,0
0,port,34,L3_00_02,2,0,0,0,0,0,0,0,0,1,0,1,0,0,0
0,port,34,L3_00_02,3,0,0,0,0,0,0,0,0,1,0,1,0,0,0
0,port,34,L3_00_02,4,0,0,0,0,0,0,0,0,1,0,1,0,0,0
0,port,35,L3_00_03,0,0,0,0,0,0,0,0,0,1,0,1,0,0,0
0,port,35,L3_00_03,1,0,0,0,0,0,0,0,0,1,0,1,0,0,0
0,port,35,L3_00_03,2,0,0,0,0,0,0,0,0,1,0,1,0,0,0
0,port,35,L3_00_03,3,0,0,0,0,0,0,0,0,1,0,1,0,0,0
0,port,35,L3_00_03,4,0,0,0,0,0,0,0,0,1,0,1,0,0,0
0,port,17,L2_01,0,0,0,0,0,0,0,0,0,1,0,1,0,0,0
0,port,17,L2_01,1,0,0,0,0,0,0,0,0,1,0,1,0,0,0
0,port,17,L2_01,2,0,0,0,0,0,0,0,0,1,0,1,0,0,0
0,port,17,L2_01,3,0,0,0,0,0,0,0,0,1,0,1,0,0,0
0,port,17,L2_01,4,0,0,0,0,0,0,0,0,1,0,1,0,0,0
0,port,17,L2_01,5,0,0,0,0,0,0,0,0,1,0,1,0,0,0
0,port,17,L2_01,6,0,0,0,0,0,0,0,0,1,0,1,0,0,0
0,port,17,L2_01,7,0,0,0,0,0,0,0,0,1,0,1,0,0,0
0,port,17,L2_01,8,0,0,0,0,0,0,0,0,1,0,1,0,0,0
0,port,36,L3_01_00,0,0,0,0,0,0,0,0,0,1,0,1,0,0,0
0,port,36,L3_01_00,1,0,0,0,0,0,0,0,0,1,0,1,0,0,0
0,port,36,L3_01_00,2,0,0,0,0,0,0,0,0,1,0,1,0,0,0
0,port,36,L3_01_00,3,0,0,0,0,0,0,0,0,1,0,1,0,0,0
0,port,36,L3_01_00,4,0,0,0,0,0,0,0,0,1,0,1,0,0,0
0,port,37,L3_01_01,0,0,0,0,0,0,0,0,0,1,0,1,0,0,0
0,port,37,L3_01_01,1,0,0,0,0,0,0,0,0,1,0,1,0,0,0
0,port,37,L3_01_01,2,0,0,0,0,0,0,0,0,1,0,1,0,0,0
0,port,37,L3_01_01,3,0,0,0,0,0,0,0,0,1,0,1,0,0,0
0,port,37,L3_01_01,4,0,0,0,0,0,0,0,0,1,0,1,0,0,0
0,port,38,L3_01_02,0,0,0,0,0,0,0,0,0,1,0,1,0,0,0
0,port,38,L3_01_02,1,0,0,0,0,0,0,0,0,1,0,1,0,0,0
0,port,38,L3_01_02,2,0,0,0,0,0,0,0,0,1,0,1,0,0,0
0,port,38,L3_01_02,3,0,0,0,0,0,0,0,0,1,0,1,0,0,0
0,port,38,L3_01_02,4,0,0,0,0,0,0,0,0,1,0,1,0,0,0
0,port,39,L3_01_03,0,0,0,0,0,0,0,0,0,1,0,1,0,0,0
0,port,39,L3_01_03,1,0,0,0,0,0,0,0,0,1,0,1,0,0,0
0,port,39,L3_01_03,2,0,0,0,0,0,0,0,0,1,0,1,0,0,0
0,port,39,L3_01_03,3,0,0,0,0,0,0,0,0,1,0,1,0,0,0
0,port,39,L3_01_03,4,0,0,0,0,0,0,0,0,1,0,1,0,0,0
0,port,18,L2_02,0,0,0,0,0,0,0,0,0,1,0,1,0,0,0
0,port,18,L2_02,1,0,0,0,0,0,0,0,0,1,0,1,0,0,0
0,port,18,L2_02,2,0,0,0,0,0,0,0,0,1,0,1,0,0,0
0,port,18,L2_02,3,0,0,0,0,0,0,0,0,1,0,1,0,0,0
0,port,18,L2_02,4,0,0,0,0,0,0,0,0,1,0,1,0,0,0
0,port,18,L2_02,5,0,0,0,0,0,0,0,0,1,0,1,0,0,0
0,port,18,L2_02,6,0,0,0,0,0,0,0,0,1,0,1,0,0,0
0,port,18,L2_02,7,0,0,0,0,0,0,0,0,1,0,1,0,0,0
0,port,18,L2_02,8,0,0,0,0,0,0,0,0,1,0,1,0,0,0
0,port,40,L3_02_00,0,0,0,0,0,0,0,0,0,1,0,1,0,0,0
0,port,40,L3_02_00,1,0,0,0,0,0,0,0,0,1,0,1,0,0,0
0,port,40,L3_02_00,2,0,0,0,0,0,0,0,0,1,0,1,0,0,0
0,port,40,L3_02_00,3,0,0,0,0,0,0,0,0,1,0,1,0,0,0
0,port,40,L3_02_00,4,0,0,0,0,0,0,0,0,1,0,1,0,0,0
0,port,41,L3_02_01,0,0,0,0,0,0,0,0,0,1,0,1,0,0,0
0,port,41,L3_02_01,1,0,0,0,0,0,0,0,0,1,0,1,0,0,0
0,port,41,L3_02_01,2,0,0,0,0,0,0,0,0,1,0,1,0,0,0
0,port,41,L3_02_01,3,0,0,0,0,0,0,0,0,1,0,1,0,0,0
0,port,41,L3_02_01,4,0,0,0,0,0,0,0,0,1,0,1,0,0,0
0,port,42,L3_02_02,0,0,0,0,0,0,0,0,0,1,0,1,0,0,0
0,port,42,L3_02_02,1,0,0,0,0,0,0,0,0,1,0,1,0,0,0
0,port,42,L3_02_02,2,0,0,0,0,0,0,0,0,1,0,1,0,0,0
0,port,42,L3_02_02,3,0,0,0,0,0,0,0,0,1,0,1,0,0,0
0,port,42,L3_02_02,4,0,0,0,0,0,0,0,0,1,0,1,0,0,0
0,port,43,L3_02_03,0,0,0,0,0,0,0,0,0,1,0,1,0,0,0
0,port,43,L3_02_03,1,0,0,0,0,0,0,0,0,1,0,1,0,0,0
0,port,43,L3_02_03,2,0,0,0,0,0,0,0,0,1,0,1,0,0,0
0,port,43,L3_02_03,3,0,0,0,0,0,0,0,0,1,0,1,0,0,0
0,port,43,L3_02_03,4,0,0,0,0,0,0,0,0,1,0,1,0,0,0
0,port,19,L2_03,0,0,0,0,0,0,0,0,0,1,0,1,0,0,0
0,port,19,L2_03,1,0,0,0,0,0,0,0,0,1,0,1,0,0,0
0,port,19,L2_03,2,0,0,0,0,0,0,0,0,1,0,1,0,0,0
0,port,19,L2_03,3,0,0,0,0,0,0,0,0,1,0,1,0,0,0
0,port,19,L2_03,4,0,0,0,0,0,0,0,0,1,0,1,0,0,0
0,port,19,L2_03,5,0,0,0,0,0,0,0,0,1,0,1,0,0,0
0,port,19,L2_03,6,0,0,0,0,0,0,0,0,1,0,1,0,0,0
0,port,19,L2_03,7,0,0,0,0,0,0,0,0,1,0,1,0,0,0
0,port,19,L2_03,8,0,0,0,0,0,0,0,0,1,0,1,0,0,0
0,port,44,L3_03_00,0,0,0,0,0,0,0,0,0,1,0,1,0,0,0
0,port,44,L3_03_00,1,0,0,0,0,0,0,0,0,1,0,1,0,0,0
0,port,44,L3_03_00,2,0,0,0,0,0,0,0,0,1,0,1,0,0,0
0,port,44,L3_03_00,3,0,0,0,0,0,0,0,0,1,0,1,0,0,0
0,port,44,L3_03_00,4,0,0,0,0,0,0,0,0,1,0,1,0,0,0
0,port,45,L3_03_01,0,0,0,0,0,0,0,0,0,1,0,1,0,0,0
0,port,45,L3_03_01,1,0,0,0,0,0,0,0,0,1,0,1,0,0,0
0,port,45,L3_03_01,2,0,0,0,0,0,0,0,0,1,0,1,0,0,0
0,port,45,L3_03_01,3,0,0,0,0,0,0,0,0,1,0,1,0,0,0
0,port,45,L3_03_01,4,0,0,0,0,0,0,0,0,1,0,1,0,0,0
0,port,46,L3_03_02,0,0,0,0,0,0,0,0,0,1,0,1,0,0,0
0,port,46,L3_03_02,1,0,0,0,0,0,0,0,0,1,0,1,0,0,0
0,port,46,L3_03_02,2,0,0,0,0,0,0,0,0,1,0,1,0,0,0
0,port,46,L3_03_02,3,0,0,0,0,0,0,0,0,1,0,1,0,0,0
0,port,46,L3_03_02,4,0,0,0,0,0,0,0,0,1,0,1,0,0,0
0,port,47,L3_03_03,0,0,0,0,0,0,0,0,0,1,0,1,0,0,0
0,port,47,L3_03_03,1,0,0,0,0,0,0,0,0,1,0,1,0,0,0
0,port,47,L3_03_03,2,0,0,0,0,0,0,0,0,1,0,1,0,0,0
0,port,47,L3_03_03,3,0,0,0,0,0,0,0,0,1,0,1,0,0,0
0,port,47,L3_03_03,4,0,0,0,0,0,0,0,0,1,0,1,0,0,0
0,port,20,L2_04,0,0,0,0,0,0,0,0,0,1,0,1,0,0,0
0,port,20,L2_04,1,0,0,0,0,0,0,0,0,1,0,1,0,0,0
0,port,20,L2_04,2,0,0,0,0,0,0,0,0,1,0,1,0,0,0
0,port,20,L2_04,3,0,0,0,0,0,0,0,0,1,0,1,0,0,0
0,port,20,L2_04,4,0,0,0,0,0,0,0,0,1,0,1,0,0,0
0,port,20,L2_04,5,0,0,0,0,0,0,0,0,1,0,1,0,0,0
0,port,20,L2_04,6,0,0,0,0,0,0,0,0,1,0,1,0,0,0
0,port,20,L2_04,7,0,0,0,0,0,0,0,0,1,0,1,0,0,0
0,port,20,L2_04,8,0,0,0,0,0,0,0,0,1,0,1,0,0,0
0,port,48,L3_04_00,0,0,0,0,0,0,0,0,0,1,0,1,0,0,0
0,port,48,L3_04_00,1,0,0,0,0,0,0,0,0,1,0,1,0,0,0
0,port,48,L3_04_00,2,0,0,0,0,0,0,0,0,1,0,1,0,0,0
0,port,48,L3_04_00,3,0,0,0,0,0,0,0,0,1,0,1,0,0,0
0,port,48,L3_04_00,4,0,0,0,0,0,0,0,0,1,0,1,0,0,0
0,port,49,L3_04_01,0,0,0,0,0,0,0,0,0,1,0,1,0,0,0
0,port,49,L3_04_01,1,0,0,0,0,0,0,0,0,1,0,1,0,0,0
0,port,49,L3_04_01,2,0,0,0,0,0,0,0,0,1,0,1,0,0,0
0,port,49,L3_04_01,3,0,0,0,0,0,0,0,0,1,0,1,0,0,0
0,port,49,L3_04_01,4,0,0,0,0,0,0,0,0,1,0,1,0,0,0
0,port,50,L3_04_02,0,0,0,0,0,0,0,0,0,1,0,1,0,0,0
0,port,50,L3_04_02,1,0,0,0,0,0,0,0,0,1,0,1,0,0,0
0,port,50,L3_04_02,2,0,0,0,0,0,0,0,0,1,0,1,0,0,0
0,port,50,L3_04_02,3,0,0,0,0,0,0,0,0,1,0,1,0,0,0
0,port,50,L3_04_02,4,0,0,0,0,0,0,0,0,1,0,1,0,0,0
0,port,51,L3_04_03,0,0,0,0,0,0,0,0,0,1,0,1,0,0,0
0,port,51,L3_04_03,1,0,0,0,0,0,0,0,0,1,0,1,0,0,0
0,port,51,L3_04_03,2,0,0,0,0,0,0,0,0,1,0,1,0,0,0
0,port,51,L3_04_03,3,0,0,0,0,0,0,0,0,1,0,1,0,0,0
0,port,51,L3_04_03,4,0,0,0,0,0,0,0,0,1,0,1,0,0,0
0,port,21,L2_05,0,0,0,0,0,0,0,0,0,1,0,1,0,0,0
0,port,21,L2_05,1,0,0,0,0,0,0,0,0,1,0,1,0,0,0
0,port,21,L2_05,2,0,0,0,0,0,0,0,0,1,0,1,0,0,0
0,port,21,L2_05,3,0,0,0,0,0,0,0,0,1,0,1,0,0,0
0,port,21,L2_05,4,0,0,0,0,0,0,0,0,1,0,1,0,0,0
0,port,21,L2_05,5,0,0,0,0,0,0,0,0,1,0,1,0,0,0
0,port,21,L2_05,6,0,0,0,0,0,0,0,0,1,0,1,0,0,0
0,port,21,L2_05,7,0,0,0,0,0,0,0,0,1,0,1,0,0,0
0,port,21,L2_05,8,0,0,0,0,0,0,0,0,1,0,1,0,0,0
0,port,52,L3_05_00,0,0,0,0,0,0,0,0,0,1,0,1,0,0,0
0,port,52,L3_05_00,1,0,0,0,0,0,0,0,0,1,0,1,0,0,0
0,port,52,L3_05_00,2,0,0,0,0,0,0,0,0,1,0,1,0,0,0
0,port,52,L3_05_00,3,0,0,0,0,0,0,0,0,1,0,1,0,0,0
0,port,52,L3_05_00,4,0,0,0,0,0,0,0,0,1,0,1,0,0,0
0,port,53,L3_05_01,0,0,0,0,0,0,0,0,0,1,0,1,0,0,0
0,port,53,L3_05_01,1,0,0,0,0,0,0,0,0,1,0,1,0,0,0
0,port,53,L3_05_01,2,0,0,0,0,0,0,0,0,1,0,1,0,0,0
0,port,53,L3_05_01,3,0,0,0,0,0,0,0,0,1,0,1,0,0,0
0,port,53,L3_05_01,4,0,0,0,0,0,0,0,0,1,0,1,0,0,0
0,port,54,L3_05_02,0,0,0,0,0,0,0,0,0,1,0,1,0,0,0
0,port,54,L3_05_02,1,0,0,0,0,0,0,0,0,1,0,1,0,0,0
0,port,54,L3_05_02,2,0,0,0,0,0,0,0,0,1,0,1,0,0,0
0,port,54,L3_05_02,3,0,0,0,0,0,0,0,0,1,0,1,0,0,0
0,port,54,L3_05_02,4,0,0,0,0,0,0,0,0,1,0,1,0,0,0
0,port,55,L3_05_03,0,0,0,0,0,0,0,0,0,1,0,1,0,0,0
0,port,55,L3_05_03,1,0,0,0,0,0,0,0,0,1,0,1,0,0,0
0,port,55,L3_05_03,2,0,0,0,0,0,0,0,0,1,0,1,0,0,0
0,port,55,L3_05_03,3,0,0,0,0,0,0,0,0,1,0,1,0,0,0
0,port,55,L3_05_03,4,0,0,0,0,0,0,0,0,1,0,1,0,0,0
0,port,22,L2_06,0,0,0,0,0,0,0,0,0,1,0,1,0,0,0
0,port,22,L2_06,1,0,0,0,0,0,0,0,0,1,0,1,0,0,0
0,port,22,L2_06,2,0,0,0,0,0,0,0,0,1,0,1,0,0,0
0,port,22,L2_06,3,0,0,0,0,0,0,0,0,1,0,1,0,0,0
0,port,22,L2_06,4,0,0,0,0,0,0,0,0,1,0,1,0,0,0
0,port,22,L2_06,5,0,0,0,0,0,0,0,0,1,0,1,0,0,0
0,port,22,L2_06,6,0,0,0,0,0,0,0,0,1,0,1,0,0,0
0,port,22,L2_06,7,0,0,0,0,0,0,0,0,1,0,1,0,0,0
0,port,22,L2_06,8,0,0,0,0,0,0,0,0,1,0,1,0,0,0
0,port,56,L3_06_00,0,0,0,0,0,0,0,0,0,1,0,1,0,0,0
0,port,56,L3_06_00,1,0,0,0,0,0,0,0,0,1,0,1,0,0,0
0,port,56,L3_06_00,2,0,0,0,0,0,0,0,0,1,0,1,0,0,0
0,port,56,L3_06_00,3,0,0,0,0,0,0,0,0,1,0,1,0,0,0
0,port,56,L3_06_00,4,0,0,0,0,0,0,0,0,1,0,1,0,0,0
0,port,57,L3_06_01,0,0,0,0,0,0,0,0,0,1,0,1,0,0,0
0,port,57,L3_06_01,1,0,0,0,0,0,0,0,0,1,0,1,0,0,0
0,port,57,L3_06_01,2,0,0,0,0,0,0,0,0,1,0,1,0,0,0
0,port,57,L3_06_01,3,0,0,0,0,0,0,0,0,1,0,1,0,0,0
0,port,57,L3_06_01,4,0,0,0,0,0,0,0,0,1,0,1,0,0,0
0,port,58,L3_06_02,0,0,0,0,0,0,0,0,0,1,0,1,0,0,0
0,port,58,L3_06_02,1,0,0,0,0,0,0,0,0,1,0,1,0,0,0
0,port,58,L3_06_02,2,0,0,0,0,0,0,0,0,1,0,1,0,0,0
0,port,58,L3_06_02,3,0,0,0,0,0,0,0,0,1,0,1,0,0,0
0,port,58,L3_06_02,4,0,0,0,0,0,0,0,0,1,0,1,0,0,0
0,port,59,L3_06_03,0,0,0,0,0,0,0,0,0,1,0,1,0,0,0
0,port,59,L3_06_03,1,0,0,0,0,0,0,0,0,1,0,1,0,0,0
0,port,59,L3_06_03,2,0,0,0,0,0,0,0,0,1,0,1,0,0,0
0,port,59,L3_06_03,3,0,0,0,0,0,0,0,0,1,0,1,0,0,0
0,port,59,L3_06_03,4,0,0,0,0,0,0,0,0,1,0,1,0,0,0
0,port,23,L2_07,0,0,0,0,0,0,0,0,0,1,0,1,0,0,0
0,port,23,L2_07,1,0,0,0,0,0,0,0,0,1,0,1,0,0,0
0,port,23,L2_07,2,0,0,0,0,0,0,0,0,1,0,1,0,0,0
0,port,23,L2_07,3,0,0,0,0,0,0,0,0,1,0,1,0,0,0
0,port,23,L2_07,4,0,0,0,0,0,0,0,0,1,0,1,0,0,0
0,port,23,L2_07,5,0,0,0,0,0,0,0,0,1,0,1,0,0,0
0,port,23,L2_07,6,0,0,0,0,0,0,0,0,1,0,1,0,0,0
0,port,23,L2_07,7,0,0,0,0,0,0,0,0,1,0,1,0,0,0
0,port,23,L2_07,8,0,0,0,0,0,0,0,0,1,0,1,0,0,0
0,port,60,L3_07_00,0,0,0,0,0,0,0,0,0,1,0,1,0,0,0
0,port,60,L3_07_00,1,0,0,0,0,0,0,0,0,1,0,1,0,0,0
0,port,60,L3_07_00,2,0,0,0,0,0,0,0,0,1,0,1,0,0,0
0,port,60,L3_07_00,3,0,0,0,0,0,0,0,0,1,0,1,0,0,0
0,port,60,L3_07_00,4,0,0,0,0,0,0,0,0,1,0,1,0,0,0
0,port,61,L3_07_01,0,0,0,0,0,0,0,0,0,1,0,1,0,0,0
0,port,61,L3_07_01,1,0,0,0,0,0,0,0,0,1,0,1,0,0,0
0,port,61,L3_07_01,2,0,0,0,0,0,0,0,0,1,0,1,0,0,0
0,port,61,L3_07_01,3,0,0,0,0,0,0,0,0,1,0,1,0,0,0
0,port,61,L3_07_01,4,0,0,0,0,0,0,0,0,1,0,1,0,0,0
0,port,62,L3_07_02,0,0,0,0,0,0,0,0,0,1,0,1,0,0,0
0,port,62,L3_07_02,1,0,0,0,0,0,0,0,0,1,0,1,0,0,0
0,port,62,L3_07_02,2,0,0,0,0,0,0,0,0,1,0,1,0,0,0
0,port,62,L3_07_02,3,0,0,0,0,0,0,0,0,1,0,1,0,0,0
0,port,62,L3_07_02,4,0,0,0,0,0,0,0,0,1,0,1,0,0,0
0,port,63,L3_07_03,0,0,0,0,0,0,0,0,0,1,0,1,0,0,0
0,port,63,L3_07_03,1,0,0,0,0,0,0,0,0,1,0,1,0,0,0
0,port,63,L3_07_03,2,0,0,0,0,0,0,0,0,1,0,1,0,0,0
0,port,63,L3_07_03,3,0,0,0,0,0,0,0,0,1,0,1,0,0,0
0,port,63,L3_07_03,4,0,0,0,0,0,0,0,0,1,0,1,0,0,0
0,port,24,L2_08,0,0,0,0,0,0,0,0,0,1,0,1,0,0,0
0,port,24,L2_08,1,0,0,0,0,0,0,0,0,1,0,1,0,0,0
0,port,24,L2_08,2,0,0,0,0,0,0,0,0,1,0,1,0,0,0
0,port,24,L2_08,3,0,0,0,0,0,0,0,0,1,0,1,0,0,0
0,port,24,L2_08,4,0,0,0,0,0,0,0,0,1,0,1,0,0,0
0,port,24,L2_08,5,0,0,0,0,0,0,0,0,1,0,1,0,0,0
0,port,24,L2_08,6,0,0,0,0,0,0,0,0,1,0,1,0,0,0
0,port,24,L2_08,7,0,0,0,0,0,0,0,0,1,0,1,0,0,0
0,port,24,L2_08,8,0,0,0,0,0,0,0,0,1,0,1,0,0,0
0,port,64,L3_08_00,0,0,0,0,0,0,0,0,0,1,0,1,0,0,0
0,port,64,L3_08_00,1,0,0,0,0,0,0,0,0,1,0,1,0,0,0
0,port,64,L3_08_00,2,0,0,0,0,0,0,0,0,1,0,1,0,0,0
0,port,64,L3_08_00,3,0,0,0,0,0,0,0,0,1,0,1,0,0,0
0,port,64,L3_08_00,4,0,0,0,0,0,0,0,0,1,0,1,0,0,0
0,port,65,L3_08_01,0,0,0,0,0,0,0,0,0,1,0,1,0,0,0
0,port,65,L3_08_01,1,0,0,0,0,0,0,0,0,1,0,1,0,0,0
0,port,65,L3_08_01,2,0,0,0,0,0,0,0,0,1,0,1,0,0,0
0,port,65,L3_08_01,3,0,0,0,0,0,0,0,0,1,0,1,0,0,0
0,port,65,L3_08_01,4,0,0,0,0,0,0,0,0,1,0,1,0,0,0
0,port,66,L3_08_02,0,0,0,0,0,0,0,0,0,1,0,1,0,0,0
0,port,66,L3_08_02,1,0,0,0,0,0,0,0,0,1,0,1,0,0,0
0,port,66,L3_08_02,2,0,0,0,0,0,0,0,0,1,0,1,0,0,0
0,port,66,L3_08_02,3,0,0,0,0,0,0,0,0,1,0,1,0,0,0
0,port,66,L3_08_02,4,0,0,0,0,0,0,0,0,1,0,1,0,0,0
0,port,67,L3_08_03,0,0,0,0,0,0,0,0,0,1,0,1,0,0,0
0,port,67,L3_08_03,1,0,0,0,0,0,0,0,0,1,0,1,0,0,0
0,port,67,L3_08_03,2,0,0,0,0,0,0,0,0,1,0,1,0,0,0
0,port,67,L3_08_03,3,0,0,0,0,0,0,0,0,1,0,1,0,0,0
0,port,67,L3_08_03,4,0,0,0,0,0,0,0,0,1,0,1,0,0,0
0,port,25,L2_09,0,0,0,0,0,0,0,0,0,1,0,1,0,0,0
0,port,25,L2_09,1,0,0,0,0,0,0,0,0,1,0,1,0,0,0
0,port,25,L2_09,2,0,0,0,0,0,0,0,0,1,0,1,0,0,0
0,port,25,L2_09,3,0,0,0,0,0,0,0,0,1,0,1,0,0,0
0,port,25,L2_09,4,0,0,0,0,0,0,0,0,1,0,1,0,0,0
0,port,25,L2_09,5,0,0,0,0,0,0,0,0,1,0,1,0,0,0
0,port,25,L2_09,6,0,0,0,0,0,0,0,0,1,0,1,0,0,0
0,port,25,L2_09,7,0,0,0,0,0,0,0,0,1,0,1,0,0,0
0,port,25,L2_09,8,0,0,0,0,0,0,0,0,1,0,1,0,0,0
0,port,68,L3_09_00,0,0,0,0,0,0,0,0,0,1,0,1,0,0,0
0,port,68,L3_09_00,1,0,0,0,0,0,0,0,0,1,0,1,0,0,0
0,port,68,L3_09_00,2,0,0,0,0,0,0,0,0,1,0,1,0,0,0
0,port,68,L3_09_00,3,0,0,0,0,0,0,0,0,1,0,1,0,0,0
0,port,68,L3_09_00,4,0,0,0,0,0,0,0,0,1,0,1,0,0,0
0,port,69,L3_09_01,0,0,0,0,0,0,0,0,0,1,0,1,0,0,0
0,port,69,L3_09_01,1,0,0,0,0,0,0,0,0,1,0,1,0,0,0
0,port,69,L3_09_01,2,0,0,0,0,0,0,0,0,1,0,1,0,0,0
0,port,69,L3_09_01,3,0,0,0,0,0,0,0,0,1,0,1,0,0,0
0,port,69,L3_09_01,4,0,0,0,0,0,0,0,0,1,0,1,0,0,0
0,port,70,L3_09_02,0,0,0,0,0,0,0,0,0,1,0,1,0,0,0
0,port,70,L3_09_02,1,0,0,0,0,0,0,0,0,1,0,1,0,0,0
0,port,70,L3_09_02,2,0,0,0,0,0,0,0,0,1,0,1,0,0,0
0,port,70,L3_09_02,3,0,0,0,0,0,0,0,0,1,0,1,0,0,0
0,port,70,L3_09_02,4,0,0,0,0,0,0,0,0,1,0,1,0,0,0
0,port,71,L3_09_03,0,0,0,0,0,0,0,0,0,1,0,1,0,0,0
0,port,71,L3_09_03,1,0,0,0,0,0,0,0,0,1,0,1,0,0,0
0,port,71,L3_09_03,2,0,0,0,0,0,0,0,0,1,0,1,0,0,0
0,port,71,L3_09_03,3,0,0,0,0,0,0,0,0,1,0,1,0,0,0
0,port,71,L3_09_03,4,0,0,0,0,0,0,0,0,1,0,1,0,0,0
0,port,26,L2_10,0,0,0,0,0,0,0,0,0,1,0,1,0,0,0
0,port,26,L2_10,1,0,0,0,0,0,0,0,0,1,0,1,0,0,0
0,port,26,L2_10,2,0,0,0,0,0,0,0,0,1,0,1,0,0,0
0,port,26,L2_10,3,0,0,0,0,0,0,0,0,1,0,1,0,0,0
0,port,26,L2_10,4,0,0,0,0,0,0,0,0,1,0,1,0,0,0
0,port,26,L2_10,5,0,0,0,0,0,0,0,0,1,0,1,0,0,0
0,port,26,L2_10,6,0,0,0,0,0,0,0,0,1,0,1,0,0,0
0,port,26,L2_10,7,0,0,0,0,0,0,0,0,1,0,1,0,0,0
0,port,26,L2_10,8,0,0,0,0,0,0,0,0,1,0,1,0,0,0
0,port,72,L3_10_00,0,0,0,0,0,0,0,0,0,1,0,1,0,0,0
0,port,72,L3_10_00,1,0,0,0,0,0,0,0,0,1,0,1,0,0,0
0,port,72,L3_10_00,2,0,0,0,0,0,0,0,0,1,0,1,0,0,0
0,port,72,L3_10_00,3,0,0,0,0,0,0,0,0,1,0,1,0,0,0
0,port,72,L3_10_00,4,0,0,0,0,0,0,0,0,1,0,1,0,0,0
0,port,73,L3_10_01,0,0,0,0,0,0,0,0,0,1,0,1,0,0,0
0,port,73,L3_10_01,1,0,0,0,0,0,0,0,0,1,0,1,0,0,0
0,port,73,L3_10_01,2,0,0,0,0,0,0,0,0,1,0,1,0,0,0
0,port,73,L3_10_01,3,0,0,0,0,0,0,0,0,1,0,1,0,0,0
0,port,73,L3_10_01,4,0,0,0,0,0,0,0,0,1,0,1,0,0,0
0,port,74,L3_10_02,0,0,0,0,0,0,0,0,0,1,0,1,0,0,0
0,port,74,L3_10_02,1,0,0,0,0,0,0,0,0,1,0,1,0,0,0
0,port,74,L3_10_02,2,0,0,0,0,0,0,0,0,1,0,1,0,0,0
0,port,74,L3_10_02,3,0,0,0,0,0,0,0,0,1,0,1,0,0,0
0,port,74,L3_10_02,4,0,0,0,0,0,0,0,0,1,0,1,0,0,0
0,port,75,L3_10_03,0,0,0,0,0,0,0,0,0,1,0,1,0,0,0
0,port,75,L3_10_03,1,0,0,0,0,0,0,0,0,1,0,1,0,0,0
0,port,75,L3_10_03,2,0,0,0,0,0,0,0,0,1,0,1,0,0,0
0,port,75,L3_10_03,3,0,0,0,0,0,0,0,0,1,0,1,0,0,0
0,port,75,L3_10_03,4,0,0,0,0,0,0,0,0,1,0,1,0,0,0
0,port,27,L2_11,0,0,0,0,0,0,0,0,0,1,0,1,0,0,0
0,port,27,L2_11,1,0,0,0,0,0,0,0,0,1,0,1,0,0,0
0,port,27,L2_11,2,0,0,0,0,0,0,0,0,1,0,1,0,0,0
0,port,27,L2_11,3,0,0,0,0,0,0,0,0,1,0,1,0,0,0
0,port,27,L2_11,4,0,0,0,0,0,0,0,0,1,0,1,0,0,0
0,port,27,L2_11,5,0,0,0,0,0,0,0,0,1,0,1,0,0,0
0,port,27,L2_11,6,0,0,0,0,0,0,0,0,1,0,1,0,0,0
0,port,27,L2_11,7,0,0,0,0,0,0,0,0,1,0,1,0,0,0
0,port,27,L2_11,8,0,0,0,0,0,0,0,0,1,0,1,0,0,0
0,port,76,L3_11_00,0,0,0,0,0,0,0,0,0,1,0,1,0,0,0
0,port,76,L3_11_00,1,0,0,0,0,0,0,0,0,1,0,1,0,0,0
0,port,76,L3_11_00,2,0,0,0,0,0,0,0,0,1,0,1,0,0,0
0,port,76,L3_11_00,3,0,0,0,0,0,0,0,0,1,0,1,0,0,0
0,port,76,L3_11_00,4,0,0,0,0,0,0,0,0,1,0,1,0,0,0
0,port,77,L3_11_01,0,0,0,0,0,0,0,0,0,1,0,1,0,0,0
0,port,77,L3_11_01,1,0,0,0,0,0,0,0,0,1,0,1,0,0,0
0,port,77,L3_11_01,2,0,0,0,0,0,0,0,0,1,0,1,0,0,0
0,port,77,L3_11_01,3,0,0,0,0,0,0,0,0,1,0,1,0,0,0
0,port,77,L3_11_01,4,0,0,0,0,0,0,0,0,1,0,1,0,0,0
0,port,78,L3_11_02,0,0,0,0,0,0,0,0,0,1,0,1,0,0,0
0,port,78,L3_11_02,1,0,0,0,0,0,0,0,0,1,0,1,0,0,0
0,port,78,L3_11_02,2,0,0,0,0,0,0,0,0,1,0,1,0,0,0
0,port,78,L3_11_02,3,0,0,0,0,0,0,0,0,1,0,1,0,0,0
0,port,78,L3_11_02,4,0,0,0,0,0,0,0,0,1,0,1,0,0,0
0,port,79,L3_11_03,0,0,0,0,0,0,0,0,0,1,0,1,0,0,0
0,port,79,L3_11_03,1,0,0,0,0,0,0,0,0,1,0,1,0,0,0
0,port,79,L3_11_03,2,0,0,0,0,0,0,0,0,1,0,1,0,0,0
0,port,79,L3_11_03,3,0,0,0,0,0,0,0,0,1,0,1,0,0,0
0,port,79,L3_11_03,4,0,0,0,0,0,0,0,0,1,0,1,0,0,0
0,port,28,L2_12,0,0,0,0,0,0,0,0,0,1,0,1,0,0,0
0,port,28,L2_12,1,0,0,0,0,0,0,0,0,1,0,1,0,0,0
0,port,28,L2_12,2,0,0,0,0,0,0,0,0,1,0,1,0,0,0
0,port,28,L2_12,3,0,0,0,0,0,0,0,0,1,0,1,0,0,0
0,port,28,L2_12,4,0,0,0,0,0,0,0,0,1,0,1,0,0,0
0,port,28,L2_12,5,0,0,0,0,0,0,0,0,1,0,1,0,0,0
0,port,28,L2_12,6,0,0,0,0,0,0,0,0,1,0,1,0,0,0
0,port,28,L2_12,7,0,0,0,0,0,0,0,0,1,0,1,0,0,0
0,port,28,L2_12,8,0,0,0,0,0,0,0,0,1,0,1,0,0,0
0,port,80,L3_12_00,0,0,0,0,0,0,0,0,0,1,0,1,0,0,0
0,port,80,L3_12_00,1,0,0,0,0,0,0,0,0,1,0,1,0,0,0
0,port,80,L3_12_00,2,0,0,0,0,0,0,0,0,1,0,1,0,0,0
0,port,80,L3_12_00,3,0,0,0,0,0,0,0,0,1,0,1,0,0,0
0,port,80,L3_12_00,4,0,0,0,0,0,0,0,0,1,0,1,0,0,0
0,port,81,L3_12_01,0,0,0,0,0,0,0,0,0,1,0,1,0,0,0
0,port,81,L3_12_01,1,0,0,0,0,0,0,0,0,1,0,1,0,0,0
0,port,81,L3_12_01,2,0,0,0,0,0,0,0,0,1,0,1,0,0,0
0,port,81,L3_12_01,3,0,0,0,0,0,0,0,0,1,0,1,0,0,0
0,port,81,L3_12_01,4,0,0,0,0,0,0,0,0,1,0,1,0,0,0
0,port,82,L3_12_02,0,0,0,0,0,0,0,0,0,1,0,1,0,0,0
0,port,82,L3_12_02,1,0,0,0,0,0,0,0,0,1,0,1,0,0,0
0,port,82,L3_12_02,2,0,0,0,0,0,0,0,0,1,0,1,0,0,0
0,port,82,L3_12_02,3,0,0,0,0,0,0,0,0,1,0,1,0,0,0
0,port,82,L3_12_02,4,0,0,0,0,0,0,0,0,1,0,1,0,0,0
0,port,83,L3_12_03,0,0,0,0,0,0,0,0,0,1,0,1,0,0,0
0,port,83,L3_12_03,1,0,0,0,0,0,0,0,0,1,0,1,0,0,0
0,port,83,L3_12_03,2,0,0,0,0,0,0,0,0,1,0,1,0,0,0
0,port,83,L3_12_03,3,0,0,0,0,0,0,0,0,1,0,1,0,0,0
0,port,83,L3_12_03,4,0,0,0,0,0,0,0,0,1,0,1,0,0,0
0,port,29,L2_13,0,0,0,0,0,0,0,0,0,1,0,1,0,0,0
0,port,29,L2_13,1,0,0,0,0,0,0,0,0,1,0,1,0,0,0
0,port,29,L2_13,2,0,0,0,0,0,0,0,0,1,0,1,0,0,0
0,port,29,L2_13,3,0,0,0,0,0,0,0,0,1,0,1,0,0,0
0,port,29,L2_13,4,0,0,0,0,0,0,0,0,1,0,1,0,0,0
0,port,29,L2_13,5,0,0,0,0,0,0,0,0,1,0,1,0,0,0
0,port,29,L2_13,6,0,0,0,0,0,0,0,0,1,0,1,0,0,0
0,port,29,L2_13,7,0,0,0,0,0,0,0,0,1,0,1,0,0,0
0,port,29,L2_13,8,0,0,0,0,0,0,0,0,1,0,1,0,0,0
0,port,84,L3_13_00,0,0,0,0,0,0,0,0,0,1,0,1,0,0,0
0,port,84,L3_13_00,1,0,0,0,0,0,0,0,0,1,0,1,0,0,0
0,port,84,L3_13_00,2,0,0,0,0,0,0,0,0,1,0,1,0,0,0
0,port,84,L3_13_00,3,0,0,0,0,0,0,0,0,1,0,1,0,0,0
0,port,84,L3_13_00,4,0,0,0,0,0,0,0,0,1,0,1,0,0,0
0,port,85,L3_13_01,0,0,0,0,0,0,0,0,0,1,0,1,0,0,0
0,port,85,L3_13_01,1,0,0,0,0,0,0,0,0,1,0,1,0,0,0
0,port,85,L3_13_01,2,0,0,0,0,0,0,0,0,1,0,1,0,0,0
0,port,85,L3_13_01,3,0,0,0,0,0,0,0,0,1,0,1,0,0,0
0,port,85,L3_13_01,4,0,0,0,0,0,0,0,0,1,0,1,0,0,0
0,port,86,L3_13_02,0,0,0,0,0,0,0,0,0,1,0,1,0,0,0
0,port,86,L3_13_02,1,0,0,0,0,0,0,0,0,1,0,1,0,0,0
0,port,86,L3_13_02,2,0,0,0,0,0,0,0,0,1,0,1,0,0,0
0,port,86,L3_13_02,3,0,0,0,0,0,0,0,0,1,0,1,0,0,0
0,port,86,L3_13_02,4,0,0,0,0,0,0,0,0,1,0,1,0,0,0
0,port,87,L3_13_03,0,0,0,0,0,0,0,0,0,1,0,1,0,0,0
0,port,87,L3_13_03,1,0,0,0,0,0,0,0,0,1,0,1,0,0,0
0,port,87,L3_13_03,2,0,0,0,0,0,0,0,0,1,0,1,0,0,0
0,port,87,L3_13_03,3,0,0,0,0,0,0,0,0,1,0,1,0,0,0
0,port,87,L3_13_03,4,0,0,0,0,0,0,0,0,1,0,1,0,0,0
0,port,30,L2_14,0,0,0,0,0,0,0,0,0,1,0,1,0,0,0
0,port,30,L2_14,1,0,0,0,0,0,0,0,0,1,0,1,0,0,0
0,port,30,L2_14,2,0,0,0,0,0,0,0,0,1,0,1,0,0,0
0,port,30,L2_14,3,0,0,0,0,0,0,0,0,1,0,1,0,0,0
0,port,30,L2_14,4,0,0,0,0,0,0,0,0,1,0,1,0,0,0
0,port,30,L2_14,5,0,0,0,0,0,0,0,0,1,0,1,0,0,0
0,port,30,L2_14,6,0,0,0,0,0,0,0,0,1,0,1,0,0,0
0,port,30,L2_14,7,0,0,0,0,0,0,0,0,1,0,1,0,0,0
0,port,30,L2_14,8,0,0,0,0,0,0,0,0,1,0,1,0,0,0
0,port,88,L3_14_00,0,0,0,0,0,0,0,0,0,1,0,1,0,0,0
0,port,88,L3_14_00,1,0,0,0,0,0,0,0,0,1,0,1,0,0,0
0,port,88,L3_14_00,2,0,0,0,0,0,0,0,0,1,0,1,0,0,0
0,port,88,L3_14_00,3,0,0,0,0,0,0,0,0,1,0,1,0,0,0
0,port,88,L3_14_00,4,0,0,0,0,0,0,0,0,1,0,1,0,0,0
0,port,89,L3_14_01,0,0,0,0,0,0,0,0,0,1,0,1,0,0,0
0,port,89,L3_14_01,1,0,0,0,0,0,0,0,0,1,0,1,0,0,0
0,port,89,L3_14_01,2,0,0,0,0,0,0,0,0,1,0,1,0,0,0
0,port,89,L3_14_01,3,0,0,0,0,0,0,0,0,1,0,1,0,0,0
0,port,89,L3_14_01,4,0,0,0,0,0,0,0,0,1,0,1,0,0,0
0,port,90,L3_14_02,0,0,0,0,0,0,0,0,0,1,0,1,0,0,0
0,port,90,L3_14_02,1,0,0,0,0,0,0,0,0,1,0,1,0,0,0
0,port,90,L3_14_02,2,0,0,0,0,0,0,0,0,1,0,1,0,0,0
0,port,90,L3_14_02,3,0,0,0,0,0,0,0,0,1,0,1,0,0,0
0,port,90,L3_14_02,4,0,0,0,0,0,0,0,0,1,0,1,0,0,0
0,port,91,L3_14_03,0,0,0,0,0,0,0,0,0,1,0,1,0,0,0
0,port,91,L3_14_03,1,0,0,0,0,0,0,0,0,1,0,1,0,0,0
0,port,91,L3_14_03,2,0,0,0,0,0,0,0,0,1,0,1,0,0,0
0,port,91,L3_14_03,3,0,0,0,0,0,0,0,0,1,0,1,0,0,0
0,port,91,L3_14_03,4,0,0,0,0,0,0,0,0,1,0,1,0,0,0
0,port,31,L2_15,0,0,0,0,0,0,0,0,0,1,0,1,0,0,0
0,port,31,L2_15,1,0,0,0,0,0,0,0,0,1,0,1,0,0,0
0,port,31,L2_15,2,0,0,0,0,0,0,0,0,1,0,1,0,0,0
0,port,31,L2_15,3,0,0,0,0,0,0,0,0,1,0,1,0,0,0
0,port,31,L2_15,4,0,0,0,0,0,0,0,0,1,0,1,0,0,0
0,port,31,L2_15,5,0,0,0,0,0,0,0,0,1,0,1,0,0,0
0,port,31,L2_15,6,0,0,0,0,0,0,0,0,1,0,1,0,0,0
0,port,31,L2_15,7,0,0,0,0,0,0,0,0,1,0,1,0,0,0
0,port,31,L2_15,8,0,0,0,0,0,0,0,0,1,0,1,0,0,0
0,port,92,L3_15_00,0,0,0,0,0,0,0,0,0,1,0,1,0,0,0
0,port,92,L3_15_00,1,0,0,0,0,0,0,0,0,1,0,1,0,0,0
0,port,92,L3_15_00,2,0,0,0,0,0,0,0,0,1,0,1,0,0,0
0,port,92,L3_15_00,3,0,0,0,0,0,0,0,0,1,0,1,0,0,0
0,port,92,L3_15_00,4,0,0,0,0,0,0,0,0,1,0,1,0,0,0
0,port,93,L3_15_01,0,0,0,0,0,0,0,0,0,1,0,1,0,0,0
0,port,93,L3_15_01,1,0,0,0,0,0,0,0,0,1,0,1,0,0,0
0,port,93,L3_15_01,2,0,0,0,0,0,0,0,0,1,0,1,0,0,0
0,port,93,L3_15_01,3,0,0,0,0,0,0,0,0,1,0,1,0,0,0
0,port,93,L3_15_01,4,0,0,0,0,0,0,0,0,1,0,1,0,0,0
0,port,94,L3_15_02,0,0,0,0,0,0,0,0,0,1,0,1,0,0,0
0,port,94,L3_15_02,1,0,0,0,0,0,0,0,0,1,0,1,0,0,0
0,port,94,L3_15_02,2,0,0,0,0,0,0,0,0,1,0,1,0,0,0
0,port,94,L3_15_02,3,0,0,0,0,0,0,0,0,1,0,1,0,0,0
0,port,94,L3_15_02,4,0,0,0,0,0,0,0,0,1,0,1,0,0,0
0,port,95,L3_15_03,0,0,0,0,0,0,0,0,0,1,0,1,0,0,0
0,port,95,L3_15_03,1,0,0,0,0,0,0,0,0,1,0,1,0,0,0
0,port,95,L3_15_03,2,0,0,0,0,0,0,0,0,1,0,1,0,0,0
0,port,95,L3_15_03,3,0,0,0,0,0,0,0,0,1,0,1,0,0,0
0,port,95,L3_15_03,4,0,0,0,0,0,0,0,0,1,0,1,0,0,0
0,port,0,L1_00,0,0,0,0,0,0,0,0,0,1,0,1,0,0,0
0,port,0,L1_00,1,0,0,0,0,0,0,0,0,1,0,1,0,0,0
0,port,0,L1_00,2,0,0,0,0,0,0,0,0,1,0,1,0,0,0
0,port,0,L1_00,3,0,0,0,0,0,0,0,0,1,0,1,0,0,0
0,port,0,L1_00,4,0,0,0,0,0,0,0,0,1,0,1,0,0,0
0,port,0,L1_00,5,0,0,0,0,0,0,0,0,1,0,1,0,0,0
0,port,0,L1_00,6,0,0,0,0,0,0,0,0,1,0,1,0,0,0
0,port,0,L1_00,7,0,0,0,0,0,0,0,0,1,0,1,0,0,0
0,port,1,L1_01,0,0,0,0,0,0,0,0,0,1,0,1,0,0,0
0,port,1,L1_01,1,0,0,0,0,0,0,0,0,1,0,1,0,0,0
0,port,1,L1_01,2,0,0,0,0,0,0,0,0,1,0,1,0,0,0
0,port,1,L1_01,3,0,0,0,0,0,0,0,0,1,0,1,0,0,0
0,port,1,L1_01,4,0,0,0,0,0,0,0,0,1,0,1,0,0,0
0,port,1,L1_01,5,0,0,0,0,0,0,0,0,1,0,1,0,0,0
0,port,1,L1_01,6,0,0,0,0,0,0,0,0,1,0,1,0,0,0
0,port,1,L1_01,7,0,0,0,0,0,0,0,0,1,0,1,0,0,0
0,port,2,L1_02,0,0,0,0,0,0,0,0,0,1,0,1,0,0,0
0,port,2,L1_02,1,0,0,0,0,0,0,0,0,1,0,1,0,0,0
0,port,2,L1_02,2,0,0,0,0,0,0,0,0,1,0,1,0,0,0
0,port,2,L1_02,3,0,0,0,0,0,0,0,0,1,0,1,0,0,0
0,port,2,L1_02,4,0,0,0,0,0,0,0,0,1,0,1,0,0,0
0,port,2,L1_02,5,0,0,0,0,0,0,0,0,1,0,1,0,0,0
0,port,2,L1_02,6,0,0,0,0,0,0,0,0,1,0,1,0,0,0
0,port,2,L1_02,7,0,0,0,0,0,0,0,0,1,0,1,0,0,0
0,port,3,L1_03,0,0,0,0,0,0,0,0,0,1,0,1,0,0,0
0,port,3,L1_03,1,0,0,0,0,0,0,0,0,1,0,1,0,0,0
0,port,3,L1_03,2,0,0,0,0,0,0,0,0,1,0,1,0,0,0
0,port,3,L1_03,3,0,0,0,0,0,0,0,0,1,0,1,0,0,0
0,port,3,L1_03,4,0,0,0,0,0,0,0,0,1,0,1,0,0,0
0,port,3,L1_03,5,0,0,0,0,0,0,0,0,1,0,1,0,0,0
0,port,3,L1_03,6,0,0,0,0,0,0,0,0,1,0,1,0,0,0
0,port,3,L1_03,7,0,0,0,0,0,0,0,0,1,0,1,0,0,0
0,port,4,L1_04,0,0,0,0,0,0,0,0,0,1,0,1,0,0,0
0,port,4,L1_04,1,0,0,0,0,0,0,0,0,1,0,1,0,0,0
0,port,4,L1_04,2,0,0,0,0,0,0,0,0,1,0,1,0,0,0
0,port,4,L1_04,3,0,0,0,0,0,0,0,0,1,0,1,0,0,0
0,port,4,L1_04,4,0,0,0,0,0,0,0,0,1,0,1,0,0,0
0,port,4,L1_04,5,0,0,0,0,0,0,0,0,1,0,1,0,0,0
0,port,4,L1_04,6,0,0,0,0,0,0,0,0,1,0,1,0,0,0
0,port,4,L1_04,7,0,0,0,0,0,0,0,0,1,0,1,0,0,0
0,port,5,L1_05,0,0,0,0,0,0,0,0,0,1,0,1,0,0,0
0,port,5,L1_05,1,0,0,0,0,0,0,0,0,1,0,1,0,0,0
0,port,5,L1_05,2,0,0,0,0,0,0,0,0,1,0,1,0,0,0
0,port,5,L1_05,3,0,0,0,0,0,0,0,0,1,0,1,0,0,0
0,port,5,L1_05,4,0,0,0,0,0,0,0,0,1,0,1,0,0,0
0,port,5,L1_05,5,0,0,0,0,0,0,0,0,1,0,1,0,0,0
0,port,5,L1_05,6,0,0,0,0,0,0,0,0,1,0,1,0,0,0
0,port,5,L1_05,7,0,0,0,0,0,0,0,0,1,0,1,0,0,0
0,port,6,L1_06,0,0,0,0,0,0,0,0,0,1,0,1,0,0,0
0,port,6,L1_06,1,0,0,0,0,0,0,0,0,1,0,1,0,0,0
0,port,6,L1_06,2,0,0,0,0,0,0,0,0,1,0,1,0,0,0
0,port,6,L1_06,3,0,0,0,0,0,0,0,0,1,0,1,0,0,0
0,port,6,L1_06,4,0,0,0,0,0,0,0,0,1,0,1,0,0,0
0,port,6,L1_06,5,0,0,0,0,0,0,0,0,1,0,1,0,0,0
0,port,6,L1_06,6,0,0,0,0,0,0,0,0,1,0,1,0,0,0
0,port,6,L1_06,7,0,0,0,0,0,0,0,0,1,0,1,0,0,0
0,port,7,L1_07,0,0,0,0,0,0,0,0,0,1,0,1,0,0,0
0,port,7,L1_07,1,0,0,0,0,0,0,0,0,1,0,1,0,0,0
0,port,7,L1_07,2,0,0,0,0,0,0,0,0,1,0,1,0,0,0
0,port,7,L1_07,3,0,0,0,0,0,0,0,0,1,0,1,0,0,0
0,port,7,L1_07,4,0,0,0,0,0,0,0,0,1,0,1,0,0,0
0,port,7,L1_07,5,0,0,0,0,0,0,0,0,1,0,1,0,0,0
0,port,7,L1_07,6,0,0,0,0,0,0,0,0,1,0,1,0,0,0
0,port,7,L1_07,7,0,0,0,0,0,0,0,0,1,0,1,0,0,0
0,port,8,L1_08,0,0,0,0,0,0,0,0,0,1,0,1,0,0,0
0,port,8,L1_08,1,0,0,0,0,0,0,0,0,1,0,1,0,0,0
0,port,8,L1_08,2,0,0,0,0,0,0,0,0,1,0,1,0,0,0
0,port,8,L1_08,3,0,0,0,0,0,0,0,0,1,0,1,0,0,0
0,port,8,L1_08,4,0,0,0,0,0,0,0,0,1,0,1,0,0,0
0,port,8,L1_08,5,0,0,0,0,0,0,0,0,1,0,1,0,0,0
0,port,8,L1_08,6,0,0,0,0,0,0,0,0,1,0,1,0,0,0
0,port,8,L1_08,7,0,0,0,0,0,0,0,0,1,0,1,0,0,0
0,port,9,L1_09,0,0,0,0,0,0,0,0,0,1,0,1,0,0,0
0,port,9,L1_09,1,0,0,0,0,0,0,0,0,1,0,1,0,0,0
0,port,9,L1_09,2,0,0,0,0,0,0,0,0,1,0,1,0,0,0
0,port,9,L1_09,3,0,0,0,0,0,0,0,0,1,0,1,0,0,0
0,port,9,L1_09,4,0,0,0,0,0,0,0,0,1,0,1,0,0,0
0,port,9,L1_09,5,0,0,0,0,0,0,0,0,1,0,1,0,0,0
0,port,9,L1_09,6,0,0,0,0,0,0,0,0,1,0,1,0,0,0
0,port,9,L1_09,7,0,0,0,0,0,0,0,0,1,0,1,0,0,0
0,port,10,L1_10,0,0,0,0,0,0,0,0,0,1,0,1,0,0,0
0,port,10,L1_10,1,0,0,0,0,0,0,0,0,1,0,1,0,0,0
0,port,10,L1_10,2,0,0,0,0,0,0,0,0,1,0,1,0,0,0
0,port,10,L1_10,3,0,0,0,0,0,0,0,0,1,0,1,0,0,0
0,port,10,L1_10,4,0,0,0,0,0,0,0,0,1,0,1,0,0,0
0,port,10,L1_10,5,0,0,0,0,0,0,0,0,1,0,1,0,0,0
0,port,10,L1_10,6,0,0,0,0,0,0,0,0,1,0,1,0,0,0
0,port,10,L1_10,7,0,0,0,0,0,0,0,0,1,0,1,0,0,0
0,port,11,L1_11,0,0,0,0,0,0,0,0,0,1,0,1,0,0,0
0,port,11,L1_11,1,0,0,0,0,0,0,0,0,1,0,1,0,0,0
0,port,11,L1_11,2,0,0,0,0,0,0,0,0,1,0,1,0,0,0
0,port,11,L1_11,3,0,0,0,0,0,0,0,0,1,0,1,0,0,0
0,port,11,L1_11,4,0,0,0,0,0,0,0,0,1,0,1,0,0,0
0,port,11,L1_11,5,0,0,0,0,0,0,0,0,1,0,1,0,0,0
0,port,11,L1_11,6,0,0,0,0,0,0,0,0,1,0,1,0,0,0
0,port,11,L1_11,7,0,0,0,0,0,0,0,0,1,0,1,0,0,0
0,port,12,L1_12,0,0,0,0,0,0,0,0,0,1,0,1,0,0,0
0,port,12,L1_12,1,0,0,0,0,0,0,0,0,1,0,1,0,0,0
0,port,12,L1_12,2,0,0,0,0,0,0,0,0,1,0,1,0,0,0
0,port,12,L1_12,3,0,0,0,0,0,0,0,0,1,0,1,0,0,0
0,port,12,L1_12,4,0,0,0,0,0,0,0,0,1,0,1,0,0,0
0,port,12,L1_12,5,0,0,0,0,0,0,0,0,1,0,1,0,0,0
0,port,12,L1_12,6,0,0,0,0,0,0,0,0,1,0,1,0,0,0
0,port,12,L1_12,7,0,0,0,0,0,0,0,0,1,0,1,0,0,0
0,port,13,L1_13,0,0,0,0,0,0,0,0,0,1,0,1,0,0,0
0,port,13,L1_13,1,0,0,0,0,0,0,0,0,1,0,1,0,0,0
0,port,13,L1_13,2,0,0,0,0,0,0,0,0,1,0,1,0,0,0
0,port,13,L1_13,3,0,0,0,0,0,0,0,0,1,0,1,0,0,0
0,port,13,L1_13,4,0,0,0,0,0,0,0,0,1,0,1,0,0,0
0,port,13,L1_13,5,0,0,0,0,0,0,0,0,1,0,1,0,0,0
0,port,13,L1_13,6,0,0,0,0,0,0,0,0,1,0,1,0,0,0
0,port,13,L1_13,7,0,0,0,0,0,0,0,0,1,0,1,0,0,0
0,port,14,L1_14,0,0,0,0,0,0,0,0,0,1,0,1,0,0,0
0,port,14,L1_14,1,0,0,0,0,0,0,0,0,1,0,1,0,0,0
0,port,14,L1_14,2,0,0,0,0,0,0,0,0,1,0,1,0,0,0
0,port,14,L1_14,3,0,0,0,0,0,0,0,0,1,0,1,0,0,0
0,port,14,L1_14,4,0,0,0,0,0,0,0,0,1,0,1,0,0,0
0,port,14,L1_14,5,0,0,0,0,0,0,0,0,1,0,1,0,0,0
0,port,14,L1_14,6,0,0,0,0,0,0,0,0,1,0,1,0,0,0
0,port,14,L1_14,7,0,0,0,0,0,0,0,0,1,0,1,0,0,0
0,port,15,L1_15,0,0,0,0,0,0,0,0,0,1,0,1,0,0,0
0,port,15,L1_15,1,0,0,0,0,0,0,0,0,1,0,1,0,0,0
0,port,15,L1_15,2,0,0,0,0,0,0,0,0,1,0,1,0,0,0
0,port,15,L1_15,3,0,0,0,0,0,0,0,0,1,0,1,0,0,0
0,port,15,L1_15,4,0,0,0,0,0,0,0,0,1,0,1,0,0,0
0,port,15,L1_15,5,0,0,0,0,0,0,0,0,1,0,1,0,0,0
0,port,15,L1_15,6,0,0,0,0,0,0,0,0,1,0,1,0,0,0
0,port,15,L1_15,7,0,0,0,0,0,0,0,0,1,0,1,0,0,0
100,router,16,L2_00,-1,42,42,36,0,0,0,0,0,0,0,0,0,5.5,5.5
100,shim,96,SHIM_00_00,-1,16,16,2,0,0,0,0,0,0,0,0,0,7,7
100,router,32,L3_00_00,-1,31,31,3,0,0,0,0,0,0,0,0,0,4.9,4.9
100,shim,97,SHIM_00_01,-1,26,26,0,0,0,0,0,0,0,0,0,0,4,4
100,router,33,L3_00_01,-1,41,41,5,0,0,0,0,0,0,0,0,0,5.5,5.5
100,shim,98,SHIM_00_02,-1,37,37,1,0,0,0,0,0,0,0,0,0,5.5,5.5
100,router,34,L3_00_02,-1,39,39,4,0,0,0,0,0,0,0,0,0,5.2,5.2
100,shim,99,SHIM_00_03,-1,47,47,1,0,0,0,0,0,0,0,0,0,5.5,5.5
100,router,35,L3_00_03,-1,49,49,6,0,0,0,0,0,0,0,0,0,5.8,5.8
100,router,17,L2_01,-1,52,52,49,0,0,0,0,0,0,0,0,0,6.04,6.04
100,shim,100,SHIM_01_00,-1,45,45,1,0,0,0,0,0,0,0,0,0,5.5,5.5
100,router,36,L3_01_00,-1,18,18,8,0,0,0,0,0,0,0,0,0,6.4,6.4
100,shim,101,SHIM_01_01,-1,13,13,1,0,0,0,0,0,0,0,0,0,5.5,5.5
100,router,37,L3_01_01,-1,28,28,2,0,0,0,0,0,0,0,0,0,4.6,4.6
100,shim,102,SHIM_01_02,-1,23,23,2,0,0,0,0,0,0,0,0,0,7,7
100,router,38,L3_01_02,-1,26,26,2,0,0,0,0,0,0,0,0,0,4.6,4.6
100,shim,103,SHIM_01_03,-1,34,34,1,0,0,0,0,0,0,0,0,0,5.5,5.5
100,router,39,L3_01_03,-1,36,36,4,0,0,0,0,0,0,0,0,0,5.2,5.2
100,router,18,L2_02,-1,20,20,63,0,0,0,0,0,0,0,0,0,6.63,6.63
100,shim,104,SHIM_02_00,-1,31,31,1,0,0,0,0,0,0,0,0,0,5.5,5.5
100,router,40,L3_02_00,-1,46,46,6,0,0,0,0,0,0,0,0,0,5.8,5.8
100,shim,105,SHIM_02_01,-1,42,42,1,0,0,0,0,0,0,0,0,0,5.5,5.5
100,router,41,L3_02_01,-1,15,15,8,0,0,0,0,0,0,0,0,0,6.4,6.4
100,shim,106,SHIM_02_02,-1,52,52,1,0,0,0,0,0,0,0,0,0,5.5,5.5
100,router,42,L3_02_02,-1,12,12,7,0,0,0,0,0,0,0,0,0,6.1,6.1
100,shim,107,SHIM_02_03,-1,20,20,2,0,0,0,0,0,0,0,0,0,7,7
100,router,43,L3_02_03,-1,23,23,9,0,0,0,0,0,0,0,0,0,6.7,6.7
100,router,19,L2_03,-1,18,18,60,0,0,0,0,0,0,0,0,0,6.5,6.5
100,shim,108,SHIM_03_00,-1,18,18,2,0,0,0,0,0,0,0,0,0,7,7
100,router,44,L3_03_00,-1,33,33,3,0,0,0,0,0,0,0,0,0,4.9,4.9
100,shim,109,SHIM_03_01,-1,29,29,0,0,0,0,0,0,0,0,0,0,4,4
100,router,45,L3_03_01,-1,43,43,5,0,0,0,0,0,0,0,0,0,5.5,5.5
100,shim,110,SHIM_03_02,-1,39,39,1,0,0,0,0,0,0,0,0,0,5.5,5.5
100,router,46,L3_03_02,-1,41,41,5,0,0,0,0,0,0,0,0,0,5.5,5.5
100,shim,111,SHIM_03_03,-1,49,49,1,0,0,0,0,0,0,0,0,0,5.5,5.5
100,router,47,L3_03_03,-1,51,51,7,0,0,0,0,0,0,0,0,0,6.1,6.1
100,router,20,L2_04,-1,29,29,18,0,0,0,0,0,0,0,0,0,4.75,4.75
100,shim,112,SHIM_04_00,-1,47,47,1,0,0,0,0,0,0,0,0,0,5.5,5.5
100,router,48,L3_04_00,-1,20,20,9,0,0,0,0,0,0,0,0,0,6.7,6.7
100,shim,113,SHIM_04_01,-1,15,15,2,0,0,0,0,0,0,0,0,0,7,7
100,router,49,L3_04_01,-1,30,30,3,0,0,0,0,0,0,0,0,0,4.9,4.9
100,shim,114,SHIM_04_02,-1,26,26,0,0,0,0,0,0,0,0,0,0,4,4
100,router,50,L3_04_02,-1,28,28,2,0,0,0,0,0,0,0,0,0,4.6,4.6
100,shim,115,SHIM_04_03,-1,36,36,1,0,0,0,0,0,0,0,0,0,5.5,5.5
100,router,51,L3_04_03,-1,38,38,4,0,0,0,0,0,0,0,0,0,5.2,5.2
100,router,21,L2_05,-1,39,39,32,0,0,0,0,0,0,0,0,0,5.33,5.33
100,shim,116,SHIM_05_00,-1,34,34,1,0,0,0,0,0,0,0,0,0,5.5,5.5
100,router,52,L3_05_00,-1,48,48,6,0,0,0,0,0,0,0,0,0,5.8,5.8
100,shim,117,SHIM_05_01,-1,44,44,1,0,0,0,0,0,0,0,0,0,5.5,5.5
100,router,53,L3_05_01,-1,17,17,8,0,0,0,0,0,0,0,0,0,6.4,6.4
100,shim,118,SHIM_05_02,-1,12,12,1,0,0,0,0,0,0,0,0,0,5.5,5.5
100,router,54,L3_05_02,-1,15,15,8,0,0,0,0,0,0,0,0,0,6.4,6.4
100,shim,119,SHIM_05_03,-1,23,23,2,0,0,0,0,0,0,0,0,0,7,7
100,router,55,L3_05_03,-1,25,25,10,0,0,0,0,0,0,0,0,0,7,7
100,router,22,L2_06,-1,37,37,29,0,0,0,0,0,0,0,0,0,5.21,5.21
100,shim,120,SHIM_06_00,-1,20,20,2,0,0,0,0,0,0,0,0,0,7,7
100,router,56,L3_06_00,-1,35,35,4,0,0,0,0,0,0,0,0,0,5.2,5.2
100,shim,121,SHIM_06_01,-1,31,31,1,0,0,0,0,0,0,0,0,0,5.5,5.5
100,router,57,L3_06_01,-1,33,33,3,0,0,0,0,0,0,0,0,0,4.9,4.9
100,shim,122,SHIM_06_02,-1,41,41,1,0,0,0,0,0,0,0,0,0,5.5,5.5
100,router,58,L3_06_02,-1,43,43,5,0,0,0,0,0,0,0,0,0,5.5,5.5
100,shim,123,SHIM_06_03,-1,51,51,1,0,0,0,0,0,0,0,0,0,5.5,5.5
100,router,59,L3_06_03,-1,54,54,7,0,0,0,0,0,0,0,0,0,6.1,6.1
100,router,23,L2_07,-1,47,47,42,0,0,0,0,0,0,0,0,0,5.75,5.75
100,shim,124,SHIM_07_00,-1,49,49,1,0,0,0,0,0,0,0,0,0,5.5,5.5
100,router,60,L3_07_00,-1,22,22,9,0,0,0,0,0,0,0,0,0,6.7,6.7
100,shim,125,SHIM_07_01,-1,17,17,2,0,0,0,0,0,0,0,0,0,7,7
100,router,61,L3_07_01,-1,20,20,9,0,0,0,0,0,0,0,0,0,6.7,6.7
100,shim,126,SHIM_07_02,-1,28,28,0,0,0,0,0,0,0,0,0,0,4,4
100,router,62,L3_07_02,-1,30,30,3,0,0,0,0,0,0,0,0,0,4.9,4.9
100,shim,127,SHIM_07_03,-1,38,38,1,0,0,0,0,0,0,0,0,0,5.5,5.5
100,router,63,L3_07_03,-1,40,40,5,0,0,0,0,0,0,0,0,0,5.5,5.5
100,router,24,L2_08,-1,15,15,56,0,0,0,0,0,0,0,0,0,6.33,6.33
100,shim,128,SHIM_08_00,-1,36,36,1,0,0,0,0,0,0,0,0,0,5.5,5.5
100,router,64,L3_08_00,-1,51,51,7,0,0,0,0,0,0,0,0,0,6.1,6.1
100,shim,129,SHIM_08_01,-1,46,46,1,0,0,0,0,0,0,0,0,0,5.5,5.5
100,router,65,L3_08_01,-1,48,48,6,0,0,0,0,0,0,0,0,0,5.8,5.8
100,shim,130,SHIM_08_02,-1,14,14,2,0,0,0,0,0,0,0,0,0,7,7
100,router,66,L3_08_02,-1,17,17,8,0,0,0,0,0,0,0,0,0,6.4,6.4
100,shim,131,SHIM_08_03,-1,12,12,1,0,0,0,0,0,0,0,0,0,5.5,5.5
100,router,67,L3_08_03,-1,27,27,2,0,0,0,0,0,0,0,0,0,4.6,4.6
100,router,25,L2_09,-1,26,26,14,0,0,0,0,0,0,0,0,0,4.58,4.58
100,shim,132,SHIM_09_00,-1,23,23,2,0,0,0,0,0,0,0,0,0,7,7
100,router,68,L3_09_00,-1,37,37,4,0,0,0,0,0,0,0,0,0,5.2,5.2
100,shim,133,SHIM_09_01,-1,33,33,1,0,0,0,0,0,0,0,0,0,5.5,5.5
100,router,69,L3_09_01,-1,35,35,4,0,0,0,0,0,0,0,0,0,5.2,5.2
100,shim,134,SHIM_09_02,-1,43,43,1,0,0,0,0,0,0,0,0,0,5.5,5.5
100,router,70,L3_09_02,-1,46,46,6,0,0,0,0,0,0,0,0,0,5.8,5.8
100,shim,135,SHIM_09_03,-1,41,41,1,0,0,0,0,0,0,0,0,0,5.5,5.5
100,router,71,L3_09_03,-1,14,14,8,0,0,0,0,0,0,0,0,0,6.4,6.4
100,router,26,L2_10,-1,24,24,67,0,0,0,0,0,0,0,0,0,6.79,6.79
100,shim,136,SHIM_10_00,-1,51,51,1,0,0,0,0,0,0,0,0,0,5.5,5.5
100,router,72,L3_10_00,-1,24,24,9,0,0,0,0,0,0,0,0,0,6.7,6.7
100,shim,137,SHIM_10_01,-1,20,20,2,0,0,0,0,0,0,0,0,0,7,7
100,router,73,L3_10_01,-1,22,22,9,0,0,0,0,0,0,0,0,0,6.7,6.7
100,shim,138,SHIM_10_02,-1,30,30,1,0,0,0,0,0,0,0,0,0,5.5,5.5
100,router,74,L3_10_02,-1,32,32,3,0,0,0,0,0,0,0,0,0,4.9,4.9
100,shim,139,SHIM_10_03,-1,28,28,0,0,0,0,0,0,0,0,0,0,4,4
100,router,75,L3_10_03,-1,43,43,5,0,0,0,0,0,0,0,0,0,5.5,5.5
100,router,27,L2_11,-1,34,34,25,0,0,0,0,0,0,0,0,0,5.04,5.04
100,shim,140,SHIM_11_00,-1,38,38,1,0,0,0,0,0,0,0,0,0,5.5,5.5
100,router,76,L3_11_00,-1,53,53,7,0,0,0,0,0,0,0,0,0,6.1,6.1
100,shim,141,SHIM_11_01,-1,48,48,1,0,0,0,0,0,0,0,0,0,5.5,5.5
100,router,77,L3_11_01,-1,51,51,7,0,0,0,0,0,0,0,0,0,6.1,6.1
100,shim,142,SHIM_11_02,-1,17,17,2,0,0,0,0,0,0,0,0,0,7,7
100,router,78,L3_11_02,-1,19,19,8,0,0,0,0,0,0,0,0,0,6.4,6.4
100,shim,143,SHIM_11_03,-1,14,14,2,0,0,0,0,0,0,0,0,0,7,7
100,router,79,L3_11_03,-1,29,29,3,0,0,0,0,0,0,0,0,0,4.9,4.9
100,router,28,L2_12,-1,44,44,38,0,0,0,0,0,0,0,0,0,5.58,5.58
100,shim,144,SHIM_12_00,-1,25,25,2,0,0,0,0,0,0,0,0,0,7,7
100,router,80,L3_12_00,-1,40,40,4,0,0,0,0,0,0,0,0,0,5.2,5.2
100,shim,145,SHIM_12_01,-1,35,35,1,0,0,0,0,0,0,0,0,0,5.5,5.5
100,router,81,L3_12_01,-1,37,37,4,0,0,0,0,0,0,0,0,0,5.2,5.2
100,shim,146,SHIM_12_02,-1,45,45,1,0,0,0,0,0,0,0,0,0,5.5,5.5
100,router,82,L3_12_02,-1,48,48,6,0,0,0,0,0,0,0,0,0,5.8,5.8
100,shim,147,SHIM_12_03,-1,43,43,1,0,0,0,0,0,0,0,0,0,5.5,5.5
100,router,83,L3_12_03,-1,16,16,8,0,0,0,0,0,0,0,0,0,6.4,6.4
100,router,29,L2_13,-1,12,12,52,0,0,0,0,0,0,0,0,0,6.17,6.17
100,shim,148,SHIM_13_00,-1,53,53,1,0,0,0,0,0,0,0,0,0,5.5,5.5
100,router,84,L3_13_00,-1,26,26,2,0,0,0,0,0,0,0,0,0,4.6,4.6
100,shim,149,SHIM_13_01,-1,22,22,2,0,0,0,0,0,0,0,0,0,7,7
100,router,85,L3_13_01,-1,24,24,9,0,0,0,0,0,0,0,0,0,6.7,6.7
100,shim,150,SHIM_13_02,-1,32,32,1,0,0,0,0,0,0,0,0,0,5.5,5.5
100,router,86,L3_13_02,-1,34,34,4,0,0,0,0,0,0,0,0,0,5.2,5.2
100,shim,151,SHIM_13_03,-1,30,30,1,0,0,0,0,0,0,0,0,0,5.5,5.5
100,router,87,L3_13_03,-1,45,45,5,0,0,0,0,0,0,0,0,0,5.5,5.5
100,router,30,L2_14,-1,52,52,49,0,0,0,0,0,0,0,0,0,6.04,6.04
100,shim,152,SHIM_14_00,-1,40,40,1,0,0,0,0,0,0,0,0,0,5.5,5.5
100,router,88,L3_14_00,-1,13,13,7,0,0,0,0,0,0,0,0,0,6.1,6.1
100,shim,153,SHIM_14_01,-1,51,51,1,0,0,0,0,0,0,0,0,0,5.5,5.5
100,router,89,L3_14_01,-1,53,53,7,0,0,0,0,0,0,0,0,0,6.1,6.1
100,shim,154,SHIM_14_02,-1,19,19,2,0,0,0,0,0,0,0,0,0,7,7
100,router,90,L3_14_02,-1,21,21,9,0,0,0,0,0,0,0,0,0,6.7,6.7
100,shim,155,SHIM_14_03,-1,17,17,2,0,0,0,0,0,0,0,0,0,7,7
100,router,91,L3_14_03,-1,31,31,3,0,0,0,0,0,0,0,0,0,4.9,4.9
100,router,31,L2_15,-1,21,21,63,0,0,0,0,0,0,0,0,0,6.63,6.63
100,shim,156,SHIM_15_00,-1,27,27,0,0,0,0,0,0,0,0,0,0,4,4
100,router,92,L3_15_00,-1,29,29,3,0,0,0,0,0,0,0,0,0,4.9,4.9
100,shim,157,SHIM_15_01,-1,37,37,1,0,0,0,0,0,0,0,0,0,5.5,5.5
100,router,93,L3_15_01,-1,40,40,5,0,0,0,0,0,0,0,0,0,5.5,5.5
100,shim,158,SHIM_15_02,-1,48,48,1,0,0,0,0,0,0,0,0,0,5.5,5.5
100,router,94,L3_15_02,-1,50,50,6,0,0,0,0,0,0,0,0,0,5.8,5.8
100,shim,159,SHIM_15_03,-1,45,45,1,0,0,0,0,0,0,0,0,0,5.5,5.5
100,router,95,L3_15_03,-1,18,18,8,0,0,0,0,0,0,0,0,0,6.4,6.4
100,router,0,L1_00,-1,53,53,45,0,0,0,0,0,0,0,0,0,6.11,6.11
100,router,1,L1_01,-1,21,21,57,0,0,0,0,0,0,0,0,0,6.67,6.67
100,router,2,L1_02,-1,32,32,19,0,0,0,0,0,0,0,0,0,4.89,4.89
100,router,3,L1_03,-1,29,29,17,0,0,0,0,0,0,0,0,0,4.8,4.8
100,router,4,L1_04,-1,40,40,29,0,0,0,0,0,0,0,0,0,5.36,5.36
100,router,5,L1_05,-1,50,50,41,0,0,0,0,0,0,0,0,0,5.92,5.92
100,router,6,L1_06,-1,18,18,53,0,0,0,0,0,0,0,0,0,6.48,6.48
100,router,7,L1_07,-1,16,16,51,0,0,0,0,0,0,0,0,0,6.39,6.39
100,router,8,L1_08,-1,26,26,13,0,0,0,0,0,0,0,0,0,4.61,4.61
100,router,9,L1_09,-1,37,37,25,0,0,0,0,0,0,0,0,0,5.17,5.17
100,router,10,L1_10,-1,47,47,38,0,0,0,0,0,0,0,0,0,5.78,5.78
100,router,11,L1_11,-1,45,45,35,0,0,0,0,0,0,0,0,0,5.64,5.64
100,router,12,L1_12,-1,13,13,47,0,0,0,0,0,0,0,0,0,6.2,6.2
100,router,13,L1_13,-1,23,23,60,0,0,0,0,0,0,0,0,0,6.81,6.81
100,router,14,L1_14,-1,34,34,22,0,0,0,0,0,0,0,0,0,5.03,5.03
100,router,15,L1_15,-1,32,32,19,0,0,0,0,0,0,0,0,0,4.89,4.89
100,endpoint,320,LLCH_00,-1,16,16,0,0,0,0,0,0,0,0,0,0,4,4
100,endpoint,324,LLCH_01,-1,45,45,0,0,0,0,0,0,0,0,0,0,4,4
100,endpoint,328,LLCH_02,-1,32,32,0,0,0,0,0,0,0,0,0,0,4,4
100,endpoint,332,LLCH_03,-1,19,19,0,0,0,0,0,0,0,0,0,0,4,4
100,endpoint,336,LLCH_04,-1,47,47,0,0,0,0,0,0,0,0,0,0,4,4
100,endpoint,340,LLCH_05,-1,34,34,0,0,0,0,0,0,0,0,0,0,4,4
100,endpoint,344,LLCH_06,-1,21,21,0,0,0,0,0,0,0,0,0,0,4,4
100,endpoint,348,LLCH_07,-1,49,49,0,0,0,0,0,0,0,0,0,0,4,4
100,endpoint,352,LLCH_08,-1,36,36,0,0,0,0,0,0,0,0,0,0,4,4
100,endpoint,356,LLCH_09,-1,23,23,0,0,0,0,0,0,0,0,0,0,4,4
100,endpoint,360,LLCH_10,-1,52,52,0,0,0,0,0,0,0,0,0,0,4,4
100,endpoint,364,LLCH_11,-1,38,38,0,0,0,0,0,0,0,0,0,0,4,4
100,endpoint,368,LLCH_12,-1,25,25,0,0,0,0,0,0,0,0,0,0,4,4
100,endpoint,372,LLCH_13,-1,54,54,0,0,0,0,0,0,0,0,0,0,4,4
100,endpoint,376,LLCH_14,-1,41,41,0,0,0,0,0,0,0,0,0,0,4,4
100,endpoint,380,LLCH_15,-1,15,15,0,0,0,0,0,0,0,0,0,0,4,4
100,port,16,L2_00,0,129,129,5,38,38,0,0,1,129,872,129,1259,6.76,9.76
100,port,16,L2_00,1,167,167,6,45,45,0,0,0,167,1050,167,1551,6.29,9.29
100,port,16,L2_00,2,159,159,6,44,44,0,0,1,159,1081,159,1558,6.8,9.8
100,port,16,L2_00,3,196,196,7,52,52,0,0,2,196,1633,196,2221,8.33,11.33
100,port,16,L2_00,4,81,81,4,27,26,1,0,0,81,360,81,603,4.44,7.44
100,port,16,L2_00,5,119,119,5,35,35,0,0,1,119,709,119,1066,5.96,8.96
100,port,16,L2_00,6,111,111,5,34,34,0,0,1,111,719,111,1052,6.48,9.48
100,port,16,L2_00,7,148,148,6,41,41,0,0,0,148,889,148,1333,6.01,9.01
100,port,16,L2_00,8,185,185,7,49,49,0,0,1,185,1395,185,1950,7.54,10.54
100,port,32,L3_00_00,0,25,25,1,31,31,0,0,1,25,139,25,214,5.55,8.55
100,port,32,L3_00_00,1,23,23,1,29,29,0,0,1,23,93,23,162,4.06,7.06
100,port,32,L3_00_00,2,32,32,1,37,37,0,0,0,32,179,32,275,5.59,8.59
100,port,32,L3_00_00,3,41,41,2,45,45,0,0,1,41,292,41,415,7.12,10.12
100,port,32,L3_00_00,4,13,13,1,21,17,3,0,1,13,42,13,81,3.22,6.22
100,port,33,L3_00_01,0,17,17,1,25,22,2,0,1,17,91,17,142,5.38,8.38
100,port,33,L3_00_01,1,27,27,1,33,33,0,0,0,27,132,27,213,4.9,7.9
100,port,33,L3_00_01,2,25,25,1,31,31,0,0,1,25,136,25,211,5.42,8.42
100,port,33,L3_00_01,3,34,34,1,39,39,0,0,1,34,236,34,338,6.95,9.95
100,port,33,L3_00_01,4,43,43,2,47,47,0,0,0,43,278,43,407,6.47,9.47
100,port,34,L3_00_02,0,48,48,2,51,51,0,0,2,48,385,48,529,8.03,11.03
100,port,34,L3_00_02,1,19,19,1,26,24,2,0,0,19,79,19,136,4.14,7.14
100,port,34,L3_00_02,2,29,29,1,34,34,0,0,1,29,164,29,251,5.67,8.67
100,port,34,L3_00_02,3,27,27,1,33,33,0,0,1,27,167,27,248,6.18,9.18
100,port,34,L3_00_02,4,36,36,1,41,41,0,0,0,36,206,36,314,5.71,8.71
100,port,35,L3_00_03,0,41,41,2,45,45,0,0,0,41,240,41,363,5.86,8.86
100,port,35,L3_00_03,1,12,12,1,20,16,4,0,0,12,48,12,84,3.97,6.97
100,port,35,L3_00_03,2,21,21,1,28,27,0,0,1,21,116,21,179,5.5,8.5
100,port,35,L3_00_03,3,19,19,1,27,24,3,0,0,19,76,19,133,4.01,7.01
100,port,35,L3_00_03,4,29,29,1,34,34,0,0,1,29,161,29,248,5.54,8.54
100,port,17,L2_01,0,100,100,4,31,31,0,0,0,100,459,100,759,4.59,7.59
100,port,17,L2_01,1,137,137,5,39,39,0,0,1,137,837,137,1248,6.11,9.11
100,port,17,L2_01,2,175,175,6,47,47,0,0,1,175,1337,175,1862,7.64,10.64
100,port,17,L2_01,3,167,167,6,45,45,0,0,0,167,1029,167,1530,6.16,9.16
100,port,17,L2_01,4,52,52,3,21,17,4,0,0,52,222,52,378,4.27,7.27
100,port,17,L2_01,5,89,89,4,29,28,0,0,1,89,515,89,782,5.79,8.79
100,port,17,L2_01,6,127,127,5,37,37,0,0,0,127,676,127,1057,5.32,8.32
100,port,17,L2_01,7,119,119,5,35,35,0,0,1,119,695,119,1052,5.84,8.84
100,port,17,L2_01,8,156,156,6,43,43,0,0,1,156,1150,156,1618,7.37,10.37
100,port,36,L3_01_00,0,33,33,1,38,38,0,0,0,33,188,33,287,5.69,8.69
100,port,36,L3_01_00,1,43,43,2,46,46,0,0,1,43,310,43,439,7.22,10.22
100,port,36,L3_01_00,2,14,14,1,22,18,3,0,1,14,47,14,89,3.33,6.33
100,port,36,L3_01_00,3,23,23,1,30,29,1,0,0,23,112,23,181,4.86,7.86
100,port,36,L3_01_00,4,21,21,1,28,27,0,0,1,21,113,21,176,5.37,8.37
100,port,37,L3_01_01,0,37,37,1,42,42,0,0,1,37,242,37,353,6.54,9.54
100,port,37,L3_01_01,1,35,35,1,40,40,0,0,1,35,247,35,352,7.05,10.05
100,port,37,L3_01_01,2,45,45,2,48,48,0,0,0,45,296,45,431,6.58,9.58
100,port,37,L3_01_01,3,16,16,1,24,21,2,0,1,16,75,16,123,4.69,7.69
100,port,37,L3_01_01,4,25,25,1,32,31,0,0,1,25,155,25,230,6.21,9.21
100,port,38,L3_01_02,0,30,30,1,36,36,0,0,1,30,173,30,263,5.77,8.77
100,port,38,L3_01_02,1,28,28,1,34,34,0,0,1,28,176,28,260,6.29,9.29
100,port,38,L3_01_02,2,37,37,1,42,42,0,0,0,37,215,37,326,5.82,8.82
100,port,38,L3_01_02,3,47,47,2,50,50,0,0,1,47,345,47,486,7.34,10.34
100,port,38,L3_01_02,4,18,18,1,25,23,1,0,1,18,98,18,152,5.45,8.45
100,port,39,L3_01_03,0,23,23,1,29,29,0,0,1,23,129,23,198,5.6,8.6
100,port,39,L3_01_03,1,32,32,1,37,37,0,0,0,32,164,32,260,5.13,8.13
100,port,39,L3_01_03,2,30,30,1,36,36,0,0,1,30,170,30,260,5.65,8.65
100,port,39,L3_01_03,3,39,39,1,43,43,0,0,1,39,280,39,397,7.17,10.17
100,port,39,L3_01_03,4,49,49,2,51,51,0,0,0,49,328,49,475,6.7,9.7
100,port,18,L2_02,0,71,71,3,25,23,2,0,0,71,314,71,527,4.42,7.42
100,port,18,L2_02,1,108,108,5,33,33,0,0,1,108,642,108,966,5.94,8.94
100,port,18,L2_02,2,145,145,6,41,41,0,0,0,145,793,145,1228,5.47,8.47
100,port,18,L2_02,3,138,138,5,39,39,0,0,1,138,827,138,1241,5.99,8.99
100,port,18,L2_02,4,175,175,6,47,47,0,0,1,175,1316,175,1841,7.52,10.52
100,port,18,L2_02,5,60,60,3,23,20,3,0,0,60,217,60,397,3.62,6.62
100,port,18,L2_02,6,97,97,4,31,30,0,0,1,97,500,97,791,5.15,8.15
100,port,18,L2_02,7,89,89,4,29,28,0,0,1,89,505,89,772,5.67,8.67
100,port,18,L2_02,8,127,127,5,37,37,0,0,0,127,660,127,1041,5.2,8.2
100,port,40,L3_02_00,0,15,15,1,23,20,2,0,1,15,51,15,96,3.43,6.43
100,port,40,L3_02_00,1,25,25,1,31,31,0,0,0,25,124,25,199,4.96,7.96
100,port,40,L3_02_00,2,34,34,1,39,39,0,0,1,34,221,34,323,6.49,9.49
100,port,40,L3_02_00,3,32,32,1,37,37,0,0,1,32,160,32,256,5,8
100,port,40,L3_02_00,4,41,41,2,45,45,0,0,1,41,268,41,391,6.53,9.53
100,port,41,L3_02_01,0,46,46,2,49,49,0,0,0,46,307,46,445,6.68,9.68
100,port,41,L3_02_01,1,17,17,1,25,22,2,0,1,17,81,17,132,4.79,7.79
100,port,41,L3_02_01,2,27,27,1,33,33,0,0,1,27,171,27,252,6.32,9.32
100,port,41,L3_02_01,3,25,25,1,31,31,0,0,0,25,121,25,196,4.83,7.83
100,port,41,L3_02_01,4,34,34,1,39,39,0,0,1,34,216,34,318,6.36,9.36
100,port,42,L3_02_02,0,39,39,1,43,43,0,0,0,39,231,39,348,5.92,8.92
100,port,42,L3_02_02,1,48,48,2,51,51,0,0,1,48,358,48,502,7.45,10.45
100,port,42,L3_02_02,2,19,19,1,26,24,1,0,1,19,106,19,163,5.56,8.56
100,port,42,L3_02_02,3,29,29,1,34,34,0,0,0,29,147,29,234,5.08,8.08
100,port,42,L3_02_02,4,27,27,1,33,33,0,0,1,27,151,27,232,5.6,8.6
100,port,43,L3_02_03,0,43,43,2,46,46,0,0,1,43,291,43,420,6.76,9.76
100,port,43,L3_02_03,1,41,41,2,45,45,0,0,1,41,298,41,421,7.28,10.28
100,port,43,L3_02_03,2,50,50,2,52,52,0,0,0,50,341,50,491,6.81,9.81
100,port,43,L3_02_03,3,21,21,1,28,27,1,0,0,21,103,21,166,4.91,7.91
100,port,43,L3_02_03,4,31,31,1,36,36,0,0,1,31,200,31,293,6.44,9.44
100,port,19,L2_03,0,193,193,7,51,51,0,0,1,193,1365,193,1944,7.07,10.07
100,port,19,L2_03,1,79,79,4,27,25,1,0,1,79,409,79,646,5.18,8.18
100,port,19,L2_03,2,116,116,5,35,35,0,0,1,116,546,116,894,4.71,7.71
100,port,19,L2_03,3,153,153,6,43,43,0,0,1,153,955,153,1414,6.24,9.24
100,port,19,L2_03,4,145,145,6,41,41,0,0,1,145,979,145,1414,6.75,9.75
100,port,19,L2_03,5,183,183,7,49,49,0,0,0,183,1149,183,1698,6.28,9.28
100,port,19,L2_03,6,68,68,3,24,22,2,0,0,68,299,68,503,4.39,7.39
100,port,19,L2_03,7,105,105,4,32,32,0,0,1,105,622,105,937,5.92,8.92
100,port,19,L2_03,8,97,97,4,31,30,1,0,0,97,430,97,721,4.43,7.43
100,port,44,L3_03_00,0,35,35,1,40,40,0,0,1,35,231,35,336,6.59,9.59
100,port,44,L3_03_00,1,45,45,2,48,48,0,0,2,45,275,45,410,6.12,9.12
100,port,44,L3_03_00,2,43,43,2,46,46,0,0,1,43,286,43,415,6.64,9.64
100,port,44,L3_03_00,3,14,14,1,22,18,3,0,1,14,66,14,108,4.74,7.74
100,port,44,L3_03_00,4,23,23,1,30,29,1,0,0,23,98,23,167,4.27,7.27
100,port,45,L3_03_01,0,28,28,1,34,34,0,0,1,28,180,28,264,6.42,9.42
100,port,45,L3_03_01,1,37,37,1,42,42,0,0,0,37,220,37,331,5.95,8.95
100,port,45,L3_03_01,2,35,35,1,40,40,0,0,1,35,226,35,331,6.47,9.47
100,port,45,L3_03_01,3,45,45,2,48,48,0,0,2,45,360,45,495,7.99,10.99
100,port,45,L3_03_01,4,16,16,1,24,21,3,0,0,16,66,16,114,4.1,7.1
100,port,46,L3_03_02,0,21,21,1,27,26,0,0,1,21,119,21,182,5.66,8.66
100,port,46,L3_03_02,1,30,30,1,35,35,0,0,0,30,156,30,246,5.19,8.19
100,port,46,L3_03_02,2,39,39,1,43,43,0,0,1,39,262,39,379,6.72,9.72
100,port,46,L3_03_02,3,37,37,1,42,42,0,0,1,37,268,37,379,7.23,10.23
100,port,46,L3_03_02,4,47,47,2,50,50,0,0,0,47,318,47,459,6.76,9.76
100,port,47,L3_03_03,0,13,13,1,21,17,4,0,0,13,45,13,84,3.49,6.49
100,port,47,L3_03_03,1,23,23,1,29,29,0,0,0,23,115,23,184,5.02,8.02
100,port,47,L3_03_03,2,32,32,1,37,37,0,0,1,32,210,32,306,6.55,9.55
100,port,47,L3_03_03,3,41,41,2,45,45,0,0,0,41,249,41,372,6.07,9.07
100,port,47,L3_03_03,4,39,39,1,43,43,0,0,1,39,257,39,374,6.59,9.59
100,port,20,L2_04,0,57,57,3,22,19,3,0,0,57,257,57,428,4.5,7.5
100,port,20,L2_04,1,49,49,3,20,16,3,0,1,49,245,49,392,5.01,8.01
100,port,20,L2_04,2,87,87,4,28,27,1,0,0,87,395,87,656,4.54,7.54
100,port,20,L2_04,3,124,124,5,36,36,0,0,1,124,753,124,1125,6.07,9.07
100,port,20,L2_04,4,161,161,6,44,44,0,0,2,161,1224,161,1707,7.6,10.6
100,port,20,L2_04,5,153,153,6,43,43,0,0,0,153,935,153,1394,6.11,9.11
100,port,20,L2_04,6,191,191,7,50,50,0,0,1,191,1459,191,2032,7.64,10.64
100,port,20,L2_04,7,76,76,4,26,24,1,0,1,76,285,76,513,3.75,6.75
100,port,20,L2_04,8,113,113,5,34,34,0,0,0,113,597,113,936,5.28,8.28
100,port,48,L3_04_00,0,44,44,2,47,47,0,0,1,44,297,44,429,6.74,9.74
100,port,48,L3_04_00,1,15,15,1,23,20,2,0,1,15,73,15,118,4.85,7.85
100,port,48,L3_04_00,2,25,25,1,31,31,0,0,0,25,110,25,185,4.38,7.38
100,port,48,L3_04_00,3,34,34,1,39,39,0,0,1,34,201,34,303,5.9,8.9
100,port,48,L3_04_00,4,32,32,1,37,37,0,0,1,32,205,32,301,6.42,9.42
100,port,49,L3_04_01,0,48,48,2,51,51,0,0,1,48,364,48,508,7.58,10.58
100,port,49,L3_04_01,1,46,46,2,49,49,0,0,2,46,373,46,511,8.1,11.1
100,port,49,L3_04_01,2,17,17,1,25,22,3,0,0,17,72,17,123,4.21,7.21
100,port,49,L3_04_01,3,27,27,1,33,33,0,0,1,27,155,27,236,5.73,8.73
100,port,49,L3_04_01,4,36,36,1,40,40,0,0,2,36,189,36,297,5.26,8.26
100,port,50,L3_04_02,0,41,41,2,44,44,0,0,1,41,280,41,403,6.82,9.82
100,port,50,L3_04_02,1,50,50,2,52,52,0,0,2,50,418,50,568,8.35,11.35
100,port,50,L3_04_02,2,48,48,2,51,51,0,0,0,48,329,48,473,6.86,9.86
100,port,50,L3_04_02,3,19,19,1,26,24,1,0,1,19,94,19,151,4.97,7.97
100,port,50,L3_04_02,4,28,28,1,34,34,0,0,1,28,182,28,266,6.5,9.5
100,port,51,L3_04_03,0,33,33,1,38,38,0,0,1,33,219,33,318,6.65,9.65
100,port,51,L3_04_03,1,42,42,2,46,46,0,0,0,42,260,42,386,6.18,9.18
100,port,51,L3_04_03,2,41,41,2,44,44,0,0,1,41,274,41,397,6.69,9.69
100,port,51,L3_04_03,3,50,50,2,52,52,0,0,2,50,411,50,561,8.22,11.22
100,port,51,L3_04_03,4,21,21,1,28,27,1,0,0,21,91,21,154,4.33,7.33
100,port,21,L2_05,0,180,180,7,48,48,0,0,1,180,1395,180,1935,7.75,10.75
100,port,21,L2_05,1,65,65,3,24,21,3,0,0,65,251,65,446,3.86,6.86
100,port,21,L2_05,2,113,113,28,34,34,0,0,15,113,1710,113,2049,15.13,18.13
100,port,21,L2_05,3,95,95,4,30,30,0,0,1,95,561,95,846,5.9,8.9
100,port,21,L2_05,4,132,132,5,38,38,0,0,0,132,717,132,1113,5.43,8.43
100,port,21,L2_05,5,124,124,5,36,36,0,0,1,124,737,124,1109,5.94,8.94
100,port,21,L2_05,6,161,161,6,44,44,0,0,1,161,1203,161,1686,7.47,10.47
100,port,21,L2_05,7,198,198,7,52,52,0,0,0,198,1386,198,1980,7,10
100,port,21,L2_05,8,84,84,4,28,27,0,0,1,84,429,84,681,5.11,8.11
100,port,52,L3_05_00,0,26,26,1,32,32,0,0,0,26,116,26,194,4.48,7.48
100,port,52,L3_05_00,1,35,35,1,40,40,0,0,1,35,210,35,315,6.01,9.01
100,port,52,L3_05_00,2,44,44,2,48,48,0,0,1,44,332,44,464,7.54,10.54
100,port,52,L3_05_00,3,43,43,2,46,46,0,0,0,43,260,43,389,6.05,9.05
100,port,52,L3_05_00,4,14,14,1,22,18,4,0,0,14,58,14,100,4.16,7.16
100,port,53,L3_05_01,0,18,18,1,26,23,3,0,0,18,78,18,132,4.31,7.31
100,port,53,L3_05_01,1,28,28,1,34,34,0,0,1,28,164,28,248,5.84,8.84
100,port,53,L3_05_01,2,37,37,1,42,42,0,0,2,37,199,37,310,5.37,8.37
100,port,53,L3_05_01,3,46,46,2,49,49,0,0,1,46,317,46,455,6.89,9.89
100,port,53,L3_05_01,4,44,44,2,48,48,0,0,1,44,326,44,458,7.41,10.41
100,port,54,L3_05_02,0,22,22,1,29,28,1,0,0,22,100,22,166,4.56,7.56
100,port,54,L3_05_02,1,20,20,1,27,25,1,0,1,20,102,20,162,5.08,8.08
100,port,54,L3_05_02,2,30,30,1,35,35,0,0,1,30,198,30,288,6.6,9.6
100,port,54,L3_05_02,3,39,39,1,43,43,0,0,0,39,239,39,356,6.13,9.13
100,port,54,L3_05_02,4,37,37,1,42,42,0,0,1,37,246,37,357,6.65,9.65
100,port,55,L3_05_03,0,15,15,1,23,20,3,0,0,15,66,15,111,4.39,7.39
100,port,55,L3_05_03,1,13,13,1,21,17,3,0,1,13,64,13,103,4.91,7.91
100,port,55,L3_05_03,2,22,22,1,29,28,1,0,0,22,97,22,163,4.43,7.43
100,port,55,L3_05_03,3,32,32,1,37,37,0,0,1,32,191,32,287,5.96,8.96
100,port,55,L3_05_03,4,41,41,2,45,45,0,0,1,41,307,41,430,7.49,10.49
100,port,22,L2_06,0,150,150,6,42,42,0,0,1,150,1049,150,1499,6.99,9.99
100,port,22,L2_06,1,188,188,7,50,50,0,0,0,188,1224,188,1788,6.51,9.51
100,port,22,L2_06,2,180,180,7,48,48,0,0,1,180,1265,180,1805,7.03,10.03
100,port,22,L2_06,3,65,65,3,24,21,2,0,1,65,334,65,529,5.14,8.14
100,port,22,L2_06,4,102,102,4,32,32,0,0,0,102,475,102,781,4.66,7.66
100,port,22,L2_06,5,140,140,5,40,40,0,0,1,140,867,140,1287,6.19,9.19
100,port,22,L2_06,6,132,132,5,38,38,0,0,1,132,886,132,1282,6.71,9.71
100,port,22,L2_06,7,169,169,6,46,46,0,0,0,169,1055,169,1562,6.24,9.24
100,port,22,L2_06,8,54,54,3,22,18,4,0,0,54,234,54,396,4.34,7.34
100,port,56,L3_06_00,0,46,46,2,49,49,0,0,1,46,351,46,489,7.64,10.64
100,port,56,L3_06_00,1,17,17,1,24,22,2,0,0,17,64,17,115,3.75,6.75
100,port,56,L3_06_00,2,15,15,1,23,20,3,0,0,15,64,15,109,4.26,7.26
100,port,56,L3_06_00,3,24,24,1,31,30,0,0,1,24,139,24,211,5.79,8.79
100,port,56,L3_06_00,4,34,34,1,39,39,0,0,0,34,181,34,283,5.32,8.32
100,port,57,L3_06_01,0,38,38,1,43,43,0,0,1,38,261,38,375,6.88,9.88
100,port,57,L3_06_01,1,48,48,2,51,51,0,0,2,48,308,48,452,6.41,9.41
100,port,57,L3_06_01,2,19,19,1,26,24,2,0,0,19,86,19,143,4.51,7.51
100,port,57,L3_06_01,3,17,17,1,25,22,2,0,1,17,86,17,137,5.03,8.03
100,port,57,L3_06_01,4,26,26,1,32,32,0,0,0,26,119,26,197,4.56,7.56
100,port,58,L3_06_02,0,31,31,1,36,36,0,0,1,31,208,31,301,6.71,9.71
100,port,58,L3_06_02,1,40,40,2,44,44,0,0,0,40,250,40,370,6.24,9.24
100,port,58,L3_06_02,2,50,50,2,52,52,0,0,1,50,388,50,538,7.76,10.76
100,port,58,L3_06_02,3,48,48,2,51,51,0,0,2,48,397,48,541,8.28,11.28
100,port,58,L3_06_02,4,19,19,1,26,24,2,0,0,19,83,19,140,4.39,7.39
100,port,59,L3_06_03,0,24,24,1,30,30,0,0,0,24,109,24,181,4.54,7.54
100,port,59,L3_06_03,1,33,33,1,38,38,0,0,1,33,200,33,299,6.07,9.07
100,port,59,L3_06_03,2,42,42,2,46,46,0,0,2,42,319,42,445,7.59,10.59
100,port,59,L3_06_03,3,14,14,1,22,18,4,0,0,14,52,14,94,3.7,6.7
100,port,59,L3_06_03,4,50,50,2,52,52,0,0,1,50,382,50,532,7.64,10.64
100,port,23,L2_07,0,121,121,5,36,36,0,0,1,121,583,121,946,4.82,7.82
100,port,23,L2_07,1,158,158,6,44,44,0,0,1,158,1002,158,1476,6.34,9.34
100,port,23,L2_07,2,196,196,7,52,52,0,0,1,196,1543,196,2131,7.87,10.87
100,port,23,L2_07,3,188,188,7,50,50,0,0,0,188,1201,188,1765,6.39,9.39
100,port,23,L2_07,4,73,73,4,26,23,3,0,0,73,328,73,547,4.49,7.49
100,port,23,L2_07,5,110,110,5,33,33,0,0,1,110,662,110,992,6.02,9.02
100,port,23,L2_07,6,148,148,6,41,41,0,0,0,148,821,148,1265,5.55,8.55
100,port,23,L2_07,7,140,140,5,40,40,0,0,1,140,850,140,1270,6.07,9.07
100,port,23,L2_07,8,177,177,7,48,48,0,0,1,177,1343,177,1874,7.59,10.59
100,port,60,L3_07_00,0,28,28,1,34,34,0,0,1,28,151,28,235,5.38,8.38
100,port,60,L3_07_00,1,26,26,1,32,32,0,0,1,26,153,26,231,5.9,8.9
100,port,60,L3_07_00,2,35,35,1,40,40,0,0,0,35,190,35,295,5.42,8.42
100,port,60,L3_07_00,3,44,44,2,48,48,0,0,1,44,306,44,438,6.95,9.95
100,port,60,L3_07_00,4,16,16,1,23,21,1,0,1,16,81,16,129,5.06,8.06
100,port,61,L3_07_01,0,20,20,1,27,25,2,0,0,20,92,20,152,4.62,7.62
100,port,61,L3_07_01,1,18,18,1,26,23,2,0,1,18,92,18,146,5.13,8.13
100,port,61,L3_07_01,2,28,28,1,34,34,0,0,0,28,130,28,214,4.66,7.66
100,port,61,L3_07_01,3,37,37,1,41,41,0,0,1,37,229,37,340,6.19,9.19
100,port,61,L3_07_01,4,46,46,2,49,49,0,0,1,46,355,46,493,7.72,10.72
100,port,62,L3_07_02,0,13,13,1,21,17,4,0,0,13,58,13,97,4.45,7.45
100,port,62,L3_07_02,1,22,22,1,29,28,0,0,1,22,132,22,198,5.98,8.98
100,port,62,L3_07_02,2,20,20,1,27,25,2,0,0,20,90,20,150,4.49,7.49
100,port,62,L3_07_02,3,30,30,1,35,35,0,0,1,30,181,30,271,6.02,9.02
100,port,62,L3_07_02,4,39,39,1,43,43,0,0,2,39,216,39,333,5.55,8.55
100,port,63,L3_07_03,0,44,44,2,47,47,0,0,2,44,339,44,471,7.7,10.7
100,port,63,L3_07_03,1,15,15,1,23,20,3,0,0,15,57,15,102,3.81,6.81
100,port,63,L3_07_03,2,24,24,1,31,30,0,0,1,24,128,24,200,5.33,8.33
100,port,63,L3_07_03,3,22,22,1,29,28,0,0,1,22,129,22,195,5.85,8.85
100,port,63,L3_07_03,4,32,32,1,37,37,0,0,0,32,172,32,268,5.38,8.38
100,port,24,L2_08,0,92,92,4,30,29,1,0,0,92,427,92,703,4.64,7.64
100,port,24,L2_08,1,129,129,5,37,37,0,0,1,129,796,129,1183,6.17,9.17
100,port,24,L2_08,2,166,166,6,45,45,0,0,2,166,1278,166,1776,7.7,10.7
100,port,24,L2_08,3,51,51,3,21,17,4,0,0,51,194,51,347,3.81,6.81
100,port,24,L2_08,4,196,196,7,52,52,0,0,1,196,1517,196,2105,7.74,10.74
100,port,24,L2_08,5,81,81,4,27,26,0,0,1,81,312,81,555,3.85,6.85
100,port,24,L2_08,6,118,118,5,35,35,0,0,0,118,635,118,989,5.38,8.38
100,port,24,L2_08,7,155,155,6,43,43,0,0,1,155,1071,155,1536,6.91,9.91
100,port,24,L2_08,8,148,148,6,41,41,0,0,2,148,802,148,1246,5.42,8.42
100,port,64,L3_08_00,0,36,36,1,41,41,0,0,0,36,199,36,307,5.53,8.53
100,port,64,L3_08_00,1,46,46,2,49,49,0,0,1,46,325,46,463,7.06,10.06
100,port,64,L3_08_00,2,17,17,1,24,22,1,0,1,17,88,17,139,5.16,8.16
100,port,64,L3_08_00,3,15,15,1,23,20,3,0,0,15,55,15,100,3.68,6.68
100,port,64,L3_08_00,4,24,24,1,31,30,0,0,1,24,125,24,197,5.21,8.21
100,port,65,L3_08_01,0,29,29,1,35,35,0,0,0,29,138,29,225,4.77,7.77
100,port,65,L3_08_01,1,38,38,1,43,43,0,0,1,38,239,38,353,6.29,9.29
100,port,65,L3_08_01,2,48,48,2,50,50,0,0,1,48,375,48,519,7.82,10.82
100,port,65,L3_08_01,3,19,19,1,26,24,2,0,0,19,75,19,132,3.93,6.93
100,port,65,L3_08_01,4,17,17,1,24,22,2,0,0,17,76,17,127,4.45,7.45
100,port,66,L3_08_02,0,33,33,1,38,38,0,0,0,33,185,33,284,5.61,8.61
100,port,66,L3_08_02,1,31,31,1,36,36,0,0,1,31,190,31,283,6.12,9.12
100,port,66,L3_08_02,2,40,40,2,44,44,0,0,2,40,226,40,346,5.65,8.65
100,port,66,L3_08_02,3,50,50,2,52,52,0,0,1,50,359,50,509,7.18,10.18
100,port,66,L3_08_02,4,21,21,1,28,27,0,0,1,21,111,21,174,5.29,8.29
100,port,67,L3_08_03,0,26,26,1,32,32,0,0,1,26,141,26,219,5.44,8.44
100,port,67,L3_08_03,1,35,35,1,40,40,0,0,1,35,244,35,349,6.97,9.97
100,port,67,L3_08_03,2,33,33,1,38,38,0,0,0,33,181,33,280,5.48,8.48
100,port,67,L3_08_03,3,42,42,2,46,46,0,0,1,42,294,42,420,7.01,10.01
100,port,67,L3_08_03,4,14,14,1,22,18,3,0,1,14,72,14,114,5.12,8.12
100,port,25,L2_09,0,62,62,3,23,20,3,0,0,62,277,62,463,4.47,7.47
100,port,25,L2_09,1,100,100,4,31,31,0,0,1,100,600,100,900,6,9
100,port,25,L2_09,2,137,137,5,39,39,0,0,0,137,758,137,1169,5.53,8.53
100,port,25,L2_09,3,174,174,6,47,47,0,0,1,174,1228,174,1750,7.06,10.06
100,port,25,L2_09,4,166,166,6,45,45,0,0,2,166,1257,166,1755,7.57,10.57
100,port,25,L2_09,5,52,52,3,21,17,4,0,0,52,191,52,347,3.68,6.68
100,port,25,L2_09,6,89,89,4,29,28,0,0,1,89,464,89,731,5.21,8.21
100,port,25,L2_09,7,126,126,5,37,37,0,0,1,126,849,126,1227,6.74,9.74
100,port,25,L2_09,8,118,118,5,35,35,0,0,0,118,620,118,974,5.25,8.25
100,port,68,L3_09_00,0,18,18,1,25,23,1,0,1,18,95,18,149,5.27,8.27
100,port,68,L3_09_00,1,28,28,1,33,33,0,0,0,28,134,28,218,4.8,7.8
100,port,68,L3_09_00,2,26,26,1,32,32,0,0,1,26,138,26,216,5.31,8.31
100,port,68,L3_09_00,3,35,35,1,40,40,0,0,1,35,239,35,344,6.84,9.84
100,port,68,L3_09_00,4,44,44,2,48,48,0,0,0,44,280,44,412,6.37,9.37
100,port,69,L3_09_01,0,49,49,2,52,52,0,0,1,49,389,49,536,7.93,10.93
100,port,69,L3_09_01,1,20,20,1,27,25,2,0,0,20,81,20,141,4.03,7.03
100,port,69,L3_09_01,2,30,30,1,35,35,0,0,1,30,167,30,257,5.56,8.56
100,port,69,L3_09_01,3,28,28,1,33,33,0,0,1,28,170,28,254,6.08,9.08
100,port,69,L3_09_01,4,37,37,1,41,41,0,0,0,37,208,37,319,5.61,8.61
100,port,70,L3_09_02,0,42,42,2,45,45,0,0,2,42,242,42,368,5.76,8.76
100,port,70,L3_09_02,1,13,13,1,21,17,4,0,0,13,50,13,89,3.86,6.86
100,port,70,L3_09_02,2,22,22,1,29,28,0,0,1,22,119,22,185,5.39,8.39
100,port,70,L3_09_02,3,31,31,1,37,37,0,0,1,31,153,31,246,4.92,7.92
100,port,70,L3_09_02,4,30,30,1,35,35,0,0,0,30,163,30,253,5.44,8.44
100,port,71,L3_09_03,0,34,34,1,39,39,0,0,0,34,190,34,292,5.59,8.59
100,port,71,L3_09_03,1,44,44,2,47,47,0,0,1,44,313,44,445,7.11,10.11
100,port,71,L3_09_03,2,15,15,1,23,20,2,0,1,15,78,15,123,5.22,8.22
100,port,71,L3_09_03,3,24,24,1,31,30,1,0,0,24,114,24,186,4.75,7.75
100,port,71,L3_09_03,4,22,22,1,29,28,0,0,1,22,116,22,182,5.27,8.27
100,port,26,L2_10,0,78,78,4,27,25,2,0,0,78,369,78,603,4.73,7.73
100,port,26,L2_10,1,70,70,3,25,23,1,0,1,70,367,70,577,5.24,8.24
100,port,26,L2_10,2,108,108,5,33,33,0,0,0,108,515,108,839,4.77,7.77
100,port,26,L2_10,3,145,145,6,41,41,0,0,1,145,914,145,1349,6.3,9.3
100,port,26,L2_10,4,182,182,7,49,49,0,0,2,182,1423,182,1969,7.82,10.82
100,port,26,L2_10,5,174,174,6,47,47,0,0,0,174,1103,174,1625,6.34,9.34
100,port,26,L2_10,6,60,60,3,23,20,3,0,0,60,267,60,447,4.45,7.45
100,port,26,L2_10,7,97,97,4,31,30,0,0,1,97,580,97,871,5.98,8.98
100,port,26,L2_10,8,134,134,5,38,38,0,0,0,134,737,134,1139,5.5,8.5
100,port,72,L3_10_00,0,38,38,1,42,42,0,0,1,38,244,38,358,6.43,9.43
100,port,72,L3_10_00,1,36,36,1,41,41,0,0,1,36,250,36,358,6.94,9.94
100,port,72,L3_10_00,2,46,46,2,49,49,0,0,0,46,298,46,436,6.47,9.47
100,port,72,L3_10_00,3,17,17,1,24,22,2,0,0,17,78,17,129,4.58,7.58
100,port,72,L3_10_00,4,26,26,1,32,32,0,0,1,26,159,26,237,6.11,9.11
100,port,73,L3_10_01,0,31,31,1,36,36,0,0,1,31,176,31,269,5.67,8.67
100,port,73,L3_10_01,1,40,40,2,44,44,0,0,1,40,288,40,408,7.19,10.19
100,port,73,L3_10_01,2,38,38,1,42,42,0,0,0,38,217,38,331,5.71,8.71
100,port,73,L3_10_01,3,47,47,2,50,50,0,0,1,47,340,47,481,7.24,10.24
100,port,73,L3_10_01,4,19,19,1,26,24,1,0,1,19,102,19,159,5.35,8.35
100,port,74,L3_10_02,0,23,23,1,30,29,0,0,1,23,127,23,196,5.5,8.5
100,port,74,L3_10_02,1,33,33,1,38,38,0,0,1,33,166,33,265,5.02,8.02
100,port,74,L3_10_02,2,31,31,1,36,36,0,0,0,31,172,31,265,5.54,8.54
100,port,74,L3_10_02,3,40,40,2,44,44,0,0,1,40,283,40,403,7.07,10.07
100,port,74,L3_10_02,4,49,49,2,52,52,0,0,0,49,323,49,470,6.6,9.6
100,port,75,L3_10_03,0,16,16,1,24,21,2,0,1,16,85,16,133,5.33,8.33
100,port,75,L3_10_03,1,25,25,1,32,31,1,0,0,25,121,25,196,4.85,7.85
100,port,75,L3_10_03,2,35,35,1,40,40,0,0,1,35,223,35,328,6.38,9.38
100,port,75,L3_10_03,3,33,33,1,38,38,0,0,1,33,228,33,327,6.9,9.9
100,port,75,L3_10_03,4,42,42,2,46,46,0,0,0,42,270,42,396,6.43,9.43
100,port,27,L2_11,0,49,49,3,20,16,3,0,1,49,223,49,370,4.56,7.56
100,port,27,L2_11,1,86,86,4,28,27,1,0,0,86,351,86,609,4.08,7.08
100,port,27,L2_11,2,78,78,4,27,25,2,0,0,78,359,78,593,4.6,7.6
100,port,27,L2_11,3,115,115,5,35,35,0,0,1,115,705,115,1050,6.13,9.13
100,port,27,L2_11,4,153,153,6,42,42,0,0,0,153,864,153,1323,5.65,8.65
100,port,27,L2_11,5,190,190,7,50,50,0,0,1,190,1364,190,1934,7.18,10.18
100,port,27,L2_11,6,182,182,7,49,49,0,0,1,182,1401,182,1947,7.7,10.7
100,port,27,L2_11,7,67,67,3,24,22,2,0,0,67,255,67,456,3.81,6.81
100,port,27,L2_11,8,105,105,4,32,32,0,0,1,105,560,105,875,5.33,8.33
100,port,76,L3_11_00,0,47,47,2,50,50,0,0,0,47,309,47,450,6.58,9.58
100,port,76,L3_11_00,1,18,18,1,25,23,2,0,0,18,84,18,138,4.68,7.68
100,port,76,L3_11_00,2,27,27,1,33,33,0,0,1,27,168,27,249,6.21,9.21
100,port,76,L3_11_00,3,37,37,1,41,41,0,0,0,37,212,37,323,5.74,8.74
100,port,76,L3_11_00,4,35,35,1,40,40,0,0,1,35,219,35,324,6.26,9.26
100,port,77,L3_11_01,0,13,13,1,21,17,4,0,0,13,44,13,83,3.41,6.41
100,port,77,L3_11_01,1,49,49,2,51,51,0,0,1,49,360,49,507,7.34,10.34
100,port,77,L3_11_01,2,20,20,1,27,25,1,0,1,20,109,20,169,5.45,8.45
100,port,77,L3_11_01,3,29,29,1,35,35,0,0,0,29,144,29,231,4.98,7.98
100,port,77,L3_11_01,4,27,27,1,33,33,0,0,1,27,148,27,229,5.49,8.49
100,port,78,L3_11_02,0,43,43,2,47,47,0,0,1,43,286,43,415,6.66,9.66
100,port,78,L3_11_02,1,41,41,2,45,45,0,0,1,41,294,41,417,7.17,10.17
100,port,78,L3_11_02,2,13,13,1,21,17,3,0,1,13,43,13,82,3.28,6.28
100,port,78,L3_11_02,3,22,22,1,29,28,1,0,0,22,106,22,172,4.81,7.81
100,port,78,L3_11_02,4,31,31,1,37,37,0,0,1,31,197,31,290,6.34,9.34
100,port,79,L3_11_03,0,36,36,1,41,41,0,0,1,36,234,36,342,6.49,9.49
100,port,79,L3_11_03,1,45,45,2,49,49,0,0,2,45,360,45,495,8.01,11.01
100,port,79,L3_11_03,2,43,43,2,47,47,0,0,0,43,281,43,410,6.53,9.53
100,port,79,L3_11_03,3,15,15,1,23,20,2,0,1,15,70,15,115,4.64,7.64
100,port,79,L3_11_03,4,24,24,1,30,30,0,0,1,24,100,24,172,4.17,7.17
100,port,28,L2_12,0,171,171,6,46,46,0,0,2,171,1336,171,1849,7.81,10.81
100,port,28,L2_12,1,57,57,3,22,19,3,0,0,57,223,57,394,3.91,6.91
100,port,28,L2_12,2,49,49,3,20,16,4,0,0,49,217,49,364,4.43,7.43
100,port,28,L2_12,3,86,86,4,28,27,0,0,1,86,341,86,599,3.96,6.96
100,port,28,L2_12,4,123,123,5,36,36,0,0,0,123,674,123,1043,5.48,8.48
100,port,28,L2_12,5,161,161,6,44,44,0,0,1,161,1129,161,1612,7.01,10.01
100,port,28,L2_12,6,153,153,6,42,42,0,0,2,153,846,153,1305,5.53,8.53
100,port,28,L2_12,7,190,190,7,50,50,0,0,1,190,1341,190,1911,7.06,10.06
100,port,28,L2_12,8,75,75,4,26,24,1,0,1,75,387,75,612,5.16,8.16
100,port,80,L3_12_00,0,29,29,1,34,34,0,0,1,29,183,29,270,6.32,9.32
100,port,80,L3_12_00,1,38,38,1,42,42,0,0,0,38,222,38,336,5.84,8.84
100,port,80,L3_12_00,2,47,47,2,50,50,0,0,1,47,346,47,487,7.37,10.37
100,port,80,L3_12_00,3,45,45,2,49,49,0,0,2,45,355,45,490,7.89,10.89
100,port,80,L3_12_00,4,17,17,1,24,22,2,0,0,17,68,17,119,4,7
100,port,81,L3_12_01,0,21,21,1,28,27,0,0,1,21,117,21,180,5.55,8.55
100,port,81,L3_12_01,1,31,31,1,36,36,0,0,0,31,157,31,250,5.08,8.08
100,port,81,L3_12_01,2,40,40,2,44,44,0,0,1,40,264,40,384,6.61,9.61
100,port,81,L3_12_01,3,38,38,1,42,42,0,0,1,38,271,38,385,7.13,10.13
100,port,81,L3_12_01,4,47,47,2,50,50,0,0,0,47,313,47,454,6.65,9.65
100,port,82,L3_12_02,0,14,14,1,22,18,3,0,1,14,47,14,89,3.38,6.38
100,port,82,L3_12_02,1,23,23,1,30,29,1,0,0,23,113,23,182,4.91,7.91
100,port,82,L3_12_02,2,33,33,1,38,38,0,0,1,33,213,33,312,6.44,9.44
100,port,82,L3_12_02,3,42,42,2,46,46,0,0,0,42,251,42,377,5.97,8.97
100,port,82,L3_12_02,4,40,40,2,44,44,0,0,1,40,259,40,379,6.48,9.48
100,port,83,L3_12_03,0,18,18,1,25,23,2,0,0,18,76,18,130,4.23,7.23
100,port,83,L3_12_03,1,16,16,1,24,21,2,0,1,16,76,16,124,4.74,7.74
100,port,83,L3_12_03,2,25,25,1,32,31,0,0,1,25,157,25,232,6.27,9.27
100,port,83,L3_12_03,3,35,35,1,39,39,0,0,0,35,203,35,308,5.8,8.8
100,port,83,L3_12_03,4,44,44,2,47,47,0,0,1,44,323,44,455,7.33,10.33
100,port,29,L2_13,0,142,142,6,40,40,0,0,0,142,799,142,1225,5.63,8.63
100,port,29,L2_13,1,179,179,7,48,48,0,0,1,179,1282,179,1819,7.16,10.16
100,port,29,L2_13,2,65,65,3,24,21,2,0,1,65,343,65,538,5.27,8.27
100,port,29,L2_13,3,57,57,3,22,19,3,0,0,57,216,57,387,3.79,6.79
100,port,29,L2_13,4,94,94,4,30,30,0,0,1,94,499,94,781,5.31,8.31
100,port,29,L2_13,5,131,131,5,38,38,0,0,1,131,896,131,1289,6.84,9.84
100,port,29,L2_13,6,169,169,6,46,46,0,0,0,169,1077,169,1584,6.37,9.37
100,port,29,L2_13,7,161,161,6,44,44,0,0,1,161,1109,161,1592,6.89,9.89
100,port,29,L2_13,8,198,198,7,52,52,0,0,2,198,1665,198,2259,8.41,11.41
100,port,84,L3_13_00,0,49,49,2,51,51,0,0,1,49,367,49,514,7.48,10.48
100,port,84,L3_13_00,1,47,47,2,50,50,0,0,2,47,376,47,517,7.99,10.99
100,port,84,L3_13_00,2,18,18,1,25,23,2,0,0,18,74,18,128,4.1,7.1
100,port,84,L3_13_00,3,27,27,1,33,33,0,0,1,27,152,27,233,5.63,8.63
100,port,84,L3_13_00,4,37,37,1,41,41,0,0,1,37,265,37,376,7.16,10.16
100,port,85,L3_13_01,0,41,41,2,45,45,0,0,1,41,275,41,398,6.71,9.71
100,port,85,L3_13_01,1,13,13,1,21,17,3,0,1,13,63,13,102,4.82,7.82
100,port,85,L3_13_01,2,49,49,2,51,51,0,0,0,49,331,49,478,6.76,9.76
100,port,85,L3_13_01,3,20,20,1,27,25,1,0,1,20,97,20,157,4.87,7.87
100,port,85,L3_13_01,4,29,29,1,35,35,0,0,1,29,185,29,272,6.39,9.39
100,port,86,L3_13_02,0,34,34,1,39,39,0,0,1,34,222,34,324,6.54,9.54
100,port,86,L3_13_02,1,43,43,2,47,47,0,0,0,43,261,43,390,6.07,9.07
100,port,86,L3_13_02,2,15,15,1,22,19,3,0,0,15,63,15,108,4.18,7.18
100,port,86,L3_13_02,3,13,13,1,21,17,3,0,1,13,61,13,100,4.7,7.7
100,port,86,L3_13_02,4,22,22,1,29,28,1,0,0,22,93,22,159,4.22,7.22
100,port,87,L3_13_03,0,27,27,1,33,33,0,0,1,27,172,27,253,6.37,9.37
100,port,87,L3_13_03,1,36,36,1,41,41,0,0,0,36,212,36,320,5.9,8.9
100,port,87,L3_13_03,2,45,45,2,48,48,0,0,1,45,334,45,469,7.43,10.43
100,port,87,L3_13_03,3,43,43,2,47,47,0,0,2,43,256,43,385,5.95,8.95
100,port,87,L3_13_03,4,15,15,1,22,19,3,0,0,15,61,15,106,4.05,7.05
100,port,30,L2_14,0,113,113,5,34,34,0,0,0,113,550,113,889,4.87,7.87
100,port,30,L2_14,1,150,150,6,42,42,0,0,1,150,960,150,1410,6.4,9.4
100,port,30,L2_14,2,187,187,7,50,50,0,0,2,187,1483,187,2044,7.93,10.93
100,port,30,L2_14,3,72,72,4,25,23,2,0,0,72,291,72,507,4.04,7.04
100,port,30,L2_14,4,65,65,3,24,21,3,0,0,65,296,65,491,4.55,7.55
100,port,30,L2_14,5,102,102,4,32,32,0,0,1,102,620,102,926,6.08,9.08
100,port,30,L2_14,6,139,139,5,40,40,0,0,0,139,780,139,1197,5.61,8.61
100,port,30,L2_14,7,176,176,7,47,47,0,0,1,176,1257,176,1785,7.14,10.14
100,port,30,L2_14,8,169,169,6,46,46,0,0,2,169,1293,169,1800,7.65,10.65
100,port,88,L3_14_00,0,19,19,1,26,24,2,0,0,19,80,19,137,4.2,7.2
100,port,88,L3_14_00,1,29,29,1,34,34,0,0,1,29,166,29,253,5.73,8.73
100,port,88,L3_14_00,2,38,38,1,42,42,0,0,1,38,276,38,390,7.26,10.26
100,port,88,L3_14_00,3,47,47,2,50,50,0,0,0,47,319,47,460,6.79,9.79
100,port,88,L3_14_00,4,45,45,2,48,48,0,0,1,45,329,45,464,7.3,10.3
100,port,89,L3_14_01,0,23,23,1,30,29,1,0,0,23,102,23,171,4.45,7.45
100,port,89,L3_14_01,1,21,21,1,28,27,0,0,1,21,104,21,167,4.97,7.97
100,port,89,L3_14_01,2,31,31,1,36,36,0,0,1,31,202,31,295,6.5,9.5
100,port,89,L3_14_01,3,40,40,2,44,44,0,0,0,40,241,40,361,6.03,9.03
100,port,89,L3_14_01,4,49,49,2,52,52,0,0,1,49,370,49,517,7.55,10.55
100,port,90,L3_14_02,0,16,16,1,23,21,2,0,0,16,68,16,116,4.28,7.28
100,port,90,L3_14_02,1,25,25,1,31,31,0,0,1,25,145,25,220,5.81,8.81
100,port,90,L3_14_02,2,23,23,1,30,29,1,0,0,23,100,23,169,4.33,7.33
100,port,90,L3_14_02,3,33,33,1,38,38,0,0,1,33,193,33,292,5.86,8.86
100,port,90,L3_14_02,4,42,42,2,46,46,0,0,1,42,310,42,436,7.38,10.38
100,port,91,L3_14_03,0,47,47,2,50,50,0,0,1,47,354,47,495,7.53,10.53
100,port,91,L3_14_03,1,18,18,1,25,23,1,0,1,18,66,18,120,3.64,6.64
100,port,91,L3_14_03,2,16,16,1,24,21,3,0,0,16,67,16,115,4.16,7.16
100,port,91,L3_14_03,3,25,25,1,31,31,0,0,1,25,142,25,217,5.69,8.69
100,port,91,L3_14_03,4,35,35,1,39,39,0,0,2,35,182,35,287,5.21,8.21
100,port,31,L2_15,0,128,128,5,37,37,0,0,1,128,732,128,1116,5.72,8.72
100,port,31,L2_15,1,121,121,5,36,36,0,0,1,121,754,121,1117,6.23,9.23
100,port,31,L2_15,2,158,158,6,44,44,0,0,0,158,910,158,1384,5.76,8.76
100,port,31,L2_15,3,195,195,7,51,51,0,0,1,195,1422,195,2007,7.29,10.29
100,port,31,L2_15,4,187,187,7,50,50,0,0,1,187,1459,187,2020,7.8,10.8
100,port,31,L2_15,5,73,73,4,25,23,2,0,0,73,285,73,504,3.91,6.91
100,port,31,L2_15,6,110,110,5,33,33,0,0,1,110,598,110,928,5.44,8.44
100,port,31,L2_15,7,147,147,6,41,41,0,0,1,147,1025,147,1466,6.97,9.97
100,port,31,L2_15,8,139,139,5,40,40,0,0,0,139,762,139,1179,5.48,8.48
100,port,92,L3_15_00,0,39,39,1,43,43,0,0,1,39,264,39,381,6.77,9.77
100,port,92,L3_15_00,1,49,49,2,51,51,0,0,2,49,407,49,554,8.3,11.3
100,port,92,L3_15_00,2,20,20,1,27,25,2,0,0,20,88,20,148,4.41,7.41
100,port,92,L3_15_00,3,18,18,1,25,23,1,0,1,18,89,18,143,4.92,7.92
100,port,92,L3_15_00,4,27,27,1,33,33,0,0,1,27,120,27,201,4.45,7.45
100,port,93,L3_15_01,0,32,32,1,37,37,0,0,1,32,211,32,307,6.6,9.6
100,port,93,L3_15_01,1,41,41,2,45,45,0,0,0,41,251,41,374,6.13,9.13
100,port,93,L3_15_01,2,12,12,1,21,16,5,0,0,12,51,12,87,4.24,7.24
100,port,93,L3_15_01,3,22,22,1,29,28,0,0,1,22,127,22,193,5.77,8.77
100,port,93,L3_15_01,4,20,20,1,27,25,2,0,0,20,86,20,146,4.28,7.28
100,port,94,L3_15_02,0,25,25,1,31,31,0,0,0,25,111,25,186,4.43,7.43
100,port,94,L3_15_02,1,34,34,1,39,39,0,0,1,34,203,34,305,5.96,8.96
100,port,94,L3_15_02,2,43,43,2,47,47,0,0,1,43,322,43,451,7.49,10.49
100,port,94,L3_15_02,3,14,14,1,22,18,4,0,0,14,50,14,92,3.6,6.6
100,port,94,L3_15_02,4,13,13,1,21,17,4,0,0,13,53,13,92,4.11,7.11
100,port,95,L3_15_03,0,28,28,1,34,34,0,0,0,28,148,28,232,5.27,8.27
100,port,95,L3_15_03,1,27,27,1,33,33,0,0,1,27,156,27,237,5.79,8.79
100,port,95,L3_15_03,2,36,36,1,40,40,0,0,2,36,192,36,300,5.32,8.32
100,port,95,L3_15_03,3,45,45,2,48,48,0,0,1,45,308,45,443,6.85,9.85
100,port,95,L3_15_03,4,16,16,1,24,21,2,0,1,16,79,16,127,4.95,7.95
100,port,0,L1_00,0,160,160,6,44,44,0,0,0,160,955,160,1435,5.97,8.97
100,port,0,L1_00,1,197,197,7,52,52,0,0,1,197,1478,197,2069,7.5,10.5
100,port,0,L1_00,2,82,82,4,27,26,0,0,1,82,459,82,705,5.6,8.6
100,port,0,L1_00,3,75,75,4,26,24,2,0,0,75,309,75,534,4.12,7.12
100,port,0,L1_00,4,168,168,29,46,46,0,0,21,168,2757,168,3261,16.41,19.41
100,port,0,L1_00,5,149,149,6,42,42,0,0,1,149,1070,149,1517,7.18,10.18
100,port,0,L1_00,6,186,186,7,50,50,0,0,0,186,1246,186,1804,6.7,9.7
100,port,0,L1_00,7,179,179,7,48,48,0,0,1,179,1292,179,1829,7.22,10.22
100,port,1,L1_01,0,131,131,5,38,38,0,0,1,131,760,131,1153,5.8,8.8
100,port,1,L1_01,1,168,168,6,46,46,0,0,1,168,1231,168,1735,7.33,10.33
100,port,1,L1_01,2,53,53,3,21,17,4,0,0,53,182,53,341,3.43,6.43
100,port,1,L1_01,3,90,90,4,29,28,1,0,0,90,446,90,716,4.96,7.96
100,port,1,L1_01,4,83,83,4,28,26,1,0,1,83,455,83,704,5.48,8.48
100,port,1,L1_01,5,120,120,5,35,35,0,0,0,120,601,120,961,5.01,8.01
100,port,1,L1_01,6,157,157,6,43,43,0,0,1,157,1025,157,1496,6.53,9.53
100,port,1,L1_01,7,194,194,7,51,51,0,0,2,194,1564,194,2146,8.06,11.06
100,port,2,L1_02,0,101,101,4,32,32,0,0,1,101,569,101,872,5.63,8.63
100,port,2,L1_02,1,138,138,5,39,39,0,0,1,138,712,138,1126,5.16,8.16
100,port,2,L1_02,2,176,176,6,47,47,0,0,1,176,1176,176,1704,6.68,9.68
100,port,2,L1_02,3,61,61,3,23,20,2,0,1,61,292,61,475,4.79,7.79
100,port,2,L1_02,4,53,53,3,21,17,3,0,1,53,175,53,334,3.31,6.31
100,port,2,L1_02,5,90,90,4,29,28,1,0,0,90,436,90,706,4.84,7.84
100,port,2,L1_02,6,128,128,5,37,37,0,0,1,128,814,128,1198,6.36,9.36
100,port,2,L1_02,7,165,165,6,45,45,0,0,0,165,972,165,1467,5.89,8.89
100,port,3,L1_03,0,117,117,5,35,35,0,0,1,117,688,117,1039,5.88,8.88
100,port,3,L1_03,1,109,109,5,33,33,0,0,1,109,697,109,1024,6.39,9.39
100,port,3,L1_03,2,146,146,6,41,41,0,0,0,146,864,146,1302,5.92,8.92
100,port,3,L1_03,3,184,184,7,49,49,0,0,1,184,1371,184,1923,7.45,10.45
100,port,3,L1_03,4,69,69,3,25,22,2,0,1,69,246,69,453,3.56,6.56
100,port,3,L1_03,5,61,61,3,23,20,3,0,0,61,248,61,431,4.07,7.07
100,port,3,L1_03,6,98,98,4,31,31,0,0,1,98,549,98,843,5.6,8.6
100,port,3,L1_03,7,136,136,5,39,39,0,0,2,136,698,136,1106,5.13,8.13
100,port,4,L1_04,0,88,88,4,29,28,0,0,1,88,502,88,766,5.71,8.71
100,port,4,L1_04,1,125,125,5,37,37,0,0,0,125,655,125,1030,5.24,8.24
100,port,4,L1_04,2,117,117,5,35,35,0,0,1,117,673,117,1024,5.75,8.75
100,port,4,L1_04,3,154,154,6,43,43,0,0,1,154,1121,154,1583,7.28,10.28
100,port,4,L1_04,4,191,191,7,51,51,0,0,0,191,1301,191,1874,6.81,9.81
100,port,4,L1_04,5,77,77,4,26,24,1,0,1,77,379,77,610,4.92,7.92
100,port,4,L1_04,6,69,69,3,25,22,2,0,1,69,375,69,582,5.43,8.43
100,port,4,L1_04,7,106,106,4,33,33,0,0,0,106,526,106,844,4.96,7.96
100,port,5,L1_05,0,114,114,28,34,34,0,0,15,114,1630,114,1972,14.3,17.3
100,port,5,L1_05,1,95,95,4,30,30,0,0,0,95,482,95,767,5.07,8.07
100,port,5,L1_05,2,88,88,4,29,28,0,0,1,88,491,88,755,5.58,8.58
100,port,5,L1_05,3,125,125,5,37,37,0,0,0,125,639,125,1014,5.11,8.11
100,port,5,L1_05,4,162,162,6,44,44,0,0,1,162,1076,162,1562,6.64,9.64
100,port,5,L1_05,5,199,199,7,52,52,0,0,2,199,1626,199,2223,8.17,11.17
100,port,5,L1_05,6,192,192,7,51,51,0,0,0,192,1283,192,1859,6.68,9.68
100,port,5,L1_05,7,77,77,4,26,24,2,0,0,77,369,77,600,4.79,7.79
100,port,6,L1_06,0,181,181,7,48,48,0,0,1,181,1229,181,1772,6.79,9.79
100,port,6,L1_06,1,66,66,3,24,21,2,0,1,66,323,66,521,4.9,7.9
100,port,6,L1_06,2,103,103,4,32,32,0,0,1,103,455,103,764,4.42,7.42
100,port,6,L1_06,3,96,96,4,30,30,0,0,0,96,474,96,762,4.94,7.94
100,port,6,L1_06,4,133,133,5,38,38,0,0,1,133,861,133,1260,6.47,9.47
100,port,6,L1_06,5,170,170,6,46,46,0,0,0,170,1020,170,1530,6,9
100,port,6,L1_06,6,55,55,3,22,18,4,0,0,55,225,55,391,4.1,7.1
100,port,6,L1_06,7,200,200,7,52,52,0,0,1,200,1608,200,2208,8.04,11.04
100,port,7,L1_07,0,152,152,6,42,42,0,0,0,152,917,152,1373,6.03,9.03
100,port,7,L1_07,1,189,189,7,50,50,0,0,1,189,1427,189,1994,7.55,10.55
100,port,7,L1_07,2,74,74,4,26,24,1,0,1,74,419,74,641,5.66,8.66
100,port,7,L1_07,3,111,111,5,34,34,0,0,0,111,576,111,909,5.19,8.19
100,port,7,L1_07,4,103,103,4,32,32,0,0,1,103,588,103,897,5.71,8.71
100,port,7,L1_07,5,141,141,5,40,40,0,0,2,141,737,141,1160,5.23,8.23
100,port,7,L1_07,6,178,178,7,48,48,0,0,1,178,1203,178,1737,6.76,9.76
100,port,7,L1_07,7,63,63,3,23,20,2,0,1,63,307,63,496,4.87,7.87
100,port,8,L1_08,0,167,167,6,46,46,0,0,1,167,1147,167,1648,6.87,9.87
100,port,8,L1_08,1,159,159,6,44,44,0,0,1,159,1173,159,1650,7.38,10.38
100,port,8,L1_08,2,197,197,7,52,52,0,0,0,197,1361,197,1952,6.91,9.91
100,port,8,L1_08,3,82,82,4,27,26,0,0,1,82,412,82,658,5.02,8.02
100,port,8,L1_08,4,74,74,4,26,24,1,0,1,74,410,74,632,5.54,8.54
100,port,8,L1_08,5,111,111,5,34,34,0,0,0,111,562,111,895,5.06,8.06
100,port,8,L1_08,6,149,149,6,42,42,0,0,1,149,982,149,1429,6.59,9.59
100,port,8,L1_08,7,186,186,7,49,49,0,0,2,186,1510,186,2068,8.12,11.12
100,port,9,L1_09,0,138,138,5,39,39,0,0,1,138,925,138,1339,6.7,9.7
100,port,9,L1_09,1,130,130,5,38,38,0,0,0,130,677,130,1067,5.21,8.21
100,port,9,L1_09,2,167,167,6,46,46,0,0,1,167,1126,167,1627,6.74,9.74
100,port,9,L1_09,3,53,53,3,21,17,3,0,1,53,257,53,416,4.85,7.85
100,port,9,L1_09,4,90,90,4,29,28,1,0,0,90,394,90,664,4.38,7.38
100,port,9,L1_09,5,82,82,4,27,26,1,0,0,82,401,82,647,4.89,7.89
100,port,9,L1_09,6,119,119,5,35,35,0,0,1,119,764,119,1121,6.42,9.42
100,port,9,L1_09,7,157,157,6,43,43,0,0,0,157,934,157,1405,5.95,8.95
100,port,10,L1_10,0,108,108,5,33,33,0,0,1,108,489,108,813,4.53,7.53
100,port,10,L1_10,1,146,146,6,41,41,0,0,1,146,885,146,1323,6.06,9.06
100,port,10,L1_10,2,138,138,5,39,39,0,0,1,138,907,138,1321,6.57,9.57
100,port,10,L1_10,3,175,175,6,47,47,0,0,0,175,1068,175,1593,6.1,9.1
100,port,10,L1_10,4,60,60,3,23,20,3,0,0,60,253,60,433,4.21,7.21
100,port,10,L1_10,5,98,98,4,31,31,0,0,1,98,563,98,857,5.74,8.74
100,port,10,L1_10,6,90,90,4,29,28,1,0,0,90,383,90,653,4.25,7.25
100,port,10,L1_10,7,127,127,5,37,37,0,0,1,127,734,127,1115,5.78,8.78
100,port,11,L1_11,0,79,79,4,27,25,1,0,1,79,456,79,693,5.77,8.77
100,port,11,L1_11,1,116,116,5,35,35,0,0,0,116,614,116,962,5.29,8.29
100,port,11,L1_11,2,154,154,6,43,43,0,0,1,154,1050,154,1512,6.82,9.82
100,port,11,L1_11,3,146,146,6,41,41,0,0,2,146,780,146,1218,5.34,8.34
100,port,11,L1_11,4,183,183,7,49,49,0,0,1,183,1257,183,1806,6.87,9.87
100,port,11,L1_11,5,68,68,3,25,22,2,0,1,68,338,68,542,4.97,7.97
100,port,11,L1_11,6,106,106,4,32,32,0,0,1,106,477,106,795,4.5,7.5
100,port,11,L1_11,7,98,98,4,31,31,0,0,0,98,492,98,786,5.02,8.02
100,port,12,L1_12,0,50,50,3,21,17,4,0,0,50,180,50,330,3.6,6.6
100,port,12,L1_12,1,87,87,4,29,28,0,0,1,87,445,87,706,5.12,8.12
100,port,12,L1_12,2,124,124,5,36,36,0,0,1,124,825,124,1197,6.65,9.65
100,port,12,L1_12,3,117,117,5,35,35,0,0,0,117,605,117,956,5.17,8.17
100,port,12,L1_12,4,154,154,6,43,43,0,0,1,154,1032,154,1494,6.7,9.7
100,port,12,L1_12,5,191,191,7,51,51,0,0,2,191,1570,191,2143,8.22,11.22
100,port,12,L1_12,6,76,76,4,26,24,2,0,0,76,329,76,557,4.33,7.33
100,port,12,L1_12,7,69,69,3,25,22,2,0,1,69,335,69,542,4.85,7.85
100,port,13,L1_13,0,172,172,6,47,47,0,0,1,172,1178,172,1694,6.85,9.85
100,port,13,L1_13,1,58,58,3,22,19,2,0,1,58,287,58,461,4.95,7.95
100,port,13,L1_13,2,95,95,4,30,30,0,0,0,95,426,95,711,4.48,7.48
100,port,13,L1_13,3,132,132,5,38,38,0,0,1,132,793,132,1189,6.01,9.01
100,port,13,L1_13,4,124,124,5,36,36,0,0,1,124,810,124,1182,6.53,9.53
100,port,13,L1_13,5,162,162,6,44,44,0,0,0,162,980,162,1466,6.05,9.05
100,port,13,L1_13,6,199,199,7,52,52,0,0,1,199,1508,199,2105,7.58,10.58
100,port,13,L1_13,7,84,84,4,28,27,0,0,1,84,478,84,730,5.69,8.69
100,port,14,L1_14,0,188,188,7,50,50,0,0,1,188,1446,188,2010,7.69,10.69
100,port,14,L1_14,1,180,180,7,48,48,0,0,0,180,1116,180,1656,6.2,9.2
100,port,14,L1_14,2,66,66,3,24,21,3,0,0,66,284,66,482,4.31,7.31
100,port,14,L1_14,3,103,103,4,32,32,0,0,1,103,602,103,911,5.84,8.84
100,port,14,L1_14,4,140,140,5,40,40,0,0,0,140,752,140,1172,5.37,8.37
100,port,14,L1_14,5,132,132,5,38,38,0,0,1,132,776,132,1172,5.88,8.88
100,port,14,L1_14,6,170,170,6,46,46,0,0,1,170,1260,170,1770,7.41,10.41
100,port,14,L1_14,7,55,55,3,22,18,4,0,0,55,194,55,359,3.52,6.52
100,port,15,L1_15,0,159,159,6,44,44,0,0,1,159,1102,159,1579,6.93,9.93
100,port,15,L1_15,1,151,151,6,42,42,0,0,2,151,821,151,1274,5.44,8.44
100,port,15,L1_15,2,188,188,7,50,50,0,0,1,188,1310,188,1874,6.97,9.97
100,port,15,L1_15,3,74,74,4,26,24,1,0,1,74,376,74,598,5.08,8.08
100,port,15,L1_15,4,111,111,5,34,34,0,0,1,111,512,111,845,4.61,7.61
100,port,15,L1_15,5,103,103,4,32,32,0,0,0,103,527,103,836,5.12,8.12
100,port,15,L1_15,6,140,140,5,40,40,0,0,1,140,931,140,1351,6.65,9.65
100,port,15,L1_15,7,178,178,7,48,48,0,0,0,178,1100,178,1634,6.18,9.18
200,router,16,L2_00,-1,21,21,64,0,0,0,0,0,0,0,0,0,6.67,6.67
200,shim,96,SHIM_00_00,-1,37,37,1,0,0,0,0,0,0,0,0,0,5.5,5.5
200,router,32,L3_00_00,-1,52,52,7,0,0,0,0,0,0,0,0,0,6.1,6.1
200,shim,97,SHIM_00_01,-1,47,47,1,0,0,0,0,0,0,0,0,0,5.5,5.5
200,router,33,L3_00_01,-1,20,20,9,0,0,0,0,0,0,0,0,0,6.7,6.7
200,shim,98,SHIM_00_02,-1,16,16,2,0,0,0,0,0,0,0,0,0,7,7
200,router,34,L3_00_02,-1,18,18,8,0,0,0,0,0,0,0,0,0,6.4,6.4
200,shim,99,SHIM_00_03,-1,26,26,0,0,0,0,0,0,0,0,0,0,4,4
200,router,35,L3_00_03,-1,28,28,2,0,0,0,0,0,0,0,0,0,4.6,4.6
200,router,17,L2_01,-1,31,31,21,0,0,0,0,0,0,0,0,0,4.88,4.88
200,shim,100,SHIM_01_00,-1,24,24,2,0,0,0,0,0,0,0,0,0,7,7
200,router,36,L3_01_00,-1,39,39,4,0,0,0,0,0,0,0,0,0,5.2,5.2
200,shim,101,SHIM_01_01,-1,34,34,1,0,0,0,0,0,0,0,0,0,5.5,5.5
200,router,37,L3_01_01,-1,49,49,6,0,0,0,0,0,0,0,0,0,5.8,5.8
200,shim,102,SHIM_01_02,-1,44,44,1,0,0,0,0,0,0,0,0,0,5.5,5.5
200,router,38,L3_01_02,-1,47,47,6,0,0,0,0,0,0,0,0,0,5.8,5.8
200,shim,103,SHIM_01_03,-1,13,13,1,0,0,0,0,0,0,0,0,0,5.5,5.5
200,router,39,L3_01_03,-1,15,15,8,0,0,0,0,0,0,0,0,0,6.4,6.4
200,router,18,L2_02,-1,41,41,35,0,0,0,0,0,0,0,0,0,5.46,5.46
200,shim,104,SHIM_02_00,-1,52,52,1,0,0,0,0,0,0,0,0,0,5.5,5.5
200,router,40,L3_02_00,-1,25,25,2,0,0,0,0,0,0,0,0,0,4.6,4.6
200,shim,105,SHIM_02_01,-1,21,21,2,0,0,0,0,0,0,0,0,0,7,7
200,router,41,L3_02_01,-1,36,36,4,0,0,0,0,0,0,0,0,0,5.2,5.2
200,shim,106,SHIM_02_02,-1,31,31,1,0,0,0,0,0,0,0,0,0,5.5,5.5
200,router,42,L3_02_02,-1,33,33,3,0,0,0,0,0,0,0,0,0,4.9,4.9
200,shim,107,SHIM_02_03,-1,41,41,1,0,0,0,0,0,0,0,0,0,5.5,5.5
200,router,43,L3_02_03,-1,44,44,5,0,0,0,0,0,0,0,0,0,5.5,5.5
200,router,19,L2_03,-1,39,39,32,0,0,0,0,0,0,0,0,0,5.33,5.33
200,shim,108,SHIM_03_00,-1,39,39,1,0,0,0,0,0,0,0,0,0,5.5,5.5
200,router,44,L3_03_00,-1,12,12,7,0,0,0,0,0,0,0,0,0,6.1,6.1
200,shim,109,SHIM_03_01,-1,50,50,1,0,0,0,0,0,0,0,0,0,5.5,5.5
200,router,45,L3_03_01,-1,22,22,9,0,0,0,0,0,0,0,0,0,6.7,6.7
200,shim,110,SHIM_03_02,-1,18,18,2,0,0,0,0,0,0,0,0,0,7,7
200,router,46,L3_03_02,-1,20,20,9,0,0,0,0,0,0,0,0,0,6.7,6.7
200,shim,111,SHIM_03_03,-1,28,28,0,0,0,0,0,0,0,0,0,0,4,4
200,router,47,L3_03_03,-1,30,30,3,0,0,0,0,0,0,0,0,0,4.9,4.9
200,router,20,L2_04,-1,50,50,46,0,0,0,0,0,0,0,0,0,5.92,5.92
200,shim,112,SHIM_04_00,-1,26,26,0,0,0,0,0,0,0,0,0,0,4,4
200,router,48,L3_04_00,-1,41,41,5,0,0,0,0,0,0,0,0,0,5.5,5.5
200,shim,113,SHIM_04_01,-1,36,36,1,0,0,0,0,0,0,0,0,0,5.5,5.5
200,router,49,L3_04_01,-1,51,51,7,0,0,0,0,0,0,0,0,0,6.1,6.1
200,shim,114,SHIM_04_02,-1,47,47,1,0,0,0,0,0,0,0,0,0,5.5,5.5
200,router,50,L3_04_02,-1,49,49,6,0,0,0,0,0,0,0,0,0,5.8,5.8
200,shim,115,SHIM_04_03,-1,15,15,2,0,0,0,0,0,0,0,0,0,7,7
200,router,51,L3_04_03,-1,17,17,8,0,0,0,0,0,0,0,0,0,6.4,6.4
200,router,21,L2_05,-1,18,18,60,0,0,0,0,0,0,0,0,0,6.5,6.5
200,shim,116,SHIM_05_00,-1,13,13,1,0,0,0,0,0,0,0,0,0,5.5,5.5
200,router,52,L3_05_00,-1,27,27,2,0,0,0,0,0,0,0,0,0,4.6,4.6
200,shim,117,SHIM_05_01,-1,23,23,2,0,0,0,0,0,0,0,0,0,7,7
200,router,53,L3_05_01,-1,38,38,4,0,0,0,0,0,0,0,0,0,5.2,5.2
200,shim,118,SHIM_05_02,-1,33,33,1,0,0,0,0,0,0,0,0,0,5.5,5.5
200,router,54,L3_05_02,-1,36,36,4,0,0,0,0,0,0,0,0,0,5.2,5.2
200,shim,119,SHIM_05_03,-1,44,44,1,0,0,0,0,0,0,0,0,0,5.5,5.5
200,router,55,L3_05_03,-1,46,46,6,0,0,0,0,0,0,0,0,0,5.8,5.8
200,router,22,L2_06,-1,16,16,57,0,0,0,0,0,0,0,0,0,6.38,6.38
200,shim,120,SHIM_06_00,-1,41,41,1,0,0,0,0,0,0,0,0,0,5.5,5.5
200,router,56,L3_06_00,-1,14,14,8,0,0,0,0,0,0,0,0,0,6.4,6.4
200,shim,121,SHIM_06_01,-1,52,52,1,0,0,0,0,0,0,0,0,0,5.5,5.5
200,router,57,L3_06_01,-1,12,12,7,0,0,0,0,0,0,0,0,0,6.1,6.1
200,shim,122,SHIM_06_02,-1,20,20,2,0,0,0,0,0,0,0,0,0,7,7
200,router,58,L3_06_02,-1,22,22,9,0,0,0,0,0,0,0,0,0,6.7,6.7
200,shim,123,SHIM_06_03,-1,30,30,1,0,0,0,0,0,0,0,0,0,5.5,5.5
200,router,59,L3_06_03,-1,33,33,3,0,0,0,0,0,0,0,0,0,4.9,4.9
200,router,23,L2_07,-1,26,26,14,0,0,0,0,0,0,0,0,0,4.58,4.58
200,shim,124,SHIM_07_00,-1,28,28,0,0,0,0,0,0,0,0,0,0,4,4
200,router,60,L3_07_00,-1,43,43,5,0,0,0,0,0,0,0,0,0,5.5,5.5
200,shim,125,SHIM_07_01,-1,38,38,1,0,0,0,0,0,0,0,0,0,5.5,5.5
200,router,61,L3_07_01,-1,41,41,5,0,0,0,0,0,0,0,0,0,5.5,5.5
200,shim,126,SHIM_07_02,-1,49,49,1,0,0,0,0,0,0,0,0,0,5.5,5.5
200,router,62,L3_07_02,-1,51,51,7,0,0,0,0,0,0,0,0,0,6.1,6.1
200,shim,127,SHIM_07_03,-1,17,17,2,0,0,0,0,0,0,0,0,0,7,7
200,router,63,L3_07_03,-1,19,19,9,0,0,0,0,0,0,0,0,0,6.7,6.7
200,router,24,L2_08,-1,36,36,28,0,0,0,0,0,0,0,0,0,5.17,5.17
200,shim,128,SHIM_08_00,-1,15,15,2,0,0,0,0,0,0,0,0,0,7,7
200,router,64,L3_08_00,-1,30,30,3,0,0,0,0,0,0,0,0,0,4.9,4.9
200,shim,129,SHIM_08_01,-1,25,25,0,0,0,0,0,0,0,0,0,0,4,4
200,router,65,L3_08_01,-1,27,27,2,0,0,0,0,0,0,0,0,0,4.6,4.6
200,shim,130,SHIM_08_02,-1,35,35,1,0,0,0,0,0,0,0,0,0,5.5,5.5
200,router,66,L3_08_02,-1,38,38,4,0,0,0,0,0,0,0,0,0,5.2,5.2
200,shim,131,SHIM_08_03,-1,33,33,1,0,0,0,0,0,0,0,0,0,5.5,5.5
200,router,67,L3_08_03,-1,48,48,6,0,0,0,0,0,0,0,0,0,5.8,5.8
200,router,25,L2_09,-1,47,47,42,0,0,0,0,0,0,0,0,0,5.75,5.75
200,shim,132,SHIM_09_00,-1,44,44,1,0,0,0,0,0,0,0,0,0,5.5,5.5
200,router,68,L3_09_00,-1,16,16,8,0,0,0,0,0,0,0,0,0,6.4,6.4
200,shim,133,SHIM_09_01,-1,54,54,1,0,0,0,0,0,0,0,0,0,5.5,5.5
200,router,69,L3_09_01,-1,14,14,8,0,0,0,0,0,0,0,0,0,6.4,6.4
200,shim,134,SHIM_09_02,-1,22,22,2,0,0,0,0,0,0,0,0,0,7,7
200,router,70,L3_09_02,-1,25,25,10,0,0,0,0,0,0,0,0,0,7,7
200,shim,135,SHIM_09_03,-1,20,20,2,0,0,0,0,0,0,0,0,0,7,7
200,router,71,L3_09_03,-1,35,35,4,0,0,0,0,0,0,0,0,0,5.2,5.2
200,router,26,L2_10,-1,45,45,39,0,0,0,0,0,0,0,0,0,5.63,5.63
200,shim,136,SHIM_10_00,-1,30,30,1,0,0,0,0,0,0,0,0,0,5.5,5.5
200,router,72,L3_10_00,-1,45,45,6,0,0,0,0,0,0,0,0,0,5.8,5.8
200,shim,137,SHIM_10_01,-1,41,41,1,0,0,0,0,0,0,0,0,0,5.5,5.5
200,router,73,L3_10_01,-1,43,43,5,0,0,0,0,0,0,0,0,0,5.5,5.5
200,shim,138,SHIM_10_02,-1,51,51,1,0,0,0,0,0,0,0,0,0,5.5,5.5
200,router,74,L3_10_02,-1,53,53,7,0,0,0,0,0,0,0,0,0,6.1,6.1
200,shim,139,SHIM_10_03,-1,49,49,1,0,0,0,0,0,0,0,0,0,5.5,5.5
200,router,75,L3_10_03,-1,22,22,9,0,0,0,0,0,0,0,0,0,6.7,6.7
200,router,27,L2_11,-1,13,13,53,0,0,0,0,0,0,0,0,0,6.21,6.21
200,shim,140,SHIM_11_00,-1,17,17,2,0,0,0,0,0,0,0,0,0,7,7
200,router,76,L3_11_00,-1,32,32,3,0,0,0,0,0,0,0,0,0,4.9,4.9
200,shim,141,SHIM_11_01,-1,27,27,0,0,0,0,0,0,0,0,0,0,4,4
200,router,77,L3_11_01,-1,30,30,3,0,0,0,0,0,0,0,0,0,4.9,4.9
200,shim,142,SHIM_11_02,-1,38,38,1,0,0,0,0,0,0,0,0,0,5.5,5.5
200,router,78,L3_11_02,-1,40,40,5,0,0,0,0,0,0,0,0,0,5.5,5.5
200,shim,143,SHIM_11_03,-1,35,35,1,0,0,0,0,0,0,0,0,0,5.5,5.5
200,router,79,L3_11_03,-1,50,50,6,0,0,0,0,0,0,0,0,0,5.8,5.8
200,router,28,L2_12,-1,23,23,67,0,0,0,0,0,0,0,0,0,6.79,6.79
200,shim,144,SHIM_12_00,-1,46,46,1,0,0,0,0,0,0,0,0,0,5.5,5.5
200,router,80,L3_12_00,-1,19,19,8,0,0,0,0,0,0,0,0,0,6.4,6.4
200,shim,145,SHIM_12_01,-1,14,14,2,0,0,0,0,0,0,0,0,0,7,7
200,router,81,L3_12_01,-1,16,16,8,0,0,0,0,0,0,0,0,0,6.4,6.4
200,shim,146,SHIM_12_02,-1,24,24,2,0,0,0,0,0,0,0,0,0,7,7
200,router,82,L3_12_02,-1,27,27,2,0,0,0,0,0,0,0,0,0,4.6,4.6
200,shim,147,SHIM_12_03,-1,22,22,2,0,0,0,0,0,0,0,0,0,7,7
200,router,83,L3_12_03,-1,37,37,4,0,0,0,0,0,0,0,0,0,5.2,5.2
200,router,29,L2_13,-1,33,33,24,0,0,0,0,0,0,0,0,0,5,5
200,shim,148,SHIM_13_00,-1,32,32,1,0,0,0,0,0,0,0,0,0,5.5,5.5
200,router,84,L3_13_00,-1,47,47,6,0,0,0,0,0,0,0,0,0,5.8,5.8
200,shim,149,SHIM_13_01,-1,43,43,1,0,0,0,0,0,0,0,0,0,5.5,5.5
200,router,85,L3_13_01,-1,45,45,6,0,0,0,0,0,0,0,0,0,5.8,5.8
200,shim,150,SHIM_13_02,-1,53,53,1,0,0,0,0,0,0,0,0,0,5.5,5.5
200,router,86,L3_13_02,-1,13,13,7,0,0,0,0,0,0,0,0,0,6.1,6.1
200,shim,151,SHIM_13_03,-1,51,51,1,0,0,0,0,0,0,0,0,0,5.5,5.5
200,router,87,L3_13_03,-1,24,24,9,0,0,0,0,0,0,0,0,0,6.7,6.7
200,router,30,L2_14,-1,31,31,21,0,0,0,0,0,0,0,0,0,4.88,4.88
200,shim,152,SHIM_14_00,-1,19,19,2,0,0,0,0,0,0,0,0,0,7,7
200,router,88,L3_14_00,-1,34,34,3,0,0,0,0,0,0,0,0,0,4.9,4.9
200,shim,153,SHIM_14_01,-1,30,30,1,0,0,0,0,0,0,0,0,0,5.5,5.5
200,router,89,L3_14_01,-1,32,32,3,0,0,0,0,0,0,0,0,0,4.9,4.9
200,shim,154,SHIM_14_02,-1,40,40,1,0,0,0,0,0,0,0,0,0,5.5,5.5
200,router,90,L3_14_02,-1,42,42,5,0,0,0,0,0,0,0,0,0,5.5,5.5
200,shim,155,SHIM_14_03,-1,38,38,1,0,0,0,0,0,0,0,0,0,5.5,5.5
200,router,91,L3_14_03,-1,52,52,7,0,0,0,0,0,0,0,0,0,6.1,6.1
200,router,31,L2_15,-1,42,42,35,0,0,0,0,0,0,0,0,0,5.46,5.46
200,shim,156,SHIM_15_00,-1,48,48,1,0,0,0,0,0,0,0,0,0,5.5,5.5
200,router,92,L3_15_00,-1,50,50,6,0,0,0,0,0,0,0,0,0,5.8,5.8
200,shim,157,SHIM_15_01,-1,16,16,2,0,0,0,0,0,0,0,0,0,7,7
200,router,93,L3_15_01,-1,19,19,8,0,0,0,0,0,0,0,0,0,6.4,6.4
200,shim,158,SHIM_15_02,-1,27,27,0,0,0,0,0,0,0,0,0,0,4,4
200,router,94,L3_15_02,-1,29,29,3,0,0,0,0,0,0,0,0,0,4.9,4.9
200,shim,159,SHIM_15_03,-1,24,24,2,0,0,0,0,0,0,0,0,0,7,7
200,router,95,L3_15_03,-1,39,39,4,0,0,0,0,0,0,0,0,0,5.2,5.2
200,router,0,L1_00,-1,32,32,20,0,0,0,0,0,0,0,0,0,4.94,4.94
200,router,1,L1_01,-1,42,42,32,0,0,0,0,0,0,0,0,0,5.5,5.5
200,router,2,L1_02,-1,53,53,44,0,0,0,0,0,0,0,0,0,6.06,6.06
200,router,3,L1_03,-1,50,50,42,0,0,0,0,0,0,0,0,0,5.97,5.97
200,router,4,L1_04,-1,19,19,54,0,0,0,0,0,0,0,0,0,6.53,6.53
200,router,5,L1_05,-1,29,29,16,0,0,0,0,0,0,0,0,0,4.75,4.75
200,router,6,L1_06,-1,39,39,28,0,0,0,0,0,0,0,0,0,5.31,5.31
200,router,7,L1_07,-1,37,37,26,0,0,0,0,0,0,0,0,0,5.22,5.22
200,router,8,L1_08,-1,47,47,38,0,0,0,0,0,0,0,0,0,5.78,5.78
200,router,9,L1_09,-1,16,16,50,0,0,0,0,0,0,0,0,0,6.34,6.34
200,router,10,L1_10,-1,26,26,13,0,0,0,0,0,0,0,0,0,4.61,4.61
200,router,11,L1_11,-1,24,24,60,0,0,0,0,0,0,0,0,0,6.81,6.81
200,router,12,L1_12,-1,34,34,22,0,0,0,0,0,0,0,0,0,5.03,5.03
200,router,13,L1_13,-1,44,44,35,0,0,0,0,0,0,0,0,0,5.64,5.64
200,router,14,L1_14,-1,13,13,47,0,0,0,0,0,0,0,0,0,6.2,6.2
200,router,15,L1_15,-1,53,53,44,0,0,0,0,0,0,0,0,0,6.06,6.06
200,endpoint,320,LLCH_00,-1,37,37,0,0,0,0,0,0,0,0,0,0,4,4
200,endpoint,324,LLCH_01,-1,24,24,0,0,0,0,0,0,0,0,0,0,4,4
200,endpoint,328,LLCH_02,-1,53,53,0,0,0,0,0,0,0,0,0,0,4,4
200,endpoint,332,LLCH_03,-1,40,40,0,0,0,0,0,0,0,0,0,0,4,4
200,endpoint,336,LLCH_04,-1,26,26,0,0,0,0,0,0,0,0,0,0,4,4
200,endpoint,340,LLCH_05,-1,13,13,0,0,0,0,0,0,0,0,0,0,4,4
200,endpoint,344,LLCH_06,-1,42,42,0,0,0,0,0,0,0,0,0,0,4,4
200,endpoint,348,LLCH_07,-1,28,28,0,0,0,0,0,0,0,0,0,0,4,4
200,endpoint,352,LLCH_08,-1,15,15,0,0,0,0,0,0,0,0,0,0,4,4
200,endpoint,356,LLCH_09,-1,44,44,0,0,0,0,0,0,0,0,0,0,4,4
200,endpoint,360,LLCH_10,-1,31,31,0,0,0,0,0,0,0,0,0,0,4,4
200,endpoint,364,LLCH_11,-1,17,17,0,0,0,0,0,0,0,0,0,0,4,4
200,endpoint,368,LLCH_12,-1,46,46,0,0,0,0,0,0,0,0,0,0,4,4
200,endpoint,372,LLCH_13,-1,33,33,0,0,0,0,0,0,0,0,0,0,4,4
200,endpoint,376,LLCH_14,-1,20,20,0,0,0,0,0,0,0,0,0,0,4,4
200,endpoint,380,LLCH_15,-1,36,36,0,0,0,0,0,0,0,0,0,0,4,4
200,port,16,L2_00,0,53,53,3,21,17,4,0,0,53,215,53,374,4.05,7.05
200,port,16,L2_00,1,91,91,4,29,29,0,0,1,91,508,91,781,5.58,8.58
200,port,16,L2_00,2,83,83,4,28,26,2,0,0,83,339,83,588,4.09,7.09
200,port,16,L2_00,3,120,120,5,36,36,0,0,1,120,674,120,1034,5.62,8.62
200,port,16,L2_00,4,157,157,6,43,43,0,0,1,157,1123,157,1594,7.15,10.15
200,port,16,L2_00,5,195,195,7,51,51,0,0,0,195,1301,195,1886,6.67,9.67
200,port,16,L2_00,6,187,187,7,50,50,0,0,1,187,1345,187,1906,7.19,10.19
200,port,16,L2_00,7,72,72,4,25,23,1,0,1,72,382,72,598,5.3,8.3
200,port,16,L2_00,8,109,109,5,33,33,0,0,0,109,526,109,853,4.83,7.83
200,port,32,L3_00_00,0,44,44,2,47,47,0,0,0,44,275,44,407,6.26,9.26
200,port,32,L3_00_00,1,42,42,2,46,46,0,0,1,42,284,42,410,6.77,9.77
200,port,32,L3_00_00,2,13,13,1,21,17,3,0,1,13,63,13,102,4.88,7.88
200,port,32,L3_00_00,3,22,22,1,29,28,1,0,0,22,97,22,163,4.41,7.41
200,port,32,L3_00_00,4,32,32,1,37,37,0,0,1,32,190,32,286,5.93,8.93
200,port,33,L3_00_01,0,36,36,1,41,41,0,0,1,36,219,36,327,6.09,9.09
200,port,33,L3_00_01,1,46,46,2,49,49,0,0,1,46,350,46,488,7.61,10.61
200,port,33,L3_00_01,2,44,44,2,47,47,0,0,0,44,270,44,402,6.13,9.13
200,port,33,L3_00_01,3,15,15,1,23,20,3,0,0,15,64,15,109,4.24,7.24
200,port,33,L3_00_01,4,24,24,1,31,30,0,0,1,24,138,24,210,5.76,8.76
200,port,34,L3_00_02,0,29,29,1,35,35,0,0,0,29,154,29,241,5.32,8.32
200,port,34,L3_00_02,1,38,38,1,43,43,0,0,1,38,260,38,374,6.85,9.85
200,port,34,L3_00_02,2,48,48,2,51,51,0,0,2,48,306,48,450,6.38,9.38
200,port,34,L3_00_02,3,46,46,2,49,49,0,0,1,46,317,46,455,6.89,9.89
200,port,34,L3_00_02,4,17,17,1,25,22,2,0,1,17,85,17,136,5,8
200,port,35,L3_00_03,0,22,22,1,29,28,0,0,1,22,113,22,179,5.15,8.15
200,port,35,L3_00_03,1,31,31,1,36,36,0,0,1,31,207,31,300,6.68,9.68
200,port,35,L3_00_03,2,40,40,2,44,44,0,0,0,40,248,40,368,6.21,9.21
200,port,35,L3_00_03,3,38,38,1,43,43,0,0,1,38,255,38,369,6.72,9.72
200,port,35,L3_00_03,4,48,48,2,51,51,0,0,2,48,396,48,540,8.25,11.25
200,port,17,L2_01,0,176,176,7,47,47,0,0,1,176,1285,176,1813,7.3,10.3
200,port,17,L2_01,1,61,61,3,23,20,2,0,1,61,207,61,390,3.4,6.4
200,port,17,L2_01,2,99,99,4,31,31,0,0,0,99,488,99,785,4.93,7.93
200,port,17,L2_01,3,91,91,4,29,29,0,0,1,91,496,91,769,5.45,8.45
200,port,17,L2_01,4,128,128,5,37,37,0,0,1,128,637,128,1021,4.98,7.98
200,port,17,L2_01,5,165,165,6,45,45,0,0,1,165,1073,165,1568,6.5,9.5
200,port,17,L2_01,6,51,51,3,21,17,3,0,1,51,235,51,388,4.61,7.61
200,port,17,L2_01,7,195,195,7,51,51,0,0,0,195,1277,195,1862,6.55,9.55
200,port,17,L2_01,8,80,80,4,27,25,2,0,0,80,373,80,613,4.66,7.66
200,port,36,L3_01_00,0,14,14,1,22,18,3,0,1,14,70,14,112,4.98,7.98
200,port,36,L3_01_00,1,24,24,1,30,30,0,0,0,24,108,24,180,4.51,7.51
200,port,36,L3_01_00,2,33,33,1,38,38,0,0,1,33,199,33,298,6.04,9.04
200,port,36,L3_01_00,3,42,42,2,46,46,0,0,1,42,318,42,444,7.57,10.57
200,port,36,L3_01_00,4,40,40,2,44,44,0,0,0,40,243,40,363,6.08,9.08
200,port,37,L3_01_01,0,18,18,1,26,23,3,0,0,18,69,18,123,3.83,6.83
200,port,37,L3_01_01,1,16,16,1,24,21,3,0,0,16,69,16,117,4.34,7.34
200,port,37,L3_01_01,2,26,26,1,32,32,0,0,1,26,153,26,231,5.87,8.87
200,port,37,L3_01_01,3,35,35,1,40,40,0,0,0,35,189,35,294,5.4,8.4
200,port,37,L3_01_01,4,44,44,2,48,48,0,0,1,44,304,44,436,6.92,9.92
200,port,38,L3_01_02,0,49,49,2,52,52,0,0,2,49,318,49,465,6.48,9.48
200,port,38,L3_01_02,1,47,47,2,50,50,0,0,1,47,329,47,470,7,10
200,port,38,L3_01_02,2,18,18,1,26,23,2,0,1,18,92,18,146,5.11,8.11
200,port,38,L3_01_02,3,28,28,1,34,34,0,0,0,28,130,28,214,4.63,7.63
200,port,38,L3_01_02,4,37,37,1,41,41,0,0,1,37,228,37,339,6.16,9.16
200,port,39,L3_01_03,0,42,42,2,45,45,0,0,0,42,265,42,391,6.31,9.31
200,port,39,L3_01_03,1,13,13,1,21,17,4,0,0,13,57,13,96,4.42,7.42
200,port,39,L3_01_03,2,49,49,2,52,52,0,0,2,49,410,49,557,8.36,11.36
200,port,39,L3_01_03,3,20,20,1,27,25,2,0,0,20,89,20,149,4.46,7.46
200,port,39,L3_01_03,4,30,30,1,35,35,0,0,1,30,180,30,270,5.99,8.99
200,port,18,L2_02,0,147,147,6,41,41,0,0,1,147,1048,147,1489,7.13,10.13
200,port,18,L2_02,1,184,184,7,49,49,0,0,0,184,1224,184,1776,6.65,9.65
200,port,18,L2_02,2,69,69,3,25,22,2,0,1,69,328,69,535,4.76,7.76
200,port,18,L2_02,3,62,62,3,23,20,2,0,1,62,327,62,513,5.28,8.28
200,port,18,L2_02,4,99,99,4,31,31,0,0,0,99,476,99,773,4.81,7.81
200,port,18,L2_02,5,136,136,5,39,39,0,0,1,136,861,136,1269,6.33,9.33
200,port,18,L2_02,6,173,173,6,47,47,0,0,2,173,1360,173,1879,7.86,10.86
200,port,18,L2_02,7,165,165,6,45,45,0,0,0,165,1053,165,1548,6.38,9.38
200,port,18,L2_02,8,51,51,3,21,17,3,0,1,51,229,51,382,4.49,7.49
200,port,40,L3_02_00,0,34,34,1,39,39,0,0,1,34,209,34,311,6.14,9.14
200,port,40,L3_02_00,1,44,44,2,47,47,0,0,2,44,337,44,469,7.67,10.67
200,port,40,L3_02_00,2,15,15,1,23,20,3,0,0,15,57,15,102,3.78,6.78
200,port,40,L3_02_00,3,13,13,1,21,17,4,0,0,13,56,13,95,4.29,7.29
200,port,40,L3_02_00,4,22,22,1,29,28,0,0,1,22,128,22,194,5.82,8.82
200,port,41,L3_02_01,0,27,27,1,33,33,0,0,1,27,161,27,242,5.97,8.97
200,port,41,L3_02_01,1,36,36,1,41,41,0,0,0,36,198,36,306,5.5,8.5
200,port,41,L3_02_01,2,46,46,2,49,49,0,0,1,46,323,46,461,7.03,10.03
200,port,41,L3_02_01,3,44,44,2,47,47,0,0,1,44,332,44,464,7.54,10.54
200,port,41,L3_02_01,4,15,15,1,23,20,3,0,0,15,55,15,100,3.65,6.65
200,port,42,L3_02_02,0,20,20,1,27,25,1,0,1,20,104,20,164,5.21,8.21
200,port,42,L3_02_02,1,29,29,1,35,35,0,0,1,29,137,29,224,4.74,7.74
200,port,42,L3_02_02,2,38,38,1,43,43,0,0,1,38,238,38,352,6.27,9.27
200,port,42,L3_02_02,3,48,48,2,50,50,0,0,1,48,374,48,518,7.79,10.79
200,port,42,L3_02_02,4,46,46,2,49,49,0,0,0,46,290,46,428,6.31,9.31
200,port,43,L3_02_03,0,24,24,1,30,30,0,0,1,24,145,24,217,6.05,9.05
200,port,43,L3_02_03,1,22,22,1,28,28,0,0,0,22,101,22,167,4.57,7.57
200,port,43,L3_02_03,2,31,31,1,36,36,0,0,1,31,189,31,282,6.1,9.1
200,port,43,L3_02_03,3,40,40,2,44,44,0,0,2,40,225,40,345,5.62,8.62
200,port,43,L3_02_03,4,50,50,2,52,52,0,0,1,50,358,50,508,7.15,10.15
200,port,19,L2_03,0,117,117,5,35,35,0,0,1,117,744,117,1095,6.36,9.36
200,port,19,L2_03,1,155,155,6,43,43,0,0,0,155,913,155,1378,5.89,8.89
200,port,19,L2_03,2,192,192,7,51,51,0,0,1,192,1425,192,2001,7.42,10.42
200,port,19,L2_03,3,77,77,4,26,24,1,0,1,77,426,77,657,5.53,8.53
200,port,19,L2_03,4,69,69,3,25,22,3,0,0,69,279,69,486,4.04,7.04
200,port,19,L2_03,5,107,107,5,33,33,0,0,1,107,596,107,917,5.57,8.57
200,port,19,L2_03,6,144,144,6,41,41,0,0,1,144,1022,144,1454,7.1,10.1
200,port,19,L2_03,7,181,181,7,48,48,0,0,0,181,1200,181,1743,6.63,9.63
200,port,19,L2_03,8,173,173,6,47,47,0,0,1,173,1235,173,1754,7.14,10.14
200,port,44,L3_03_00,0,16,16,1,24,21,3,0,0,16,62,16,110,3.88,6.88
200,port,44,L3_03_00,1,26,26,1,32,32,0,0,1,26,141,26,219,5.41,8.41
200,port,44,L3_03_00,2,24,24,1,30,30,0,0,1,24,142,24,214,5.93,8.93
200,port,44,L3_03_00,3,33,33,1,38,38,0,0,0,33,180,33,279,5.45,8.45
200,port,44,L3_03_00,4,42,42,2,46,46,0,0,1,42,293,42,419,6.98,9.98
200,port,45,L3_03_01,0,47,47,2,50,50,0,0,1,47,335,47,476,7.13,10.13
200,port,45,L3_03_01,1,18,18,1,25,23,1,0,1,18,94,18,148,5.24,8.24
200,port,45,L3_03_01,2,16,16,1,24,21,3,0,0,16,60,16,108,3.76,6.76
200,port,45,L3_03_01,3,26,26,1,32,32,0,0,1,26,137,26,215,5.28,8.28
200,port,45,L3_03_01,4,35,35,1,40,40,0,0,1,35,238,35,343,6.81,9.81
200,port,46,L3_03_02,0,40,40,2,44,44,0,0,1,40,255,40,375,6.37,9.37
200,port,46,L3_03_02,1,49,49,2,52,52,0,0,1,49,387,49,534,7.9,10.9
200,port,46,L3_03_02,2,20,20,1,27,25,2,0,0,20,80,20,140,4.01,7.01
200,port,46,L3_03_02,3,18,18,1,26,23,3,0,0,18,81,18,135,4.52,7.52
200,port,46,L3_03_02,4,28,28,1,33,33,0,0,1,28,169,28,253,6.05,9.05
200,port,47,L3_03_03,0,32,32,1,37,37,0,0,1,32,198,32,294,6.2,9.2
200,port,47,L3_03_03,1,42,42,2,45,45,0,0,2,42,325,42,451,7.73,10.73
200,port,47,L3_03_03,2,13,13,1,21,17,4,0,0,13,50,13,89,3.84,6.84
200,port,47,L3_03_03,3,22,22,1,29,28,0,0,1,22,118,22,184,5.36,8.36
200,port,47,L3_03_03,4,20,20,1,27,25,1,0,1,20,78,20,138,3.88,6.88
200,port,20,L2_04,0,133,133,5,38,38,0,0,0,133,693,133,1092,5.21,8.21
200,port,20,L2_04,1,125,125,5,37,37,0,0,1,125,715,125,1090,5.72,8.72
200,port,20,L2_04,2,163,163,6,45,45,0,0,1,163,1182,163,1671,7.25,10.25
200,port,20,L2_04,3,200,200,7,52,52,0,0,0,200,1356,200,1956,6.78,9.78
200,port,20,L2_04,4,85,85,4,28,27,1,0,0,85,416,85,671,4.89,7.89
200,port,20,L2_04,5,77,77,4,26,24,1,0,1,77,416,77,647,5.4,8.4
200,port,20,L2_04,6,115,115,5,34,34,0,0,0,115,567,115,912,4.93,7.93
200,port,20,L2_04,7,152,152,6,42,42,0,0,1,152,982,152,1438,6.46,9.46
200,port,20,L2_04,8,189,189,7,50,50,0,0,2,189,1510,189,2077,7.99,10.99
200,port,48,L3_04_00,0,25,25,1,31,31,0,0,1,25,151,25,226,6.03,9.03
200,port,48,L3_04_00,1,34,34,1,39,39,0,0,0,34,189,34,291,5.56,8.56
200,port,48,L3_04_00,2,44,44,2,47,47,0,0,1,44,312,44,444,7.09,10.09
200,port,48,L3_04_00,3,15,15,1,23,20,2,0,1,15,78,15,123,5.19,8.19
200,port,48,L3_04_00,4,13,13,1,21,17,4,0,0,13,48,13,87,3.71,6.71
200,port,49,L3_04_01,0,29,29,1,35,35,0,0,0,29,141,29,228,4.87,7.87
200,port,49,L3_04_01,1,27,27,1,33,33,0,0,1,27,146,27,227,5.39,8.39
200,port,49,L3_04_01,2,36,36,1,41,41,0,0,1,36,249,36,357,6.92,9.92
200,port,49,L3_04_01,3,46,46,2,49,49,0,0,0,46,296,46,434,6.44,9.44
200,port,49,L3_04_01,4,17,17,1,24,22,2,0,0,17,77,17,128,4.55,7.55
200,port,50,L3_04_02,0,22,22,1,28,28,0,0,0,22,90,22,156,4.11,7.11
200,port,50,L3_04_02,1,31,31,1,36,36,0,0,1,31,175,31,268,5.64,8.64
200,port,50,L3_04_02,2,29,29,1,35,35,0,0,1,29,178,29,265,6.15,9.15
200,port,50,L3_04_02,3,38,38,1,42,42,0,0,0,38,216,38,330,5.68,8.68
200,port,50,L3_04_02,4,47,47,2,50,50,0,0,1,47,339,47,480,7.21,10.21
200,port,51,L3_04_03,0,14,14,1,22,18,4,0,0,14,55,14,97,3.94,6.94
200,port,51,L3_04_03,1,23,23,1,30,29,0,0,1,23,126,23,195,5.47,8.47
200,port,51,L3_04_03,2,22,22,1,28,28,0,0,1,22,88,22,154,3.98,6.98
200,port,51,L3_04_03,3,31,31,1,36,36,0,0,0,31,171,31,264,5.51,8.51
200,port,51,L3_04_03,4,40,40,2,44,44,0,0,1,40,282,40,402,7.04,10.04
200,port,21,L2_05,0,104,104,4,32,32,0,0,0,104,524,104,836,5.04,8.04
200,port,21,L2_05,1,141,141,6,40,40,0,0,1,141,926,141,1349,6.57,9.57
200,port,21,L2_05,2,245,245,32,62,62,0,0,28,245,6517,245,7252,26.6,29.6
200,port,21,L2_05,3,171,171,6,46,46,0,0,1,171,1130,171,1643,6.61,9.61
200,port,21,L2_05,4,56,56,3,22,18,3,0,1,56,264,56,432,4.72,7.72
200,port,21,L2_05,5,48,48,3,20,16,4,0,0,48,155,48,299,3.23,6.23
200,port,21,L2_05,6,85,85,4,28,27,1,0,0,85,405,85,660,4.76,7.76
200,port,21,L2_05,7,122,122,5,36,36,0,0,1,122,767,122,1133,6.29,9.29
200,port,21,L2_05,8,160,160,6,44,44,0,0,0,160,931,160,1411,5.82,8.82
200,port,52,L3_05_00,0,45,45,2,48,48,0,0,1,45,324,45,459,7.19,10.19
200,port,52,L3_05_00,1,16,16,1,24,21,2,0,1,16,85,16,133,5.3,8.3
200,port,52,L3_05_00,2,25,25,1,32,31,1,0,0,25,121,25,196,4.83,7.83
200,port,52,L3_05_00,3,24,24,1,30,30,0,0,1,24,128,24,200,5.34,8.34
200,port,52,L3_05_00,4,33,33,1,38,38,0,0,1,33,227,33,326,6.87,9.87
200,port,53,L3_05_01,0,37,37,1,42,42,0,0,1,37,260,37,371,7.02,10.02
200,port,53,L3_05_01,1,47,47,2,50,50,0,0,0,47,308,47,449,6.55,9.55
200,port,53,L3_05_01,2,18,18,1,25,23,2,0,0,18,84,18,138,4.66,7.66
200,port,53,L3_05_01,3,27,27,1,33,33,0,0,1,27,167,27,248,6.18,9.18
200,port,53,L3_05_01,4,25,25,1,32,31,1,0,0,25,118,25,193,4.7,7.7
200,port,54,L3_05_02,0,41,41,2,45,45,0,0,1,41,298,41,421,7.27,10.27
200,port,54,L3_05_02,1,39,39,1,44,44,0,0,0,39,226,39,343,5.79,8.79
200,port,54,L3_05_02,2,49,49,2,51,51,0,0,1,49,358,49,505,7.31,10.31
200,port,54,L3_05_02,3,20,20,1,27,25,1,0,1,20,108,20,168,5.42,8.42
200,port,54,L3_05_02,4,18,18,1,25,23,2,0,0,18,71,18,125,3.94,6.94
200,port,55,L3_05_03,0,34,34,1,39,39,0,0,1,34,173,34,275,5.1,8.1
200,port,55,L3_05_03,1,32,32,1,37,37,0,0,0,32,180,32,276,5.62,8.62
200,port,55,L3_05_03,2,41,41,2,45,45,0,0,1,41,293,41,416,7.14,10.14
200,port,55,L3_05_03,3,13,13,1,21,17,3,0,1,13,42,13,81,3.25,6.25
200,port,55,L3_05_03,4,22,22,1,29,28,1,0,0,22,105,22,171,4.78,7.78
200,port,22,L2_06,0,74,74,4,26,24,2,0,0,74,317,74,539,4.28,7.28
200,port,22,L2_06,1,112,112,5,34,34,0,0,1,112,650,112,986,5.8,8.8
200,port,22,L2_06,2,104,104,4,32,32,0,0,1,104,657,104,969,6.32,9.32
200,port,22,L2_06,3,141,141,6,40,40,0,0,0,141,825,141,1248,5.85,8.85
200,port,22,L2_06,4,178,178,7,48,48,0,0,1,178,1312,178,1846,7.37,10.37
200,port,22,L2_06,5,64,64,3,24,21,2,0,1,64,223,64,415,3.48,6.48
200,port,22,L2_06,6,56,56,3,22,18,4,0,0,56,224,56,392,4,7
200,port,22,L2_06,7,93,93,4,30,29,0,0,1,93,514,93,793,5.53,8.53
200,port,22,L2_06,8,130,130,5,38,38,0,0,2,130,657,130,1047,5.05,8.05
200,port,56,L3_06_00,0,27,27,1,33,33,0,0,0,27,133,27,214,4.93,7.93
200,port,56,L3_06_00,1,36,36,1,41,41,0,0,1,36,233,36,341,6.46,9.46
200,port,56,L3_06_00,2,34,34,1,39,39,0,0,1,34,237,34,339,6.97,9.97
200,port,56,L3_06_00,3,43,43,2,47,47,0,0,0,43,280,43,409,6.5,9.5
200,port,56,L3_06_00,4,15,15,1,23,20,2,0,1,15,69,15,114,4.61,7.61
200,port,57,L3_06_01,0,19,19,1,26,24,2,0,0,19,79,19,136,4.17,7.17
200,port,57,L3_06_01,1,29,29,1,34,34,0,0,1,29,165,29,252,5.7,8.7
200,port,57,L3_06_01,2,38,38,1,42,42,0,0,1,38,274,38,388,7.22,10.22
200,port,57,L3_06_01,3,36,36,1,41,41,0,0,0,36,207,36,315,5.74,8.74
200,port,57,L3_06_01,4,45,45,2,49,49,0,0,1,45,327,45,462,7.27,10.27
200,port,58,L3_06_02,0,12,12,1,20,16,4,0,0,12,48,12,84,4,7
200,port,58,L3_06_02,1,21,21,1,28,27,0,0,1,21,116,21,179,5.53,8.53
200,port,58,L3_06_02,2,31,31,1,36,36,0,0,0,31,157,31,250,5.05,8.05
200,port,58,L3_06_02,3,29,29,1,34,34,0,0,1,29,162,29,249,5.57,8.57
200,port,58,L3_06_02,4,38,38,1,42,42,0,0,1,38,270,38,384,7.1,10.1
200,port,59,L3_06_03,0,43,43,2,46,46,0,0,1,43,312,43,441,7.25,10.25
200,port,59,L3_06_03,1,14,14,1,22,18,3,0,1,14,47,14,89,3.36,6.36
200,port,59,L3_06_03,2,23,23,1,30,29,1,0,0,23,112,23,181,4.88,7.88
200,port,59,L3_06_03,3,33,33,1,38,38,0,0,1,33,212,33,311,6.41,9.41
200,port,59,L3_06_03,4,31,31,1,36,36,0,0,0,31,153,31,246,4.93,7.93
200,port,23,L2_07,0,197,197,7,52,52,0,0,1,197,1483,197,2074,7.53,10.53
200,port,23,L2_07,1,82,82,4,27,26,0,0,1,82,462,82,708,5.63,8.63
200,port,23,L2_07,2,120,120,5,35,35,0,0,0,120,619,120,979,5.16,8.16
200,port,23,L2_07,3,112,112,5,34,34,0,0,1,112,636,112,972,5.68,8.68
200,port,23,L2_07,4,149,149,6,42,42,0,0,1,149,1073,149,1520,7.2,10.2
200,port,23,L2_07,5,186,186,7,50,50,0,0,0,186,1252,186,1810,6.73,9.73
200,port,23,L2_07,6,72,72,4,25,23,1,0,1,72,348,72,564,4.84,7.84
200,port,23,L2_07,7,64,64,3,24,21,2,0,1,64,343,64,535,5.36,8.36
200,port,23,L2_07,8,101,101,4,31,31,0,0,0,101,493,101,796,4.88,7.88
200,port,60,L3_07_00,0,47,47,2,50,50,0,0,2,47,380,47,521,8.09,11.09
200,port,60,L3_07_00,1,45,45,2,48,48,0,0,0,45,297,45,432,6.61,9.61
200,port,60,L3_07_00,2,16,16,1,24,21,2,0,1,16,75,16,123,4.71,7.71
200,port,60,L3_07_00,3,25,25,1,32,31,0,0,1,25,156,25,231,6.24,9.24
200,port,60,L3_07_00,4,35,35,1,39,39,0,0,0,35,202,35,307,5.77,8.77
200,port,61,L3_07_01,0,39,39,1,43,43,0,0,1,39,286,39,403,7.33,10.33
200,port,61,L3_07_01,1,37,37,1,42,42,0,0,0,37,216,37,327,5.84,8.84
200,port,61,L3_07_01,2,47,47,2,50,50,0,0,1,47,346,47,487,7.37,10.37
200,port,61,L3_07_01,3,18,18,1,25,23,1,0,1,18,99,18,153,5.48,8.48
200,port,61,L3_07_01,4,27,27,1,33,33,0,0,0,27,135,27,216,5.01,8.01
200,port,62,L3_07_02,0,32,32,1,37,37,0,0,0,32,165,32,261,5.16,8.16
200,port,62,L3_07_02,1,41,41,2,45,45,0,0,1,41,274,41,397,6.69,9.69
200,port,62,L3_07_02,2,39,39,1,43,43,0,0,1,39,281,39,398,7.2,10.2
200,port,62,L3_07_02,3,49,49,2,51,51,0,0,0,49,330,49,477,6.73,9.73
200,port,62,L3_07_02,4,20,20,1,27,25,2,0,0,20,97,20,157,4.84,7.84
200,port,63,L3_07_03,0,25,25,1,31,31,0,0,0,25,125,25,200,4.99,7.99
200,port,63,L3_07_03,1,34,34,1,39,39,0,0,1,34,222,34,324,6.52,9.52
200,port,63,L3_07_03,2,43,43,2,47,47,0,0,0,43,260,43,389,6.04,9.04
200,port,63,L3_07_03,3,41,41,2,45,45,0,0,1,41,269,41,392,6.56,9.56
200,port,63,L3_07_03,4,13,13,1,21,17,3,0,1,13,61,13,100,4.67,7.67
200,port,24,L2_08,0,168,168,6,46,46,0,0,1,168,1235,168,1739,7.35,10.35
200,port,24,L2_08,1,53,53,3,21,17,4,0,0,53,183,53,342,3.46,6.46
200,port,24,L2_08,2,90,90,4,29,28,1,0,0,90,449,90,719,4.99,7.99
200,port,24,L2_08,3,127,127,5,37,37,0,0,1,127,828,127,1209,6.52,9.52
200,port,24,L2_08,4,120,120,5,35,35,0,0,0,120,604,120,964,5.03,8.03
200,port,24,L2_08,5,157,157,6,43,43,0,0,1,157,1030,157,1501,6.56,9.56
200,port,24,L2_08,6,194,194,7,51,51,0,0,2,194,1569,194,2151,8.09,11.09
200,port,24,L2_08,7,79,79,4,27,25,2,0,0,79,332,79,569,4.2,7.2
200,port,24,L2_08,8,72,72,4,25,23,2,0,0,72,339,72,555,4.71,7.71
200,port,64,L3_08_00,0,17,17,1,25,22,2,0,1,17,82,17,133,4.82,7.82
200,port,64,L3_08_00,1,27,27,1,33,33,0,0,1,27,171,27,252,6.35,9.35
200,port,64,L3_08_00,2,36,36,1,41,41,0,0,0,36,211,36,319,5.87,8.87
200,port,64,L3_08_00,3,34,34,1,39,39,0,0,1,34,217,34,319,6.39,9.39
200,port,64,L3_08_00,4,43,43,2,47,47,0,0,2,43,255,43,384,5.92,8.92
200,port,65,L3_08_01,0,48,48,2,51,51,0,0,1,48,359,48,503,7.48,10.48
200,port,65,L3_08_01,1,19,19,1,26,24,1,0,1,19,106,19,163,5.58,8.58
200,port,65,L3_08_01,2,29,29,1,34,34,0,0,0,29,148,29,235,5.11,8.11
200,port,65,L3_08_01,3,38,38,1,42,42,0,0,1,38,252,38,366,6.64,9.64
200,port,65,L3_08_01,4,36,36,1,41,41,0,0,1,36,258,36,366,7.16,10.16
200,port,66,L3_08_02,0,14,14,1,22,18,3,0,1,14,69,14,111,4.9,7.9
200,port,66,L3_08_02,1,50,50,2,52,52,0,0,0,50,342,50,492,6.83,9.83
200,port,66,L3_08_02,2,21,21,1,28,27,1,0,0,21,104,21,167,4.94,7.94
200,port,66,L3_08_02,3,31,31,1,36,36,0,0,1,31,201,31,294,6.47,9.47
200,port,66,L3_08_02,4,40,40,2,44,44,0,0,0,40,240,40,360,6,9
200,port,67,L3_08_03,0,45,45,2,48,48,0,0,2,45,277,45,412,6.15,9.15
200,port,67,L3_08_03,1,16,16,1,23,21,2,0,0,16,68,16,116,4.26,7.26
200,port,67,L3_08_03,2,14,14,1,22,18,3,0,1,14,67,14,109,4.77,7.77
200,port,67,L3_08_03,3,23,23,1,30,29,1,0,0,23,99,23,168,4.3,7.3
200,port,67,L3_08_03,4,33,33,1,38,38,0,0,1,33,192,33,291,5.83,8.83
200,port,25,L2_09,0,138,138,5,39,39,0,0,2,138,715,138,1129,5.18,8.18
200,port,25,L2_09,1,176,176,6,47,47,0,0,1,176,1181,176,1709,6.71,9.71
200,port,25,L2_09,2,61,61,3,23,20,2,0,1,61,294,61,477,4.82,7.82
200,port,25,L2_09,3,98,98,4,31,31,0,0,0,98,426,98,720,4.35,7.35
200,port,25,L2_09,4,90,90,4,29,28,1,0,0,90,437,90,707,4.86,7.86
200,port,25,L2_09,5,128,128,5,37,37,0,0,1,128,818,128,1202,6.39,9.39
200,port,25,L2_09,6,165,165,6,45,45,0,0,0,165,977,165,1472,5.92,8.92
200,port,25,L2_09,7,50,50,3,21,17,4,0,0,50,202,50,352,4.03,7.03
200,port,25,L2_09,8,194,194,7,51,51,0,0,1,194,1544,194,2126,7.96,10.96
200,port,68,L3_09_00,0,37,37,1,42,42,0,0,0,37,221,37,332,5.98,8.98
200,port,68,L3_09_00,1,47,47,2,50,50,0,0,1,47,353,47,494,7.51,10.51
200,port,68,L3_09_00,2,45,45,2,48,48,0,0,2,45,271,45,406,6.02,9.02
200,port,68,L3_09_00,3,16,16,1,24,21,3,0,0,16,66,16,114,4.13,7.13
200,port,68,L3_09_00,4,25,25,1,31,31,0,0,1,25,142,25,217,5.66,8.66
200,port,69,L3_09_01,0,30,30,1,35,35,0,0,0,30,157,30,247,5.22,8.22
200,port,69,L3_09_01,1,39,39,1,43,43,0,0,1,39,263,39,380,6.74,9.74
200,port,69,L3_09_01,2,49,49,2,51,51,0,0,2,49,405,49,552,8.27,11.27
200,port,69,L3_09_01,3,47,47,2,50,50,0,0,0,47,319,47,460,6.79,9.79
200,port,69,L3_09_01,4,18,18,1,25,23,1,0,1,18,88,18,142,4.9,7.9
200,port,70,L3_09_02,0,23,23,1,29,29,0,0,1,23,116,23,185,5.05,8.05
200,port,70,L3_09_02,1,32,32,1,37,37,0,0,1,32,210,32,306,6.57,9.57
200,port,70,L3_09_02,2,41,41,2,45,45,0,0,0,41,250,41,373,6.1,9.1
200,port,70,L3_09_02,3,12,12,1,21,16,5,0,0,12,51,12,87,4.21,7.21
200,port,70,L3_09_02,4,49,49,2,51,51,0,0,2,49,399,49,546,8.15,11.15
200,port,71,L3_09_03,0,15,15,1,23,20,2,0,1,15,73,15,118,4.88,7.88
200,port,71,L3_09_03,1,25,25,1,31,31,0,0,0,25,110,25,185,4.4,7.4
200,port,71,L3_09_03,2,34,34,1,39,39,0,0,1,34,202,34,304,5.93,8.93
200,port,71,L3_09_03,3,43,43,2,47,47,0,0,1,43,321,43,450,7.46,10.46
200,port,71,L3_09_03,4,41,41,2,45,45,0,0,0,41,245,41,368,5.98,8.98
200,port,26,L2_10,0,154,154,6,43,43,0,0,2,154,1146,154,1608,7.44,10.44
200,port,26,L2_10,1,146,146,6,41,41,0,0,0,146,869,146,1307,5.95,8.95
200,port,26,L2_10,2,184,184,7,49,49,0,0,1,184,1376,184,1928,7.48,10.48
200,port,26,L2_10,3,69,69,3,25,22,2,0,1,69,248,69,455,3.59,6.59
200,port,26,L2_10,4,106,106,4,33,33,0,0,0,106,542,106,860,5.11,8.11
200,port,26,L2_10,5,98,98,4,31,31,0,0,1,98,552,98,846,5.63,8.63
200,port,26,L2_10,6,136,136,5,39,39,0,0,2,136,702,136,1110,5.16,8.16
200,port,26,L2_10,7,173,173,6,47,47,0,0,1,173,1157,173,1676,6.69,9.69
200,port,26,L2_10,8,58,58,3,22,19,2,0,1,58,278,58,452,4.79,7.79
200,port,72,L3_10_00,0,19,19,1,26,24,1,0,1,19,109,19,166,5.72,8.72
200,port,72,L3_10_00,1,17,17,1,25,22,3,0,0,17,72,17,123,4.23,7.23
200,port,72,L3_10_00,2,27,27,1,33,33,0,0,1,27,156,27,237,5.76,8.76
200,port,72,L3_10_00,3,36,36,1,40,40,0,0,2,36,190,36,298,5.29,8.29
200,port,72,L3_10_00,4,45,45,2,48,48,0,0,1,45,307,45,442,6.82,9.82
200,port,73,L3_10_01,0,50,50,2,52,52,0,0,2,50,419,50,569,8.38,11.38
200,port,73,L3_10_01,1,21,21,1,28,27,1,0,0,21,94,21,157,4.48,7.48
200,port,73,L3_10_01,2,19,19,1,26,24,1,0,1,19,95,19,152,5,8
200,port,73,L3_10_01,3,28,28,1,34,34,0,0,1,28,183,28,267,6.53,9.53
200,port,73,L3_10_01,4,38,38,1,42,42,0,0,0,38,230,38,344,6.06,9.06
200,port,74,L3_10_02,0,42,42,2,46,46,0,0,0,42,261,42,387,6.21,9.21
200,port,74,L3_10_02,1,14,14,1,22,18,4,0,0,14,60,14,102,4.31,7.31
200,port,74,L3_10_02,2,50,50,2,52,52,0,0,2,50,413,50,563,8.25,11.25
200,port,74,L3_10_02,3,21,21,1,28,27,1,0,0,21,92,21,155,4.36,7.36
200,port,74,L3_10_02,4,30,30,1,36,36,0,0,1,30,177,30,267,5.89,8.89
200,port,75,L3_10_03,0,35,35,1,40,40,0,0,1,35,211,35,316,6.04,9.04
200,port,75,L3_10_03,1,44,44,2,48,48,0,0,1,44,333,44,465,7.56,10.56
200,port,75,L3_10_03,2,16,16,1,23,21,2,0,0,16,59,16,107,3.67,6.67
200,port,75,L3_10_03,3,14,14,1,22,18,4,0,0,14,59,14,101,4.19,7.19
200,port,75,L3_10_03,4,23,23,1,30,29,0,0,1,23,132,23,201,5.72,8.72
200,port,27,L2_11,0,125,125,5,37,37,0,0,0,125,659,125,1034,5.27,8.27
200,port,27,L2_11,1,162,162,6,44,44,0,0,1,162,1100,162,1586,6.79,9.79
200,port,27,L2_11,2,154,154,6,43,43,0,0,1,154,1126,154,1588,7.31,10.31
200,port,27,L2_11,3,191,191,7,51,51,0,0,0,191,1306,191,1879,6.84,9.84
200,port,27,L2_11,4,77,77,4,26,24,1,0,1,77,380,77,611,4.94,7.94
200,port,27,L2_11,5,114,114,5,34,34,0,0,1,114,738,114,1080,6.47,9.47
200,port,27,L2_11,6,106,106,4,33,33,0,0,0,106,529,106,847,4.99,7.99
200,port,27,L2_11,7,143,143,6,40,40,0,0,1,143,932,143,1361,6.52,9.52
200,port,27,L2_11,8,181,181,7,48,48,0,0,2,181,1455,181,1998,8.04,11.04
200,port,76,L3_11_00,0,28,28,1,34,34,0,0,1,28,164,28,248,5.87,8.87
200,port,76,L3_11_00,1,37,37,1,42,42,0,0,2,37,199,37,310,5.39,8.39
200,port,76,L3_11_00,2,46,46,2,49,49,0,0,1,46,318,46,456,6.92,9.92
200,port,76,L3_11_00,3,18,18,1,25,23,1,0,1,18,91,18,145,5.03,8.03
200,port,76,L3_11_00,4,16,16,1,23,21,1,0,1,16,57,16,105,3.55,6.55
200,port,77,L3_11_01,0,32,32,1,37,37,0,0,1,32,196,32,292,6.12,9.12
200,port,77,L3_11_01,1,30,30,1,35,35,0,0,1,30,199,30,289,6.63,9.63
200,port,77,L3_11_01,2,39,39,1,43,43,0,0,0,39,240,39,357,6.16,9.16
200,port,77,L3_11_01,3,48,48,2,51,51,0,0,1,48,369,48,513,7.69,10.69
200,port,77,L3_11_01,4,46,46,2,49,49,0,0,2,46,285,46,423,6.2,9.2
200,port,78,L3_11_02,0,24,24,1,31,30,0,0,1,24,143,24,215,5.95,8.95
200,port,78,L3_11_02,1,22,22,1,29,28,1,0,0,22,98,22,164,4.46,7.46
200,port,78,L3_11_02,2,32,32,1,37,37,0,0,1,32,192,32,288,5.99,8.99
200,port,78,L3_11_02,3,41,41,2,45,45,0,0,2,41,308,41,431,7.52,10.52
200,port,78,L3_11_02,4,12,12,1,21,16,5,0,0,12,44,12,80,3.63,6.63
200,port,79,L3_11_03,0,17,17,1,24,22,2,0,0,17,64,17,115,3.78,6.78
200,port,79,L3_11_03,1,26,26,1,32,32,0,0,1,26,138,26,216,5.3,8.3
200,port,79,L3_11_03,2,24,24,1,31,30,0,0,1,24,140,24,212,5.82,8.82
200,port,79,L3_11_03,3,34,34,1,39,39,0,0,0,34,182,34,284,5.35,8.35
200,port,79,L3_11_03,4,43,43,2,47,47,0,0,1,43,296,43,425,6.88,9.88
200,port,28,L2_12,0,95,95,4,30,30,0,0,0,95,484,95,770,5.1,8.1
200,port,28,L2_12,1,133,133,5,38,38,0,0,1,133,880,133,1279,6.62,9.62
200,port,28,L2_12,2,125,125,5,37,37,0,0,0,125,643,125,1018,5.14,8.14
200,port,28,L2_12,3,162,162,6,44,44,0,0,1,162,1081,162,1567,6.67,9.67
200,port,28,L2_12,4,199,199,7,52,52,0,0,2,199,1630,199,2227,8.19,11.19
200,port,28,L2_12,5,85,85,4,28,27,1,0,0,85,366,85,621,4.3,7.3
200,port,28,L2_12,6,77,77,4,26,24,2,0,0,77,371,77,602,4.82,7.82
200,port,28,L2_12,7,114,114,5,34,34,0,0,1,114,724,114,1066,6.35,9.35
200,port,28,L2_12,8,151,151,6,42,42,0,0,0,151,886,151,1339,5.87,8.87
200,port,80,L3_12_00,0,48,48,2,51,51,0,0,1,48,337,48,481,7.03,10.03
200,port,80,L3_12_00,1,19,19,1,26,24,1,0,1,19,97,19,154,5.13,8.13
200,port,80,L3_12_00,2,28,28,1,34,34,0,0,1,28,130,28,214,4.66,7.66
200,port,80,L3_12_00,3,26,26,1,32,32,0,0,0,26,135,26,213,5.18,8.18
200,port,80,L3_12_00,4,36,36,1,40,40,0,0,1,36,242,36,350,6.71,9.71
200,port,81,L3_12_01,0,40,40,2,44,44,0,0,0,40,250,40,370,6.26,9.26
200,port,81,L3_12_01,1,50,50,2,52,52,0,0,1,50,390,50,540,7.79,10.79
200,port,81,L3_12_01,2,21,21,1,28,27,0,0,1,21,82,21,145,3.9,6.9
200,port,81,L3_12_01,3,19,19,1,26,24,2,0,0,19,84,19,141,4.42,7.42
200,port,81,L3_12_01,4,28,28,1,34,34,0,0,1,28,166,28,250,5.94,8.94
200,port,82,L3_12_02,0,33,33,1,38,38,0,0,1,33,201,33,300,6.09,9.09
200,port,82,L3_12_02,1,42,42,2,46,46,0,0,2,42,320,42,446,7.62,10.62
200,port,82,L3_12_02,2,14,14,1,22,18,4,0,0,14,52,14,94,3.73,6.73
200,port,82,L3_12_02,3,23,23,1,30,29,0,0,1,23,121,23,190,5.26,8.26
200,port,82,L3_12_02,4,21,21,1,28,27,0,0,1,21,121,21,184,5.77,8.77
200,port,83,L3_12_03,0,37,37,1,41,41,0,0,1,37,257,37,368,6.94,9.94
200,port,83,L3_12_03,1,35,35,1,40,40,0,0,0,35,191,35,296,5.45,8.45
200,port,83,L3_12_03,2,44,44,2,48,48,0,0,1,44,307,44,439,6.98,9.98
200,port,83,L3_12_03,3,16,16,1,23,21,1,0,1,16,81,16,129,5.09,8.09
200,port,83,L3_12_03,4,25,25,1,31,31,0,0,0,25,116,25,191,4.62,7.62
200,port,29,L2_13,0,66,66,3,24,21,2,0,1,66,325,66,523,4.92,7.92
200,port,29,L2_13,1,103,103,4,32,32,0,0,1,103,458,103,767,4.45,7.45
200,port,29,L2_13,2,141,141,5,40,40,0,0,1,141,843,141,1266,5.98,8.98
200,port,29,L2_13,3,133,133,5,38,38,0,0,1,133,865,133,1264,6.5,9.5
200,port,29,L2_13,4,170,170,6,46,46,0,0,0,170,1023,170,1533,6.02,9.02
200,port,29,L2_13,5,55,55,3,22,18,4,0,0,55,227,55,392,4.13,7.13
200,port,29,L2_13,6,93,93,4,30,29,0,0,1,93,526,93,805,5.66,8.66
200,port,29,L2_13,7,85,85,4,28,27,1,0,0,85,355,85,610,4.18,7.18
200,port,29,L2_13,8,122,122,5,36,36,0,0,1,122,695,122,1061,5.7,8.7
200,port,84,L3_13_00,0,30,30,1,35,35,0,0,1,30,143,30,233,4.77,7.77
200,port,84,L3_13_00,1,28,28,1,34,34,0,0,0,28,148,28,232,5.28,8.28
200,port,84,L3_13_00,2,37,37,1,41,41,0,0,1,37,252,37,363,6.81,9.81
200,port,84,L3_13_00,3,46,46,2,49,49,0,0,0,46,292,46,430,6.34,9.34
200,port,84,L3_13_00,4,18,18,1,25,23,2,0,0,18,80,18,134,4.45,7.45
200,port,85,L3_13_01,0,22,22,1,29,28,0,0,1,22,132,22,198,6,9
200,port,85,L3_13_01,1,32,32,1,37,37,0,0,0,32,177,32,273,5.53,8.53
200,port,85,L3_13_01,2,30,30,1,35,35,0,0,1,30,182,30,272,6.05,9.05
200,port,85,L3_13_01,3,39,39,1,43,43,0,0,2,39,218,39,335,5.58,8.58
200,port,85,L3_13_01,4,48,48,2,51,51,0,0,1,48,341,48,485,7.1,10.1
200,port,86,L3_13_02,0,15,15,1,23,20,3,0,0,15,57,15,102,3.83,6.83
200,port,86,L3_13_02,1,24,24,1,31,30,0,0,1,24,129,24,201,5.36,8.36
200,port,86,L3_13_02,2,34,34,1,39,39,0,0,1,34,234,34,336,6.89,9.89
200,port,86,L3_13_02,3,32,32,1,37,37,0,0,0,32,173,32,269,5.41,8.41
200,port,86,L3_13_02,4,41,41,2,45,45,0,0,1,41,284,41,407,6.93,9.93
200,port,87,L3_13_03,0,46,46,2,49,49,0,0,1,46,326,46,464,7.08,10.08
200,port,87,L3_13_03,1,17,17,1,24,22,1,0,1,17,88,17,139,5.19,8.19
200,port,87,L3_13_03,2,26,26,1,32,32,0,0,0,26,123,26,201,4.72,7.72
200,port,87,L3_13_03,3,24,24,1,31,30,0,0,1,24,126,24,198,5.24,8.24
200,port,87,L3_13_03,4,34,34,1,39,39,0,0,1,34,230,34,332,6.76,9.76
200,port,30,L2_14,0,189,189,7,50,50,0,0,1,189,1433,189,2000,7.58,10.58
200,port,30,L2_14,1,74,74,4,26,24,1,0,1,74,273,74,495,3.69,6.69
200,port,30,L2_14,2,111,111,5,34,34,0,0,0,111,579,111,912,5.22,8.22
200,port,30,L2_14,3,148,148,6,42,42,0,0,1,148,999,148,1443,6.75,9.75
200,port,30,L2_14,4,141,141,5,40,40,0,0,2,141,742,141,1165,5.26,8.26
200,port,30,L2_14,5,178,178,7,48,48,0,0,1,178,1209,178,1743,6.79,9.79
200,port,30,L2_14,6,63,63,3,23,20,2,0,1,63,309,63,498,4.9,7.9
200,port,30,L2_14,7,100,100,4,31,31,0,0,0,100,443,100,743,4.43,7.43
200,port,30,L2_14,8,93,93,4,30,29,1,0,0,93,459,93,738,4.94,7.94
200,port,88,L3_14_00,0,38,38,1,43,43,0,0,1,38,263,38,377,6.91,9.91
200,port,88,L3_14_00,1,48,48,2,50,50,0,0,0,48,309,48,453,6.44,9.44
200,port,88,L3_14_00,2,19,19,1,26,24,2,0,0,19,86,19,143,4.55,7.55
200,port,88,L3_14_00,3,28,28,1,34,34,0,0,1,28,170,28,254,6.08,9.08
200,port,88,L3_14_00,4,26,26,1,32,32,0,0,0,26,119,26,197,4.59,7.59
200,port,89,L3_14_01,0,42,42,2,46,46,0,0,1,42,301,42,427,7.16,10.16
200,port,89,L3_14_01,1,40,40,2,44,44,0,0,2,40,227,40,347,5.68,8.68
200,port,89,L3_14_01,2,50,50,2,52,52,0,0,1,50,361,50,511,7.21,10.21
200,port,89,L3_14_01,3,21,21,1,28,27,0,0,1,21,112,21,175,5.32,8.32
200,port,89,L3_14_01,4,30,30,1,36,36,0,0,1,30,145,30,235,4.84,7.84
200,port,90,L3_14_02,0,35,35,1,40,40,0,0,1,35,245,35,350,6.99,9.99
200,port,90,L3_14_02,1,44,44,2,48,48,0,0,0,44,287,44,419,6.52,9.52
200,port,90,L3_14_02,2,42,42,2,46,46,0,0,1,42,296,42,422,7.04,10.04
200,port,90,L3_14_02,3,14,14,1,22,18,3,0,1,14,72,14,114,5.15,8.15
200,port,90,L3_14_02,4,23,23,1,29,29,0,0,0,23,107,23,176,4.67,7.67
200,port,91,L3_14_03,0,28,28,1,33,33,0,0,0,28,135,28,219,4.82,7.82
200,port,91,L3_14_03,1,37,37,1,41,41,0,0,1,37,235,37,346,6.35,9.35
200,port,91,L3_14_03,2,35,35,1,40,40,0,0,1,35,240,35,345,6.87,9.87
200,port,91,L3_14_03,3,44,44,2,48,48,0,0,0,44,282,44,414,6.4,9.4
200,port,91,L3_14_03,4,16,16,1,23,21,2,0,0,16,72,16,120,4.5,7.5
200,port,31,L2_15,0,52,52,3,21,17,3,0,1,52,261,52,417,5.01,8.01
200,port,31,L2_15,1,197,197,7,52,52,0,0,0,197,1367,197,1958,6.94,9.94
200,port,31,L2_15,2,82,82,4,27,26,0,0,1,82,414,82,660,5.05,8.05
200,port,31,L2_15,3,119,119,5,35,35,0,0,1,119,783,119,1140,6.58,9.58
200,port,31,L2_15,4,111,111,5,34,34,0,0,0,111,565,111,898,5.09,8.09
200,port,31,L2_15,5,149,149,6,42,42,0,0,1,149,986,149,1433,6.62,9.62
200,port,31,L2_15,6,186,186,7,49,49,0,0,2,186,1516,186,2074,8.15,11.15
200,port,31,L2_15,7,71,71,3,25,23,2,0,0,71,302,71,515,4.26,7.26
200,port,31,L2_15,8,63,63,3,23,20,2,0,1,63,301,63,490,4.77,7.77
200,port,92,L3_15_00,0,20,20,1,27,25,2,0,0,20,81,20,141,4.06,7.06
200,port,92,L3_15_00,1,30,30,1,35,35,0,0,1,30,168,30,258,5.59,8.59
200,port,92,L3_15_00,2,39,39,1,43,43,0,0,1,39,278,39,395,7.12,10.12
200,port,92,L3_15_00,3,37,37,1,41,41,0,0,0,37,208,37,319,5.63,8.63
200,port,92,L3_15_00,4,46,46,2,49,49,0,0,1,46,329,46,467,7.16,10.16
200,port,93,L3_15_01,0,13,13,1,21,17,4,0,0,13,51,13,90,3.89,6.89
200,port,93,L3_15_01,1,22,22,1,29,28,0,0,1,22,119,22,185,5.42,8.42
200,port,93,L3_15_01,2,31,31,1,37,37,0,0,1,31,153,31,246,4.95,7.95
200,port,93,L3_15_01,3,41,41,2,45,45,0,0,1,41,266,41,389,6.48,9.48
200,port,93,L3_15_01,4,39,39,1,43,43,0,0,1,39,273,39,390,6.99,9.99
200,port,94,L3_15_02,0,44,44,2,47,47,0,0,1,44,314,44,446,7.14,10.14
200,port,94,L3_15_02,1,15,15,1,23,20,2,0,1,15,79,15,124,5.25,8.25
200,port,94,L3_15_02,2,24,24,1,31,30,1,0,0,24,115,24,187,4.78,7.78
200,port,94,L3_15_02,3,33,33,1,38,38,0,0,1,33,208,33,307,6.31,9.31
200,port,94,L3_15_02,4,32,32,1,37,37,0,0,1,32,218,32,314,6.82,9.82
200,port,95,L3_15_03,0,47,47,2,50,50,0,0,2,47,375,47,516,7.98,10.98
200,port,95,L3_15_03,1,46,46,2,49,49,0,0,0,46,299,46,437,6.5,9.5
200,port,95,L3_15_03,2,17,17,1,24,22,2,0,0,17,78,17,129,4.61,7.61
200,port,95,L3_15_03,3,26,26,1,32,32,0,0,1,26,160,26,238,6.14,9.14
200,port,95,L3_15_03,4,35,35,1,40,40,0,0,0,35,198,35,303,5.66,8.66
200,port,0,L1_00,0,84,84,4,28,27,0,0,1,84,442,84,694,5.26,8.26
200,port,0,L1_00,1,121,121,5,36,36,0,0,1,121,580,121,943,4.79,7.79
200,port,0,L1_00,2,158,158,6,44,44,0,0,1,158,997,158,1471,6.31,9.31
200,port,0,L1_00,3,151,151,6,42,42,0,0,1,151,1031,151,1484,6.83,9.83
200,port,0,L1_00,4,300,300,33,74,74,0,0,33,300,8364,300,9264,27.88,30.88
200,port,0,L1_00,5,73,73,4,26,23,3,0,0,73,326,73,545,4.47,7.47
200,port,0,L1_00,6,110,110,5,33,33,0,0,1,110,659,110,989,5.99,8.99
200,port,0,L1_00,7,103,103,4,32,32,0,0,0,103,465,103,774,4.51,7.51
200,port,1,L1_01,0,55,55,3,22,18,3,0,1,55,280,55,445,5.09,8.09
200,port,1,L1_01,1,92,92,4,30,29,1,0,0,92,425,92,701,4.62,7.62
200,port,1,L1_01,2,129,129,5,37,37,0,0,1,129,792,129,1179,6.14,9.14
200,port,1,L1_01,3,166,166,6,45,45,0,0,2,166,1273,166,1771,7.67,10.67
200,port,1,L1_01,4,159,159,6,44,44,0,0,0,159,984,159,1461,6.19,9.19
200,port,1,L1_01,5,196,196,7,52,52,0,0,1,196,1513,196,2101,7.72,10.72
200,port,1,L1_01,6,81,81,4,27,26,0,0,1,81,309,81,552,3.82,6.82
200,port,1,L1_01,7,118,118,5,35,35,0,0,0,118,631,118,985,5.35,8.35
200,port,2,L1_02,0,177,177,7,48,48,0,0,0,177,1122,177,1653,6.34,9.34
200,port,2,L1_02,1,62,62,3,23,20,3,0,0,62,276,62,462,4.45,7.45
200,port,2,L1_02,2,100,100,4,31,31,0,0,1,100,597,100,897,5.97,8.97
200,port,2,L1_02,3,137,137,5,39,39,0,0,0,137,754,137,1165,5.5,8.5
200,port,2,L1_02,4,129,129,5,37,37,0,0,1,129,777,129,1164,6.02,9.02
200,port,2,L1_02,5,166,166,6,45,45,0,0,1,166,1253,166,1751,7.55,10.55
200,port,2,L1_02,6,52,52,3,21,17,4,0,0,52,190,52,346,3.65,6.65
200,port,2,L1_02,7,89,89,4,29,28,0,0,1,89,461,89,728,5.18,8.18
200,port,3,L1_03,0,193,193,7,51,51,0,0,0,193,1272,193,1851,6.59,9.59
200,port,3,L1_03,1,185,185,7,49,49,0,0,1,185,1314,185,1869,7.1,10.1
200,port,3,L1_03,2,70,70,3,25,23,1,0,1,70,365,70,575,5.21,8.21
200,port,3,L1_03,3,108,108,5,33,33,0,0,0,108,512,108,836,4.74,7.74
200,port,3,L1_03,4,145,145,6,41,41,0,0,1,145,909,145,1344,6.27,9.27
200,port,3,L1_03,5,137,137,5,39,39,0,0,1,137,929,137,1340,6.78,9.78
200,port,3,L1_03,6,174,174,6,47,47,0,0,0,174,1098,174,1620,6.31,9.31
200,port,3,L1_03,7,60,60,3,23,20,3,0,0,60,265,60,445,4.42,7.42
200,port,4,L1_04,0,164,164,6,45,45,0,0,1,164,1053,164,1545,6.42,9.42
200,port,4,L1_04,1,49,49,3,20,16,3,0,1,49,222,49,369,4.53,7.53
200,port,4,L1_04,2,193,193,7,51,51,0,0,2,193,1247,193,1826,6.46,9.46
200,port,4,L1_04,3,78,78,4,27,25,2,0,0,78,356,78,590,4.57,7.57
200,port,4,L1_04,4,115,115,5,35,35,0,0,1,115,702,115,1047,6.1,9.1
200,port,4,L1_04,5,153,153,6,42,42,0,0,0,153,861,153,1320,5.63,8.63
200,port,4,L1_04,6,145,145,6,41,41,0,0,1,145,890,145,1325,6.14,9.14
200,port,4,L1_04,7,182,182,7,49,49,0,0,1,182,1396,182,1942,7.67,10.67
200,port,5,L1_05,0,246,246,32,62,62,0,0,28,246,6831,246,7569,27.77,30.77
200,port,5,L1_05,1,171,171,6,46,46,0,0,2,171,1330,171,1843,7.78,10.78
200,port,5,L1_05,2,164,164,6,45,45,0,0,0,164,1032,164,1524,6.29,9.29
200,port,5,L1_05,3,49,49,3,20,16,4,0,0,49,216,49,363,4.4,7.4
200,port,5,L1_05,4,86,86,4,28,27,0,0,1,86,510,86,768,5.93,8.93
200,port,5,L1_05,5,123,123,5,36,36,0,0,0,123,672,123,1041,5.46,8.46
200,port,5,L1_05,6,116,116,5,35,35,0,0,1,116,693,116,1041,5.97,8.97
200,port,5,L1_05,7,153,153,6,42,42,0,0,2,153,842,153,1301,5.5,8.5
200,port,6,L1_06,0,105,105,4,32,32,0,0,1,105,638,105,953,6.08,9.08
200,port,6,L1_06,1,142,142,6,40,40,0,0,0,142,797,142,1223,5.61,8.61
200,port,6,L1_06,2,179,179,7,48,48,0,0,1,179,1276,179,1813,7.13,10.13
200,port,6,L1_06,3,172,172,6,46,46,0,0,2,172,1316,172,1832,7.65,10.65
200,port,6,L1_06,4,57,57,3,22,19,3,0,0,57,214,57,385,3.76,6.76
200,port,6,L1_06,5,94,94,4,30,30,0,0,1,94,497,94,779,5.29,8.29
200,port,6,L1_06,6,131,131,5,38,38,0,0,1,131,892,131,1285,6.81,9.81
200,port,6,L1_06,7,124,124,5,36,36,0,0,0,124,661,124,1033,5.33,8.33
200,port,7,L1_07,0,76,76,4,26,24,1,0,1,76,404,76,632,5.32,8.32
200,port,7,L1_07,1,113,113,5,34,34,0,0,0,113,547,113,886,4.84,7.84
200,port,7,L1_07,2,150,150,6,42,42,0,0,1,150,956,150,1405,6.37,9.37
200,port,7,L1_07,3,187,187,7,50,50,0,0,2,187,1477,187,2038,7.9,10.9
200,port,7,L1_07,4,179,179,7,48,48,0,0,0,179,1149,179,1686,6.42,9.42
200,port,7,L1_07,5,65,65,3,24,21,3,0,0,65,294,65,489,4.52,7.52
200,port,7,L1_07,6,102,102,4,32,32,0,0,1,102,617,102,923,6.05,9.05
200,port,7,L1_07,7,139,139,5,40,40,0,0,0,139,776,139,1193,5.58,8.58
200,port,8,L1_08,0,91,91,4,29,29,0,0,1,91,379,91,652,4.16,7.16
200,port,8,L1_08,1,83,83,4,28,26,2,0,0,83,388,83,637,4.67,7.67
200,port,8,L1_08,2,121,121,5,36,36,0,0,1,121,750,121,1113,6.2,9.2
200,port,8,L1_08,3,158,158,6,44,44,0,0,0,158,905,158,1379,5.73,8.73
200,port,8,L1_08,4,150,150,6,42,42,0,0,1,150,938,150,1388,6.25,9.25
200,port,8,L1_08,5,187,187,7,50,50,0,0,1,187,1453,187,2014,7.77,10.77
200,port,8,L1_08,6,73,73,4,25,23,2,0,0,73,283,73,502,3.88,6.88
200,port,8,L1_08,7,110,110,5,33,33,0,0,1,110,595,110,925,5.41,8.41
200,port,9,L1_09,0,62,62,3,23,20,3,0,0,62,247,62,433,3.99,6.99
200,port,9,L1_09,1,54,54,3,21,18,3,0,0,54,243,54,405,4.5,7.5
200,port,9,L1_09,2,91,91,4,29,29,0,0,1,91,549,91,822,6.03,9.03
200,port,9,L1_09,3,129,129,5,37,37,0,0,0,129,717,129,1104,5.56,8.56
200,port,9,L1_09,4,166,166,6,45,45,0,0,1,166,1177,166,1675,7.09,10.09
200,port,9,L1_09,5,158,158,6,44,44,0,0,2,158,885,158,1359,5.6,8.6
200,port,9,L1_09,6,195,195,7,51,51,0,0,1,195,1390,195,1975,7.13,10.13
200,port,9,L1_09,7,81,81,4,27,26,0,0,1,81,424,81,667,5.24,8.24
200,port,10,L1_10,0,184,184,7,49,49,0,0,1,184,1332,184,1884,7.24,10.24
200,port,10,L1_10,1,70,70,3,25,23,1,0,1,70,375,70,585,5.35,8.35
200,port,10,L1_10,2,62,62,3,23,20,3,0,0,62,239,62,425,3.86,6.86
200,port,10,L1_10,3,99,99,4,31,31,0,0,1,99,534,99,831,5.39,8.39
200,port,10,L1_10,4,136,136,5,39,39,0,0,1,136,941,136,1349,6.92,9.92
200,port,10,L1_10,5,174,174,6,47,47,0,0,0,174,1122,174,1644,6.45,9.45
200,port,10,L1_10,6,166,166,6,45,45,0,0,1,166,1155,166,1653,6.96,9.96
200,port,10,L1_10,7,51,51,3,21,17,3,0,1,51,259,51,412,5.07,8.07
200,port,11,L1_11,0,155,155,6,43,43,0,0,1,155,1004,155,1469,6.48,9.48
200,port,11,L1_11,1,192,192,7,51,51,0,0,2,192,1536,192,2112,8,11
200,port,11,L1_11,2,78,78,4,26,25,1,0,0,78,321,78,555,4.11,7.11
200,port,11,L1_11,3,70,70,3,25,23,2,0,0,70,324,70,534,4.63,7.63
200,port,11,L1_11,4,107,107,5,33,33,0,0,1,107,659,107,980,6.16,9.16
200,port,11,L1_11,5,144,144,6,41,41,0,0,0,144,818,144,1250,5.68,8.68
200,port,11,L1_11,6,182,182,7,49,49,0,0,1,182,1312,182,1858,7.21,10.21
200,port,11,L1_11,7,174,174,6,47,47,0,0,2,174,1345,174,1867,7.73,10.73
200,port,12,L1_12,0,126,126,5,37,37,0,0,1,126,795,126,1173,6.31,9.31
200,port,12,L1_12,1,163,163,6,45,45,0,0,0,163,950,163,1439,5.83,8.83
200,port,12,L1_12,2,48,48,3,20,16,4,0,0,48,189,48,333,3.94,6.94
200,port,12,L1_12,3,193,193,7,51,51,0,0,1,193,1521,193,2100,7.88,10.88
200,port,12,L1_12,4,78,78,4,27,25,2,0,0,78,311,78,545,3.99,6.99
200,port,12,L1_12,5,115,115,5,34,34,0,0,1,115,634,115,979,5.51,8.51
200,port,12,L1_12,6,152,152,6,42,42,0,0,1,152,1070,152,1526,7.04,10.04
200,port,12,L1_12,7,145,145,6,41,41,0,0,0,145,806,145,1241,5.56,8.56
200,port,13,L1_13,0,96,96,4,31,30,0,0,1,96,589,96,877,6.14,9.14
200,port,13,L1_13,1,134,134,5,38,38,0,0,0,134,758,134,1160,5.66,8.66
200,port,13,L1_13,2,171,171,6,46,46,0,0,1,171,1229,171,1742,7.19,10.19
200,port,13,L1_13,3,56,56,3,22,18,3,0,1,56,185,56,353,3.3,6.3
200,port,13,L1_13,4,48,48,3,20,16,4,0,0,48,183,48,327,3.82,6.82
200,port,13,L1_13,5,86,86,4,28,27,0,0,1,86,459,86,717,5.34,8.34
200,port,13,L1_13,6,123,123,5,36,36,0,0,1,123,599,123,968,4.87,7.87
200,port,13,L1_13,7,160,160,6,44,44,0,0,1,160,1024,160,1504,6.4,9.4
200,port,14,L1_14,0,112,112,5,34,34,0,0,0,112,558,112,894,4.98,7.98
200,port,14,L1_14,1,104,104,4,32,32,0,0,1,104,571,104,883,5.49,8.49
200,port,14,L1_14,2,142,142,6,40,40,0,0,1,142,997,142,1423,7.02,10.02
200,port,14,L1_14,3,179,179,7,48,48,0,0,0,179,1172,179,1709,6.55,9.55
200,port,14,L1_14,4,64,64,3,24,21,2,0,1,64,298,64,490,4.66,7.66
200,port,14,L1_14,5,56,56,3,22,18,3,0,1,56,290,56,458,5.17,8.17
200,port,14,L1_14,6,94,94,4,30,30,0,0,0,94,442,94,724,4.7,7.7
200,port,14,L1_14,7,131,131,5,38,38,0,0,1,131,816,131,1209,6.23,9.23
200,port,15,L1_15,0,83,83,4,28,26,2,0,0,83,350,83,599,4.22,7.22
200,port,15,L1_15,1,75,75,4,26,24,2,0,0,75,355,75,580,4.73,7.73
200,port,15,L1_15,2,112,112,5,34,34,0,0,1,112,701,112,1037,6.26,9.26
200,port,15,L1_15,3,150,150,6,42,42,0,0,0,150,869,150,1318,5.79,8.79
200,port,15,L1_15,4,187,187,7,50,50,0,0,1,187,1369,187,1930,7.32,10.32
200,port,15,L1_15,5,179,179,7,48,48,0,0,2,179,1402,179,1939,7.83,10.83
200,port,15,L1_15,6,64,64,3,24,21,3,0,0,64,252,64,444,3.94,6.94
200,port,15,L1_15,7,102,102,4,32,32,0,0,1,102,558,102,864,5.47,8.47
300,router,16,L2_00,-1,42,42,36,0,0,0,0,0,0,0,0,0,5.5,5.5
300,shim,96,SHIM_00_00,-1,16,16,2,0,0,0,0,0,0,0,0,0,7,7
300,router,32,L3_00_00,-1,31,31,3,0,0,0,0,0,0,0,0,0,4.9,4.9
300,shim,97,SHIM_00_01,-1,26,26,0,0,0,0,0,0,0,0,0,0,4,4
300,router,33,L3_00_01,-1,41,41,5,0,0,0,0,0,0,0,0,0,5.5,5.5
300,shim,98,SHIM_00_02,-1,37,37,1,0,0,0,0,0,0,0,0,0,5.5,5.5
300,router,34,L3_00_02,-1,39,39,4,0,0,0,0,0,0,0,0,0,5.2,5.2
300,shim,99,SHIM_00_03,-1,47,47,1,0,0,0,0,0,0,0,0,0,5.5,5.5
300,router,35,L3_00_03,-1,49,49,6,0,0,0,0,0,0,0,0,0,5.8,5.8
300,router,17,L2_01,-1,52,52,49,0,0,0,0,0,0,0,0,0,6.04,6.04
300,shim,100,SHIM_01_00,-1,45,45,1,0,0,0,0,0,0,0,0,0,5.5,5.5
300,router,36,L3_01_00,-1,18,18,8,0,0,0,0,0,0,0,0,0,6.4,6.4
300,shim,101,SHIM_01_01,-1,13,13,1,0,0,0,0,0,0,0,0,0,5.5,5.5
300,router,37,L3_01_01,-1,28,28,2,0,0,0,0,0,0,0,0,0,4.6,4.6
300,shim,102,SHIM_01_02,-1,23,23,2,0,0,0,0,0,0,0,0,0,7,7
300,router,38,L3_01_02,-1,26,26,2,0,0,0,0,0,0,0,0,0,4.6,4.6
300,shim,103,SHIM_01_03,-1,34,34,1,0,0,0,0,0,0,0,0,0,5.5,5.5
300,router,39,L3_01_03,-1,36,36,4,0,0,0,0,0,0,0,0,0,5.2,5.2
300,router,18,L2_02,-1,20,20,63,0,0,0,0,0,0,0,0,0,6.63,6.63
300,shim,104,SHIM_02_00,-1,31,31,1,0,0,0,0,0,0,0,0,0,5.5,5.5
300,router,40,L3_02_00,-1,46,46,6,0,0,0,0,0,0,0,0,0,5.8,5.8
300,shim,105,SHIM_02_01,-1,42,42,1,0,0,0,0,0,0,0,0,0,5.5,5.5
300,router,41,L3_02_01,-1,15,15,8,0,0,0,0,0,0,0,0,0,6.4,6.4
300,shim,106,SHIM_02_02,-1,52,52,1,0,0,0,0,0,0,0,0,0,5.5,5.5
300,router,42,L3_02_02,-1,12,12,7,0,0,0,0,0,0,0,0,0,6.1,6.1
300,shim,107,SHIM_02_03,-1,20,20,2,0,0,0,0,0,0,0,0,0,7,7
300,router,43,L3_02_03,-1,23,23,9,0,0,0,0,0,0,0,0,0,6.7,6.7
300,router,19,L2_03,-1,18,18,60,0,0,0,0,0,0,0,0,0,6.5,6.5
300,shim,108,SHIM_03_00,-1,18,18,2,0,0,0,0,0,0,0,0,0,7,7
300,router,44,L3_03_00,-1,33,33,3,0,0,0,0,0,0,0,0,0,4.9,4.9
300,shim,109,SHIM_03_01,-1,29,29,0,0,0,0,0,0,0,0,0,0,4,4
300,router,45,L3_03_01,-1,43,43,5,0,0,0,0,0,0,0,0,0,5.5,5.5
300,shim,110,SHIM_03_02,-1,39,39,1,0,0,0,0,0,0,0,0,0,5.5,5.5
300,router,46,L3_03_02,-1,41,41,5,0,0,0,0,0,0,0,0,0,5.5,5.5
300,shim,111,SHIM_03_03,-1,49,49,1,0,0,0,0,0,0,0,0,0,5.5,5.5
300,router,47,L3_03_03,-1,51,51,7,0,0,0,0,0,0,0,0,0,6.1,6.1
300,router,20,L2_04,-1,29,29,18,0,0,0,0,0,0,0,0,0,4.75,4.75
300,shim,112,SHIM_04_00,-1,47,47,1,0,0,0,0,0,0,0,0,0,5.5,5.5
300,router,48,L3_04_00,-1,20,20,9,0,0,0,0,0,0,0,0,0,6.7,6.7
300,shim,113,SHIM_04_01,-1,15,15,2,0,0,0,0,0,0,0,0,0,7,7
300,router,49,L3_04_01,-1,30,30,3,0,0,0,0,0,0,0,0,0,4.9,4.9
300,shim,114,SHIM_04_02,-1,26,26,0,0,0,0,0,0,0,0,0,0,4,4
300,router,50,L3_04_02,-1,28,28,2,0,0,0,0,0,0,0,0,0,4.6,4.6
300,shim,115,SHIM_04_03,-1,36,36,1,0,0,0,0,0,0,0,0,0,5.5,5.5
300,router,51,L3_04_03,-1,38,38,4,0,0,0,0,0,0,0,0,0,5.2,5.2
300,router,21,L2_05,-1,39,39,32,0,0,0,0,0,0,0,0,0,5.33,5.33
300,shim,116,SHIM_05_00,-1,34,34,1,0,0,0,0,0,0,0,0,0,5.5,5.5
300,router,52,L3_05_00,-1,48,48,6,0,0,0,0,0,0,0,0,0,5.8,5.8
300,shim,117,SHIM_05_01,-1,44,44,1,0,0,0,0,0,0,0,0,0,5.5,5.5
300,router,53,L3_05_01,-1,17,17,8,0,0,0,0,0,0,0,0,0,6.4,6.4
300,shim,118,SHIM_05_02,-1,12,12,1,0,0,0,0,0,0,0,0,0,5.5,5.5
300,router,54,L3_05_02,-1,15,15,8,0,0,0,0,0,0,0,0,0,6.4,6.4
300,shim,119,SHIM_05_03,-1,23,23,2,0,0,0,0,0,0,0,0,0,7,7
300,router,55,L3_05_03,-1,25,25,10,0,0,0,0,0,0,0,0,0,7,7
300,router,22,L2_06,-1,37,37,29,0,0,0,0,0,0,0,0,0,5.21,5.21
300,shim,120,SHIM_06_00,-1,20,20,2,0,0,0,0,0,0,0,0,0,7,7
300,router,56,L3_06_00,-1,35,35,4,0,0,0,0,0,0,0,0,0,5.2,5.2
300,shim,121,SHIM_06_01,-1,31,31,1,0,0,0,0,0,0,0,0,0,5.5,5.5
300,router,57,L3_06_01,-1,33,33,3,0,0,0,0,0,0,0,0,0,4.9,4.9
300,shim,122,SHIM_06_02,-1,41,41,1,0,0,0,0,0,0,0,0,0,5.5,5.5
300,router,58,L3_06_02,-1,43,43,5,0,0,0,0,0,0,0,0,0,5.5,5.5
300,shim,123,SHIM_06_03,-1,51,51,1,0,0,0,0,0,0,0,0,0,5.5,5.5
300,router,59,L3_06_03,-1,54,54,7,0,0,0,0,0,0,0,0,0,6.1,6.1
300,router,23,L2_07,-1,47,47,42,0,0,0,0,0,0,0,0,0,5.75,5.75
300,shim,124,SHIM_07_00,-1,49,49,1,0,0,0,0,0,0,0,0,0,5.5,5.5
300,router,60,L3_07_00,-1,22,22,9,0,0,0,0,0,0,0,0,0,6.7,6.7
300,shim,125,SHIM_07_01,-1,17,17,2,0,0,0,0,0,0,0,0,0,7,7
300,router,61,L3_07_01,-1,20,20,9,0,0,0,0,0,0,0,0,0,6.7,6.7
300,shim,126,SHIM_07_02,-1,28,28,0,0,0,0,0,0,0,0,0,0,4,4
300,router,62,L3_07_02,-1,30,30,3,0,0,0,0,0,0,0,0,0,4.9,4.9
300,shim,127,SHIM_07_03,-1,38,38,1,0,0,0,0,0,0,0,0,0,5.5,5.5
300,router,63,L3_07_03,-1,40,40,5,0,0,0,0,0,0,0,0,0,5.5,5.5
300,router,24,L2_08,-1,15,15,56,0,0,0,0,0,0,0,0,0,6.33,6.33
300,shim,128,SHIM_08_00,-1,36,36,1,0,0,0,0,0,0,0,0,0,5.5,5.5
300,router,64,L3_08_00,-1,51,51,7,0,0,0,0,0,0,0,0,0,6.1,6.1
300,shim,129,SHIM_08_01,-1,46,46,1,0,0,0,0,0,0,0,0,0,5.5,5.5
300,router,65,L3_08_01,-1,48,48,6,0,0,0,0,0,0,0,0,0,5.8,5.8
300,shim,130,SHIM_08_02,-1,14,14,2,0,0,0,0,0,0,0,0,0,7,7
300,router,66,L3_08_02,-1,17,17,8,0,0,0,0,0,0,0,0,0,6.4,6.4
300,shim,131,SHIM_08_03,-1,12,12,1,0,0,0,0,0,0,0,0,0,5.5,5.5
300,router,67,L3_08_03,-1,27,27,2,0,0,0,0,0,0,0,0,0,4.6,4.6
300,router,25,L2_09,-1,26,26,14,0,0,0,0,0,0,0,0,0,4.58,4.58
300,shim,132,SHIM_09_00,-1,23,23,2,0,0,0,0,0,0,0,0,0,7,7
300,router,68,L3_09_00,-1,37,37,4,0,0,0,0,0,0,0,0,0,5.2,5.2
300,shim,133,SHIM_09_01,-1,33,33,1,0,0,0,0,0,0,0,0,0,5.5,5.5
300,router,69,L3_09_01,-1,35,35,4,0,0,0,0,0,0,0,0,0,5.2,5.2
300,shim,134,SHIM_09_02,-1,43,43,1,0,0,0,0,0,0,0,0,0,5.5,5.5
300,router,70,L3_09_02,-1,46,46,6,0,0,0,0,0,0,0,0,0,5.8,5.8
300,shim,135,SHIM_09_03,-1,41,41,1,0,0,0,0,0,0,0,0,0,5.5,5.5
300,router,71,L3_09_03,-1,14,14,8,0,0,0,0,0,0,0,0,0,6.4,6.4
300,router,26,L2_10,-1,24,24,67,0,0,0,0,0,0,0,0,0,6.79,6.79
300,shim,136,SHIM_10_00,-1,51,51,1,0,0,0,0,0,0,0,0,0,5.5,5.5
300,router,72,L3_10_00,-1,24,24,9,0,0,0,0,0,0,0,0,0,6.7,6.7
300,shim,137,SHIM_10_01,-1,20,20,2,0,0,0,0,0,0,0,0,0,7,7
300,router,73,L3_10_01,-1,22,22,9,0,0,0,0,0,0,0,0,0,6.7,6.7
300,shim,138,SHIM_10_02,-1,30,30,1,0,0,0,0,0,0,0,0,0,5.5,5.5
300,router,74,L3_10_02,-1,32,32,3,0,0,0,0,0,0,0,0,0,4.9,4.9
300,shim,139,SHIM_10_03,-1,28,28,0,0,0,0,0,0,0,0,0,0,4,4
300,router,75,L3_10_03,-1,43,43,5,0,0,0,0,0,0,0,0,0,5.5,5.5
300,router,27,L2_11,-1,34,34,25,0,0,0,0,0,0,0,0,0,5.04,5.04
300,shim,140,SHIM_11_00,-1,38,38,1,0,0,0,0,0,0,0,0,0,5.5,5.5
300,router,76,L3_11_00,-1,53,53,7,0,0,0,0,0,0,0,0,0,6.1,6.1
300,shim,141,SHIM_11_01,-1,48,48,1,0,0,0,0,0,0,0,0,0,5.5,5.5
300,router,77,L3_11_01,-1,51,51,7,0,0,0,0,0,0,0,0,0,6.1,6.1
300,shim,142,SHIM_11_02,-1,17,17,2,0,0,0,0,0,0,0,0,0,7,7
300,router,78,L3_11_02,-1,19,19,8,0,0,0,0,0,0,0,0,0,6.4,6.4
300,shim,143,SHIM_11_03,-1,14,14,2,0,0,0,0,0,0,0,0,0,7,7
300,router,79,L3_11_03,-1,29,29,3,0,0,0,0,0,0,0,0,0,4.9,4.9
300,router,28,L2_12,-1,44,44,38,0,0,0,0,0,0,0,0,0,5.58,5.58
300,shim,144,SHIM_12_00,-1,25,25,2,0,0,0,0,0,0,0,0,0,7,7
300,router,80,L3_12_00,-1,40,40,4,0,0,0,0,0,0,0,0,0,5.2,5.2
300,shim,145,SHIM_12_01,-1,35,35,1,0,0,0,0,0,0,0,0,0,5.5,5.5
300,router,81,L3_12_01,-1,37,37,4,0,0,0,0,0,0,0,0,0,5.2,5.2
300,shim,146,SHIM_12_02,-1,45,45,1,0,0,0,0,0,0,0,0,0,5.5,5.5
300,router,82,L3_12_02,-1,48,48,6,0,0,0,0,0,0,0,0,0,5.8,5.8
300,shim,147,SHIM_12_03,-1,43,43,1,0,0,0,0,0,0,0,0,0,5.5,5.5
300,router,83,L3_12_03,-1,16,16,8,0,0,0,0,0,0,0,0,0,6.4,6.4
300,router,29,L2_13,-1,12,12,52,0,0,0,0,0,0,0,0,0,6.17,6.17
300,shim,148,SHIM_13_00,-1,53,53,1,0,0,0,0,0,0,0,0,0,5.5,5.5
300,router,84,L3_13_00,-1,26,26,2,0,0,0,0,0,0,0,0,0,4.6,4.6
300,shim,149,SHIM_13_01,-1,22,22,2,0,0,0,0,0,0,0,0,0,7,7
300,router,85,L3_13_01,-1,24,24,9,0,0,0,0,0,0,0,0,0,6.7,6.7
300,shim,150,SHIM_13_02,-1,32,32,1,0,0,0,0,0,0,0,0,0,5.5,5.5
300,router,86,L3_13_02,-1,34,34,4,0,0,0,0,0,0,0,0,0,5.2,5.2
300,shim,151,SHIM_13_03,-1,30,30,1,0,0,0,0,0,0,0,0,0,5.5,5.5
300,router,87,L3_13_03,-1,45,45,5,0,0,0,0,0,0,0,0,0,5.5,5.5
300,router,30,L2_14,-1,52,52,49,0,0,0,0,0,0,0,0,0,6.04,6.04
300,shim,152,SHIM_14_00,-1,40,40,1,0,0,0,0,0,0,0,0,0,5.5,5.5
300,router,88,L3_14_00,-1,13,13,7,0,0,0,0,0,0,0,0,0,6.1,6.1
300,shim,153,SHIM_14_01,-1,51,51,1,0,0,0,0,0,0,0,0,0,5.5,5.5
300,router,89,L3_14_01,-1,53,53,7,0,0,0,0,0,0,0,0,0,6.1,6.1
300,shim,154,SHIM_14_02,-1,19,19,2,0,0,0,0,0,0,0,0,0,7,7
300,router,90,L3_14_02,-1,21,21,9,0,0,0,0,0,0,0,0,0,6.7,6.7
300,shim,155,SHIM_14_03,-1,17,17,2,0,0,0,0,0,0,0,0,0,7,7
300,router,91,L3_14_03,-1,31,31,3,0,0,0,0,0,0,0,0,0,4.9,4.9
300,router,31,L2_15,-1,21,21,63,0,0,0,0,0,0,0,0,0,6.63,6.63
300,shim,156,SHIM_15_00,-1,27,27,0,0,0,0,0,0,0,0,0,0,4,4
300,router,92,L3_15_00,-1,29,29,3,0,0,0,0,0,0,0,0,0,4.9,4.9
300,shim,157,SHIM_15_01,-1,37,37,1,0,0,0,0,0,0,0,0,0,5.5,5.5
300,router,93,L3_15_01,-1,40,40,5,0,0,0,0,0,0,0,0,0,5.5,5.5
300,shim,158,SHIM_15_02,-1,48,48,1,0,0,0,0,0,0,0,0,0,5.5,5.5
300,router,94,L3_15_02,-1,50,50,6,0,0,0,0,0,0,0,0,0,5.8,5.8
300,shim,159,SHIM_15_03,-1,45,45,1,0,0,0,0,0,0,0,0,0,5.5,5.5
300,router,95,L3_15_03,-1,18,18,8,0,0,0,0,0,0,0,0,0,6.4,6.4
300,router,0,L1_00,-1,53,53,45,0,0,0,0,0,0,0,0,0,6.11,6.11
300,router,1,L1_01,-1,21,21,57,0,0,0,0,0,0,0,0,0,6.67,6.67
300,router,2,L1_02,-1,32,32,19,0,0,0,0,0,0,0,0,0,4.89,4.89
300,router,3,L1_03,-1,29,29,17,0,0,0,0,0,0,0,0,0,4.8,4.8
300,router,4,L1_04,-1,40,40,29,0,0,0,0,0,0,0,0,0,5.36,5.36
300,router,5,L1_05,-1,50,50,41,0,0,0,0,0,0,0,0,0,5.92,5.92
300,router,6,L1_06,-1,18,18,53,0,0,0,0,0,0,0,0,0,6.48,6.48
300,router,7,L1_07,-1,16,16,51,0,0,0,0,0,0,0,0,0,6.39,6.39
300,router,8,L1_08,-1,26,26,13,0,0,0,0,0,0,0,0,0,4.61,4.61
300,router,9,L1_09,-1,37,37,25,0,0,0,0,0,0,0,0,0,5.17,5.17
300,router,10,L1_10,-1,47,47,38,0,0,0,0,0,0,0,0,0,5.78,5.78
300,router,11,L1_11,-1,45,45,35,0,0,0,0,0,0,0,0,0,5.64,5.64
300,router,12,L1_12,-1,13,13,47,0,0,0,0,0,0,0,0,0,6.2,6.2
300,router,13,L1_13,-1,23,23,60,0,0,0,0,0,0,0,0,0,6.81,6.81
300,router,14,L1_14,-1,34,34,22,0,0,0,0,0,0,0,0,0,5.03,5.03
300,router,15,L1_15,-1,32,32,19,0,0,0,0,0,0,0,0,0,4.89,4.89
300,endpoint,320,LLCH_00,-1,16,16,0,0,0,0,0,0,0,0,0,0,4,4
300,endpoint,324,LLCH_01,-1,45,45,0,0,0,0,0,0,0,0,0,0,4,4
300,endpoint,328,LLCH_02,-1,32,32,0,0,0,0,0,0,0,0,0,0,4,4
300,endpoint,332,LLCH_03,-1,19,19,0,0,0,0,0,0,0,0,0,0,4,4
300,endpoint,336,LLCH_04,-1,47,47,0,0,0,0,0,0,0,0,0,0,4,4
300,endpoint,340,LLCH_05,-1,34,34,0,0,0,0,0,0,0,0,0,0,4,4
300,endpoint,344,LLCH_06,-1,21,21,0,0,0,0,0,0,0,0,0,0,4,4
300,endpoint,348,LLCH_07,-1,49,49,0,0,0,0,0,0,0,0,0,0,4,4
300,endpoint,352,LLCH_08,-1,36,36,0,0,0,0,0,0,0,0,0,0,4,4
300,endpoint,356,LLCH_09,-1,23,23,0,0,0,0,0,0,0,0,0,0,4,4
300,endpoint,360,LLCH_10,-1,52,52,0,0,0,0,0,0,0,0,0,0,4,4
300,endpoint,364,LLCH_11,-1,38,38,0,0,0,0,0,0,0,0,0,0,4,4
300,endpoint,368,LLCH_12,-1,25,25,0,0,0,0,0,0,0,0,0,0,4,4
300,endpoint,372,LLCH_13,-1,54,54,0,0,0,0,0,0,0,0,0,0,4,4
300,endpoint,376,LLCH_14,-1,41,41,0,0,0,0,0,0,0,0,0,0,4,4
300,endpoint,380,LLCH_15,-1,15,15,0,0,0,0,0,0,0,0,0,0,4,4
300,port,16,L2_00,0,129,129,5,38,38,0,0,1,129,872,129,1259,6.76,9.76
300,port,16,L2_00,1,167,167,6,45,45,0,0,0,167,1050,167,1551,6.29,9.29
300,port,16,L2_00,2,159,159,6,44,44,0,0,1,159,1081,159,1558,6.8,9.8
300,port,16,L2_00,3,196,196,7,52,52,0,0,2,196,1633,196,2221,8.33,11.33
300,port,16,L2_00,4,81,81,4,27,26,1,0,0,81,360,81,603,4.44,7.44
300,port,16,L2_00,5,119,119,5,35,35,0,0,1,119,709,119,1066,5.96,8.96
300,port,16,L2_00,6,111,111,5,34,34,0,0,1,111,719,111,1052,6.48,9.48
300,port,16,L2_00,7,148,148,6,41,41,0,0,0,148,889,148,1333,6.01,9.01
300,port,16,L2_00,8,185,185,7,49,49,0,0,1,185,1395,185,1950,7.54,10.54
300,port,32,L3_00_00,0,25,25,1,31,31,0,0,1,25,139,25,214,5.55,8.55
300,port,32,L3_00_00,1,23,23,1,29,29,0,0,1,23,93,23,162,4.06,7.06
300,port,32,L3_00_00,2,32,32,1,37,37,0,0,0,32,179,32,275,5.59,8.59
300,port,32,L3_00_00,3,41,41,2,45,45,0,0,1,41,292,41,415,7.12,10.12
300,port,32,L3_00_00,4,13,13,1,21,17,3,0,1,13,42,13,81,3.22,6.22
300,port,33,L3_00_01,0,17,17,1,25,22,2,0,1,17,91,17,142,5.38,8.38
300,port,33,L3_00_01,1,27,27,1,33,33,0,0,0,27,132,27,213,4.9,7.9
300,port,33,L3_00_01,2,25,25,1,31,31,0,0,1,25,136,25,211,5.42,8.42
300,port,33,L3_00_01,3,34,34,1,39,39,0,0,1,34,236,34,338,6.95,9.95
300,port,33,L3_00_01,4,43,43,2,47,47,0,0,0,43,278,43,407,6.47,9.47
300,port,34,L3_00_02,0,48,48,2,51,51,0,0,2,48,385,48,529,8.03,11.03
300,port,34,L3_00_02,1,19,19,1,26,24,2,0,0,19,79,19,136,4.14,7.14
300,port,34,L3_00_02,2,29,29,1,34,34,0,0,1,29,164,29,251,5.67,8.67
300,port,34,L3_00_02,3,27,27,1,33,33,0,0,1,27,167,27,248,6.18,9.18
300,port,34,L3_00_02,4,36,36,1,41,41,0,0,0,36,206,36,314,5.71,8.71
300,port,35,L3_00_03,0,41,41,2,45,45,0,0,0,41,240,41,363,5.86,8.86
300,port,35,L3_00_03,1,12,12,1,20,16,4,0,0,12,48,12,84,3.97,6.97
300,port,35,L3_00_03,2,21,21,1,28,27,0,0,1,21,116,21,179,5.5,8.5
300,port,35,L3_00_03,3,19,19,1,27,24,3,0,0,19,76,19,133,4.01,7.01
300,port,35,L3_00_03,4,29,29,1,34,34,0,0,1,29,161,29,248,5.54,8.54
300,port,17,L2_01,0,100,100,4,31,31,0,0,0,100,459,100,759,4.59,7.59
300,port,17,L2_01,1,137,137,5,39,39,0,0,1,137,837,137,1248,6.11,9.11
300,port,17,L2_01,2,175,175,6,47,47,0,0,1,175,1337,175,1862,7.64,10.64
300,port,17,L2_01,3,167,167,6,45,45,0,0,0,167,1029,167,1530,6.16,9.16
300,port,17,L2_01,4,52,52,3,21,17,4,0,0,52,222,52,378,4.27,7.27
300,port,17,L2_01,5,89,89,4,29,28,0,0,1,89,515,89,782,5.79,8.79
300,port,17,L2_01,6,127,127,5,37,37,0,0,0,127,676,127,1057,5.32,8.32
300,port,17,L2_01,7,119,119,5,35,35,0,0,1,119,695,119,1052,5.84,8.84
300,port,17,L2_01,8,156,156,6,43,43,0,0,1,156,1150,156,1618,7.37,10.37
300,port,36,L3_01_00,0,33,33,1,38,38,0,0,0,33,188,33,287,5.69,8.69
300,port,36,L3_01_00,1,43,43,2,46,46,0,0,1,43,310,43,439,7.22,10.22
300,port,36,L3_01_00,2,14,14,1,22,18,3,0,1,14,47,14,89,3.33,6.33
300,port,36,L3_01_00,3,23,23,1,30,29,1,0,0,23,112,23,181,4.86,7.86
300,port,36,L3_01_00,4,21,21,1,28,27,0,0,1,21,113,21,176,5.37,8.37
300,port,37,L3_01_01,0,37,37,1,42,42,0,0,1,37,242,37,353,6.54,9.54
300,port,37,L3_01_01,1,35,35,1,40,40,0,0,1,35,247,35,352,7.05,10.05
300,port,37,L3_01_01,2,45,45,2,48,48,0,0,0,45,296,45,431,6.58,9.58
300,port,37,L3_01_01,3,16,16,1,24,21,2,0,1,16,75,16,123,4.69,7.69
300,port,37,L3_01_01,4,25,25,1,32,31,0,0,1,25,155,25,230,6.21,9.21
300,port,38,L3_01_02,0,30,30,1,36,36,0,0,1,30,173,30,263,5.77,8.77
300,port,38,L3_01_02,1,28,28,1,34,34,0,0,1,28,176,28,260,6.29,9.29
300,port,38,L3_01_02,2,37,37,1,42,42,0,0,0,37,215,37,326,5.82,8.82
300,port,38,L3_01_02,3,47,47,2,50,50,0,0,1,47,345,47,486,7.34,10.34
300,port,38,L3_01_02,4,18,18,1,25,23,1,0,1,18,98,18,152,5.45,8.45
300,port,39,L3_01_03,0,23,23,1,29,29,0,0,1,23,129,23,198,5.6,8.6
300,port,39,L3_01_03,1,32,32,1,37,37,0,0,0,32,164,32,260,5.13,8.13
300,port,39,L3_01_03,2,30,30,1,36,36,0,0,1,30,170,30,260,5.65,8.65
300,port,39,L3_01_03,3,39,39,1,43,43,0,0,1,39,280,39,397,7.17,10.17
300,port,39,L3_01_03,4,49,49,2,51,51,0,0,0,49,328,49,475,6.7,9.7
300,port,18,L2_02,0,71,71,3,25,23,2,0,0,71,314,71,527,4.42,7.42
300,port,18,L2_02,1,108,108,5,33,33,0,0,1,108,642,108,966,5.94,8.94
300,port,18,L2_02,2,145,145,6,41,41,0,0,0,145,793,145,1228,5.47,8.47
300,port,18,L2_02,3,138,138,5,39,39,0,0,1,138,827,138,1241,5.99,8.99
300,port,18,L2_02,4,175,175,6,47,47,0,0,1,175,1316,175,1841,7.52,10.52
300,port,18,L2_02,5,60,60,3,23,20,3,0,0,60,217,60,397,3.62,6.62
300,port,18,L2_02,6,97,97,4,31,30,0,0,1,97,500,97,791,5.15,8.15
300,port,18,L2_02,7,89,89,4,29,28,0,0,1,89,505,89,772,5.67,8.67
300,port,18,L2_02,8,127,127,5,37,37,0,0,0,127,660,127,1041,5.2,8.2
300,port,40,L3_02_00,0,15,15,1,23,20,2,0,1,15,51,15,96,3.43,6.43
300,port,40,L3_02_00,1,25,25,1,31,31,0,0,0,25,124,25,199,4.96,7.96
300,port,40,L3_02_00,2,34,34,1,39,39,0,0,1,34,221,34,323,6.49,9.49
300,port,40,L3_02_00,3,32,32,1,37,37,0,0,1,32,160,32,256,5,8
300,port,40,L3_02_00,4,41,41,2,45,45,0,0,1,41,268,41,391,6.53,9.53
300,port,41,L3_02_01,0,46,46,2,49,49,0,0,0,46,307,46,445,6.68,9.68
300,port,41,L3_02_01,1,17,17,1,25,22,2,0,1,17,81,17,132,4.79,7.79
300,port,41,L3_02_01,2,27,27,1,33,33,0,0,1,27,171,27,252,6.32,9.32
300,port,41,L3_02_01,3,25,25,1,31,31,0,0,0,25,121,25,196,4.83,7.83
300,port,41,L3_02_01,4,34,34,1,39,39,0,0,1,34,216,34,318,6.36,9.36
300,port,42,L3_02_02,0,39,39,1,43,43,0,0,0,39,231,39,348,5.92,8.92
300,port,42,L3_02_02,1,48,48,2,51,51,0,0,1,48,358,48,502,7.45,10.45
300,port,42,L3_02_02,2,19,19,1,26,24,1,0,1,19,106,19,163,5.56,8.56
300,port,42,L3_02_02,3,29,29,1,34,34,0,0,0,29,147,29,234,5.08,8.08
300,port,42,L3_02_02,4,27,27,1,33,33,0,0,1,27,151,27,232,5.6,8.6
300,port,43,L3_02_03,0,43,43,2,46,46,0,0,1,43,291,43,420,6.76,9.76
300,port,43,L3_02_03,1,41,41,2,45,45,0,0,1,41,298,41,421,7.28,10.28
300,port,43,L3_02_03,2,50,50,2,52,52,0,0,0,50,341,50,491,6.81,9.81
300,port,43,L3_02_03,3,21,21,1,28,27,1,0,0,21,103,21,166,4.91,7.91
300,port,43,L3_02_03,4,31,31,1,36,36,0,0,1,31,200,31,293,6.44,9.44
300,port,19,L2_03,0,193,193,7,51,51,0,0,1,193,1365,193,1944,7.07,10.07
300,port,19,L2_03,1,79,79,4,27,25,1,0,1,79,409,79,646,5.18,8.18
300,port,19,L2_03,2,116,116,5,35,35,0,0,1,116,546,116,894,4.71,7.71
300,port,19,L2_03,3,153,153,6,43,43,0,0,1,153,955,153,1414,6.24,9.24
300,port,19,L2_03,4,145,145,6,41,41,0,0,1,145,979,145,1414,6.75,9.75
300,port,19,L2_03,5,183,183,7,49,49,0,0,0,183,1149,183,1698,6.28,9.28
300,port,19,L2_03,6,68,68,3,24,22,2,0,0,68,299,68,503,4.39,7.39
300,port,19,L2_03,7,105,105,4,32,32,0,0,1,105,622,105,937,5.92,8.92
300,port,19,L2_03,8,97,97,4,31,30,1,0,0,97,430,97,721,4.43,7.43
300,port,44,L3_03_00,0,35,35,1,40,40,0,0,1,35,231,35,336,6.59,9.59
300,port,44,L3_03_00,1,45,45,2,48,48,0,0,2,45,275,45,410,6.12,9.12
300,port,44,L3_03_00,2,43,43,2,46,46,0,0,1,43,286,43,415,6.64,9.64
300,port,44,L3_03_00,3,14,14,1,22,18,3,0,1,14,66,14,108,4.74,7.74
300,port,44,L3_03_00,4,23,23,1,30,29,1,0,0,23,98,23,167,4.27,7.27
300,port,45,L3_03_01,0,28,28,1,34,34,0,0,1,28,180,28,264,6.42,9.42
300,port,45,L3_03_01,1,37,37,1,42,42,0,0,0,37,220,37,331,5.95,8.95
300,port,45,L3_03_01,2,35,35,1,40,40,0,0,1,35,226,35,331,6.47,9.47
300,port,45,L3_03_01,3,45,45,2,48,48,0,0,2,45,360,45,495,7.99,10.99
300,port,45,L3_03_01,4,16,16,1,24,21,3,0,0,16,66,16,114,4.1,7.1
300,port,46,L3_03_02,0,21,21,1,27,26,0,0,1,21,119,21,182,5.66,8.66
300,port,46,L3_03_02,1,30,30,1,35,35,0,0,0,30,156,30,246,5.19,8.19
300,port,46,L3_03_02,2,39,39,1,43,43,0,0,1,39,262,39,379,6.72,9.72
300,port,46,L3_03_02,3,37,37,1,42,42,0,0,1,37,268,37,379,7.23,10.23
300,port,46,L3_03_02,4,47,47,2,50,50,0,0,0,47,318,47,459,6.76,9.76
300,port,47,L3_03_03,0,13,13,1,21,17,4,0,0,13,45,13,84,3.49,6.49
300,port,47,L3_03_03,1,23,23,1,29,29,0,0,0,23,115,23,184,5.02,8.02
300,port,47,L3_03_03,2,32,32,1,37,37,0,0,1,32,210,32,306,6.55,9.55
300,port,47,L3_03_03,3,41,41,2,45,45,0,0,0,41,249,41,372,6.07,9.07
300,port,47,L3_03_03,4,39,39,1,43,43,0,0,1,39,257,39,374,6.59,9.59
300,port,20,L2_04,0,57,57,3,22,19,3,0,0,57,257,57,428,4.5,7.5
300,port,20,L2_04,1,49,49,3,20,16,3,0,1,49,245,49,392,5.01,8.01
300,port,20,L2_04,2,87,87,4,28,27,1,0,0,87,395,87,656,4.54,7.54
300,port,20,L2_04,3,124,124,5,36,36,0,0,1,124,753,124,1125,6.07,9.07
300,port,20,L2_04,4,161,161,6,44,44,0,0,2,161,1224,161,1707,7.6,10.6
300,port,20,L2_04,5,153,153,6,43,43,0,0,0,153,935,153,1394,6.11,9.11
300,port,20,L2_04,6,191,191,7,50,50,0,0,1,191,1459,191,2032,7.64,10.64
300,port,20,L2_04,7,76,76,4,26,24,1,0,1,76,285,76,513,3.75,6.75
300,port,20,L2_04,8,113,113,5,34,34,0,0,0,113,597,113,936,5.28,8.28
300,port,48,L3_04_00,0,44,44,2,47,47,0,0,1,44,297,44,429,6.74,9.74
300,port,48,L3_04_00,1,15,15,1,23,20,2,0,1,15,73,15,118,4.85,7.85
300,port,48,L3_04_00,2,25,25,1,31,31,0,0,0,25,110,25,185,4.38,7.38
300,port,48,L3_04_00,3,34,34,1,39,39,0,0,1,34,201,34,303,5.9,8.9
300,port,48,L3_04_00,4,32,32,1,37,37,0,0,1,32,205,32,301,6.42,9.42
300,port,49,L3_04_01,0,48,48,2,51,51,0,0,1,48,364,48,508,7.58,10.58
300,port,49,L3_04_01,1,46,46,2,49,49,0,0,2,46,373,46,511,8.1,11.1
300,port,49,L3_04_01,2,17,17,1,25,22,3,0,0,17,72,17,123,4.21,7.21
300,port,49,L3_04_01,3,27,27,1,33,33,0,0,1,27,155,27,236,5.73,8.73
300,port,49,L3_04_01,4,36,36,1,40,40,0,0,2,36,189,36,297,5.26,8.26
300,port,50,L3_04_02,0,41,41,2,44,44,0,0,1,41,280,41,403,6.82,9.82
300,port,50,L3_04_02,1,50,50,2,52,52,0,0,2,50,418,50,568,8.35,11.35
300,port,50,L3_04_02,2,48,48,2,51,51,0,0,0,48,329,48,473,6.86,9.86
300,port,50,L3_04_02,3,19,19,1,26,24,1,0,1,19,94,19,151,4.97,7.97
300,port,50,L3_04_02,4,28,28,1,34,34,0,0,1,28,182,28,266,6.5,9.5
300,port,51,L3_04_03,0,33,33,1,38,38,0,0,1,33,219,33,318,6.65,9.65
300,port,51,L3_04_03,1,42,42,2,46,46,0,0,0,42,260,42,386,6.18,9.18
300,port,51,L3_04_03,2,41,41,2,44,44,0,0,1,41,274,41,397,6.69,9.69
300,port,51,L3_04_03,3,50,50,2,52,52,0,0,2,50,411,50,561,8.22,11.22
300,port,51,L3_04_03,4,21,21,1,28,27,1,0,0,21,91,21,154,4.33,7.33
300,port,21,L2_05,0,180,180,7,48,48,0,0,1,180,1395,180,1935,7.75,10.75
300,port,21,L2_05,1,65,65,3,24,21,3,0,0,65,251,65,446,3.86,6.86
300,port,21,L2_05,2,225,225,31,58,58,0,0,26,225,8246,225,8921,36.65,39.65
300,port,21,L2_05,3,95,95,4,30,30,0,0,1,95,561,95,846,5.9,8.9
300,port,21,L2_05,4,132,132,5,38,38,0,0,0,132,717,132,1113,5.43,8.43
300,port,21,L2_05,5,124,124,5,36,36,0,0,1,124,737,124,1109,5.94,8.94
300,port,21,L2_05,6,161,161,6,44,44,0,0,1,161,1203,161,1686,7.47,10.47
300,port,21,L2_05,7,198,198,7,52,52,0,0,0,198,1386,198,1980,7,10
300,port,21,L2_05,8,84,84,4,28,27,0,0,1,84,429,84,681,5.11,8.11
300,port,52,L3_05_00,0,26,26,1,32,32,0,0,0,26,116,26,194,4.48,7.48
300,port,52,L3_05_00,1,35,35,1,40,40,0,0,1,35,210,35,315,6.01,9.01
300,port,52,L3_05_00,2,44,44,2,48,48,0,0,1,44,332,44,464,7.54,10.54
300,port,52,L3_05_00,3,43,43,2,46,46,0,0,0,43,260,43,389,6.05,9.05
300,port,52,L3_05_00,4,14,14,1,22,18,4,0,0,14,58,14,100,4.16,7.16
300,port,53,L3_05_01,0,18,18,1,26,23,3,0,0,18,78,18,132,4.31,7.31
300,port,53,L3_05_01,1,28,28,1,34,34,0,0,1,28,164,28,248,5.84,8.84
300,port,53,L3_05_01,2,37,37,1,42,42,0,0,2,37,199,37,310,5.37,8.37
300,port,53,L3_05_01,3,46,46,2,49,49,0,0,1,46,317,46,455,6.89,9.89
300,port,53,L3_05_01,4,44,44,2,48,48,0,0,1,44,326,44,458,7.41,10.41
300,port,54,L3_05_02,0,22,22,1,29,28,1,0,0,22,100,22,166,4.56,7.56
300,port,54,L3_05_02,1,20,20,1,27,25,1,0,1,20,102,20,162,5.08,8.08
300,port,54,L3_05_02,2,30,30,1,35,35,0,0,1,30,198,30,288,6.6,9.6
300,port,54,L3_05_02,3,39,39,1,43,43,0,0,0,39,239,39,356,6.13,9.13
300,port,54,L3_05_02,4,37,37,1,42,42,0,0,1,37,246,37,357,6.65,9.65
300,port,55,L3_05_03,0,15,15,1,23,20,3,0,0,15,66,15,111,4.39,7.39
300,port,55,L3_05_03,1,13,13,1,21,17,3,0,1,13,64,13,103,4.91,7.91
300,port,55,L3_05_03,2,22,22,1,29,28,1,0,0,22,97,22,163,4.43,7.43
300,port,55,L3_05_03,3,32,32,1,37,37,0,0,1,32,191,32,287,5.96,8.96
300,port,55,L3_05_03,4,41,41,2,45,45,0,0,1,41,307,41,430,7.49,10.49
300,port,22,L2_06,0,150,150,6,42,42,0,0,1,150,1049,150,1499,6.99,9.99
300,port,22,L2_06,1,188,188,7,50,50,0,0,0,188,1224,188,1788,6.51,9.51
300,port,22,L2_06,2,180,180,7,48,48,0,0,1,180,1265,180,1805,7.03,10.03
300,port,22,L2_06,3,65,65,3,24,21,2,0,1,65,334,65,529,5.14,8.14
300,port,22,L2_06,4,102,102,4,32,32,0,0,0,102,475,102,781,4.66,7.66
300,port,22,L2_06,5,140,140,5,40,40,0,0,1,140,867,140,1287,6.19,9.19
300,port,22,L2_06,6,132,132,5,38,38,0,0,1,132,886,132,1282,6.71,9.71
300,port,22,L2_06,7,169,169,6,46,46,0,0,0,169,1055,169,1562,6.24,9.24
300,port,22,L2_06,8,54,54,3,22,18,4,0,0,54,234,54,396,4.34,7.34
300,port,56,L3_06_00,0,46,46,2,49,49,0,0,1,46,351,46,489,7.64,10.64
300,port,56,L3_06_00,1,17,17,1,24,22,2,0,0,17,64,17,115,3.75,6.75
300,port,56,L3_06_00,2,15,15,1,23,20,3,0,0,15,64,15,109,4.26,7.26
300,port,56,L3_06_00,3,24,24,1,31,30,0,0,1,24,139,24,211,5.79,8.79
300,port,56,L3_06_00,4,34,34,1,39,39,0,0,0,34,181,34,283,5.32,8.32
300,port,57,L3_06_01,0,38,38,1,43,43,0,0,1,38,261,38,375,6.88,9.88
300,port,57,L3_06_01,1,48,48,2,51,51,0,0,2,48,308,48,452,6.41,9.41
300,port,57,L3_06_01,2,19,19,1,26,24,2,0,0,19,86,19,143,4.51,7.51
300,port,57,L3_06_01,3,17,17,1,25,22,2,0,1,17,86,17,137,5.03,8.03
300,port,57,L3_06_01,4,26,26,1,32,32,0,0,0,26,119,26,197,4.56,7.56
300,port,58,L3_06_02,0,31,31,1,36,36,0,0,1,31,208,31,301,6.71,9.71
300,port,58,L3_06_02,1,40,40,2,44,44,0,0,0,40,250,40,370,6.24,9.24
300,port,58,L3_06_02,2,50,50,2,52,52,0,0,1,50,388,50,538,7.76,10.76
300,port,58,L3_06_02,3,48,48,2,51,51,0,0,2,48,397,48,541,8.28,11.28
300,port,58,L3_06_02,4,19,19,1,26,24,2,0,0,19,83,19,140,4.39,7.39
300,port,59,L3_06_03,0,24,24,1,30,30,0,0,0,24,109,24,181,4.54,7.54
300,port,59,L3_06_03,1,33,33,1,38,38,0,0,1,33,200,33,299,6.07,9.07
300,port,59,L3_06_03,2,42,42,2,46,46,0,0,2,42,319,42,445,7.59,10.59
300,port,59,L3_06_03,3,14,14,1,22,18,4,0,0,14,52,14,94,3.7,6.7
300,port,59,L3_06_03,4,50,50,2,52,52,0,0,1,50,382,50,532,7.64,10.64
300,port,23,L2_07,0,121,121,5,36,36,0,0,1,121,583,121,946,4.82,7.82
300,port,23,L2_07,1,158,158,6,44,44,0,0,1,158,1002,158,1476,6.34,9.34
300,port,23,L2_07,2,196,196,7,52,52,0,0,1,196,1543,196,2131,7.87,10.87
300,port,23,L2_07,3,188,188,7,50,50,0,0,0,188,1201,188,1765,6.39,9.39
300,port,23,L2_07,4,73,73,4,26,23,3,0,0,73,328,73,547,4.49,7.49
300,port,23,L2_07,5,110,110,5,33,33,0,0,1,110,662,110,992,6.02,9.02
300,port,23,L2_07,6,148,148,6,41,41,0,0,0,148,821,148,1265,5.55,8.55
300,port,23,L2_07,7,140,140,5,40,40,0,0,1,140,850,140,1270,6.07,9.07
300,port,23,L2_07,8,177,177,7,48,48,0,0,1,177,1343,177,1874,7.59,10.59
300,port,60,L3_07_00,0,28,28,1,34,34,0,0,1,28,151,28,235,5.38,8.38
300,port,60,L3_07_00,1,26,26,1,32,32,0,0,1,26,153,26,231,5.9,8.9
300,port,60,L3_07_00,2,35,35,1,40,40,0,0,0,35,190,35,295,5.42,8.42
300,port,60,L3_07_00,3,44,44,2,48,48,0,0,1,44,306,44,438,6.95,9.95
300,port,60,L3_07_00,4,16,16,1,23,21,1,0,1,16,81,16,129,5.06,8.06
300,port,61,L3_07_01,0,20,20,1,27,25,2,0,0,20,92,20,152,4.62,7.62
300,port,61,L3_07_01,1,18,18,1,26,23,2,0,1,18,92,18,146,5.13,8.13
300,port,61,L3_07_01,2,28,28,1,34,34,0,0,0,28,130,28,214,4.66,7.66
300,port,61,L3_07_01,3,37,37,1,41,41,0,0,1,37,229,37,340,6.19,9.19
300,port,61,L3_07_01,4,46,46,2,49,49,0,0,1,46,355,46,493,7.72,10.72
300,port,62,L3_07_02,0,13,13,1,21,17,4,0,0,13,58,13,97,4.45,7.45
300,port,62,L3_07_02,1,22,22,1,29,28,0,0,1,22,132,22,198,5.98,8.98
300,port,62,L3_07_02,2,20,20,1,27,25,2,0,0,20,90,20,150,4.49,7.49
300,port,62,L3_07_02,3,30,30,1,35,35,0,0,1,30,181,30,271,6.02,9.02
300,port,62,L3_07_02,4,39,39,1,43,43,0,0,2,39,216,39,333,5.55,8.55
300,port,63,L3_07_03,0,44,44,2,47,47,0,0,2,44,339,44,471,7.7,10.7
300,port,63,L3_07_03,1,15,15,1,23,20,3,0,0,15,57,15,102,3.81,6.81
300,port,63,L3_07_03,2,24,24,1,31,30,0,0,1,24,128,24,200,5.33,8.33
300,port,63,L3_07_03,3,22,22,1,29,28,0,0,1,22,129,22,195,5.85,8.85
300,port,63,L3_07_03,4,32,32,1,37,37,0,0,0,32,172,32,268,5.38,8.38
300,port,24,L2_08,0,92,92,4,30,29,1,0,0,92,427,92,703,4.64,7.64
300,port,24,L2_08,1,129,129,5,37,37,0,0,1,129,796,129,1183,6.17,9.17
300,port,24,L2_08,2,166,166,6,45,45,0,0,2,166,1278,166,1776,7.7,10.7
300,port,24,L2_08,3,51,51,3,21,17,4,0,0,51,194,51,347,3.81,6.81
300,port,24,L2_08,4,196,196,7,52,52,0,0,1,196,1517,196,2105,7.74,10.74
300,port,24,L2_08,5,81,81,4,27,26,0,0,1,81,312,81,555,3.85,6.85
300,port,24,L2_08,6,118,118,5,35,35,0,0,0,118,635,118,989,5.38,8.38
300,port,24,L2_08,7,155,155,6,43,43,0,0,1,155,1071,155,1536,6.91,9.91
300,port,24,L2_08,8,148,148,6,41,41,0,0,2,148,802,148,1246,5.42,8.42
300,port,64,L3_08_00,0,36,36,1,41,41,0,0,0,36,199,36,307,5.53,8.53
300,port,64,L3_08_00,1,46,46,2,49,49,0,0,1,46,325,46,463,7.06,10.06
300,port,64,L3_08_00,2,17,17,1,24,22,1,0,1,17,88,17,139,5.16,8.16
300,port,64,L3_08_00,3,15,15,1,23,20,3,0,0,15,55,15,100,3.68,6.68
300,port,64,L3_08_00,4,24,24,1,31,30,0,0,1,24,125,24,197,5.21,8.21
300,port,65,L3_08_01,0,29,29,1,35,35,0,0,0,29,138,29,225,4.77,7.77
300,port,65,L3_08_01,1,38,38,1,43,43,0,0,1,38,239,38,353,6.29,9.29
300,port,65,L3_08_01,2,48,48,2,50,50,0,0,1,48,375,48,519,7.82,10.82
300,port,65,L3_08_01,3,19,19,1,26,24,2,0,0,19,75,19,132,3.93,6.93
300,port,65,L3_08_01,4,17,17,1,24,22,2,0,0,17,76,17,127,4.45,7.45
300,port,66,L3_08_02,0,33,33,1,38,38,0,0,0,33,185,33,284,5.61,8.61
300,port,66,L3_08_02,1,31,31,1,36,36,0,0,1,31,190,31,283,6.12,9.12
300,port,66,L3_08_02,2,40,40,2,44,44,0,0,2,40,226,40,346,5.65,8.65
300,port,66,L3_08_02,3,50,50,2,52,52,0,0,1,50,359,50,509,7.18,10.18
300,port,66,L3_08_02,4,21,21,1,28,27,0,0,1,21,111,21,174,5.29,8.29
300,port,67,L3_08_03,0,26,26,1,32,32,0,0,1,26,141,26,219,5.44,8.44
300,port,67,L3_08_03,1,35,35,1,40,40,0,0,1,35,244,35,349,6.97,9.97
300,port,67,L3_08_03,2,33,33,1,38,38,0,0,0,33,181,33,280,5.48,8.48
300,port,67,L3_08_03,3,42,42,2,46,46,0,0,1,42,294,42,420,7.01,10.01
300,port,67,L3_08_03,4,14,14,1,22,18,3,0,1,14,72,14,114,5.12,8.12
300,port,25,L2_09,0,62,62,3,23,20,3,0,0,62,277,62,463,4.47,7.47
300,port,25,L2_09,1,100,100,4,31,31,0,0,1,100,600,100,900,6,9
300,port,25,L2_09,2,137,137,5,39,39,0,0,0,137,758,137,1169,5.53,8.53
300,port,25,L2_09,3,174,174,6,47,47,0,0,1,174,1228,174,1750,7.06,10.06
300,port,25,L2_09,4,166,166,6,45,45,0,0,2,166,1257,166,1755,7.57,10.57
300,port,25,L2_09,5,52,52,3,21,17,4,0,0,52,191,52,347,3.68,6.68
300,port,25,L2_09,6,89,89,4,29,28,0,0,1,89,464,89,731,5.21,8.21
300,port,25,L2_09,7,126,126,5,37,37,0,0,1,126,849,126,1227,6.74,9.74
300,port,25,L2_09,8,118,118,5,35,35,0,0,0,118,620,118,974,5.25,8.25
300,port,68,L3_09_00,0,18,18,1,25,23,1,0,1,18,95,18,149,5.27,8.27
300,port,68,L3_09_00,1,28,28,1,33,33,0,0,0,28,134,28,218,4.8,7.8
300,port,68,L3_09_00,2,26,26,1,32,32,0,0,1,26,138,26,216,5.31,8.31
300,port,68,L3_09_00,3,35,35,1,40,40,0,0,1,35,239,35,344,6.84,9.84
300,port,68,L3_09_00,4,44,44,2,48,48,0,0,0,44,280,44,412,6.37,9.37
300,port,69,L3_09_01,0,49,49,2,52,52,0,0,1,49,389,49,536,7.93,10.93
300,port,69,L3_09_01,1,20,20,1,27,25,2,0,0,20,81,20,141,4.03,7.03
300,port,69,L3_09_01,2,30,30,1,35,35,0,0,1,30,167,30,257,5.56,8.56
300,port,69,L3_09_01,3,28,28,1,33,33,0,0,1,28,170,28,254,6.08,9.08
300,port,69,L3_09_01,4,37,37,1,41,41,0,0,0,37,208,37,319,5.61,8.61
300,port,70,L3_09_02,0,42,42,2,45,45,0,0,2,42,242,42,368,5.76,8.76
300,port,70,L3_09_02,1,13,13,1,21,17,4,0,0,13,50,13,89,3.86,6.86
300,port,70,L3_09_02,2,22,22,1,29,28,0,0,1,22,119,22,185,5.39,8.39
300,port,70,L3_09_02,3,31,31,1,37,37,0,0,1,31,153,31,246,4.92,7.92
300,port,70,L3_09_02,4,30,30,1,35,35,0,0,0,30,163,30,253,5.44,8.44
300,port,71,L3_09_03,0,34,34,1,39,39,0,0,0,34,190,34,292,5.59,8.59
300,port,71,L3_09_03,1,44,44,2,47,47,0,0,1,44,313,44,445,7.11,10.11
300,port,71,L3_09_03,2,15,15,1,23,20,2,0,1,15,78,15,123,5.22,8.22
300,port,71,L3_09_03,3,24,24,1,31,30,1,0,0,24,114,24,186,4.75,7.75
300,port,71,L3_09_03,4,22,22,1,29,28,0,0,1,22,116,22,182,5.27,8.27
300,port,26,L2_10,0,78,78,4,27,25,2,0,0,78,369,78,603,4.73,7.73
300,port,26,L2_10,1,70,70,3,25,23,1,0,1,70,367,70,577,5.24,8.24
300,port,26,L2_10,2,108,108,5,33,33,0,0,0,108,515,108,839,4.77,7.77
300,port,26,L2_10,3,145,145,6,41,41,0,0,1,145,914,145,1349,6.3,9.3
300,port,26,L2_10,4,182,182,7,49,49,0,0,2,182,1423,182,1969,7.82,10.82
300,port,26,L2_10,5,174,174,6,47,47,0,0,0,174,1103,174,1625,6.34,9.34
300,port,26,L2_10,6,60,60,3,23,20,3,0,0,60,267,60,447,4.45,7.45
300,port,26,L2_10,7,97,97,4,31,30,0,0,1,97,580,97,871,5.98,8.98
300,port,26,L2_10,8,134,134,5,38,38,0,0,0,134,737,134,1139,5.5,8.5
300,port,72,L3_10_00,0,38,38,1,42,42,0,0,1,38,244,38,358,6.43,9.43
300,port,72,L3_10_00,1,36,36,1,41,41,0,0,1,36,250,36,358,6.94,9.94
300,port,72,L3_10_00,2,46,46,2,49,49,0,0,0,46,298,46,436,6.47,9.47
300,port,72,L3_10_00,3,17,17,1,24,22,2,0,0,17,78,17,129,4.58,7.58
300,port,72,L3_10_00,4,26,26,1,32,32,0,0,1,26,159,26,237,6.11,9.11
300,port,73,L3_10_01,0,31,31,1,36,36,0,0,1,31,176,31,269,5.67,8.67
300,port,73,L3_10_01,1,40,40,2,44,44,0,0,1,40,288,40,408,7.19,10.19
300,port,73,L3_10_01,2,38,38,1,42,42,0,0,0,38,217,38,331,5.71,8.71
300,port,73,L3_10_01,3,47,47,2,50,50,0,0,1,47,340,47,481,7.24,10.24
300,port,73,L3_10_01,4,19,19,1,26,24,1,0,1,19,102,19,159,5.35,8.35
300,port,74,L3_10_02,0,23,23,1,30,29,0,0,1,23,127,23,196,5.5,8.5
300,port,74,L3_10_02,1,33,33,1,38,38,0,0,1,33,166,33,265,5.02,8.02
300,port,74,L3_10_02,2,31,31,1,36,36,0,0,0,31,172,31,265,5.54,8.54
300,port,74,L3_10_02,3,40,40,2,44,44,0,0,1,40,283,40,403,7.07,10.07
300,port,74,L3_10_02,4,49,49,2,52,52,0,0,0,49,323,49,470,6.6,9.6
300,port,75,L3_10_03,0,16,16,1,24,21,2,0,1,16,85,16,133,5.33,8.33
300,port,75,L3_10_03,1,25,25,1,32,31,1,0,0,25,121,25,196,4.85,7.85
300,port,75,L3_10_03,2,35,35,1,40,40,0,0,1,35,223,35,328,6.38,9.38
300,port,75,L3_10_03,3,33,33,1,38,38,0,0,1,33,228,33,327,6.9,9.9
300,port,75,L3_10_03,4,42,42,2,46,46,0,0,0,42,270,42,396,6.43,9.43
300,port,27,L2_11,0,49,49,3,20,16,3,0,1,49,223,49,370,4.56,7.56
300,port,27,L2_11,1,86,86,4,28,27,1,0,0,86,351,86,609,4.08,7.08
300,port,27,L2_11,2,78,78,4,27,25,2,0,0,78,359,78,593,4.6,7.6
300,port,27,L2_11,3,115,115,5,35,35,0,0,1,115,705,115,1050,6.13,9.13
300,port,27,L2_11,4,153,153,6,42,42,0,0,0,153,864,153,1323,5.65,8.65
300,port,27,L2_11,5,190,190,7,50,50,0,0,1,190,1364,190,1934,7.18,10.18
300,port,27,L2_11,6,182,182,7,49,49,0,0,1,182,1401,182,1947,7.7,10.7
300,port,27,L2_11,7,67,67,3,24,22,2,0,0,67,255,67,456,3.81,6.81
300,port,27,L2_11,8,105,105,4,32,32,0,0,1,105,560,105,875,5.33,8.33
300,port,76,L3_11_00,0,47,47,2,50,50,0,0,0,47,309,47,450,6.58,9.58
300,port,76,L3_11_00,1,18,18,1,25,23,2,0,0,18,84,18,138,4.68,7.68
300,port,76,L3_11_00,2,27,27,1,33,33,0,0,1,27,168,27,249,6.21,9.21
300,port,76,L3_11_00,3,37,37,1,41,41,0,0,0,37,212,37,323,5.74,8.74
300,port,76,L3_11_00,4,35,35,1,40,40,0,0,1,35,219,35,324,6.26,9.26
300,port,77,L3_11_01,0,13,13,1,21,17,4,0,0,13,44,13,83,3.41,6.41
300,port,77,L3_11_01,1,49,49,2,51,51,0,0,1,49,360,49,507,7.34,10.34
300,port,77,L3_11_01,2,20,20,1,27,25,1,0,1,20,109,20,169,5.45,8.45
300,port,77,L3_11_01,3,29,29,1,35,35,0,0,0,29,144,29,231,4.98,7.98
300,port,77,L3_11_01,4,27,27,1,33,33,0,0,1,27,148,27,229,5.49,8.49
300,port,78,L3_11_02,0,43,43,2,47,47,0,0,1,43,286,43,415,6.66,9.66
300,port,78,L3_11_02,1,41,41,2,45,45,0,0,1,41,294,41,417,7.17,10.17
300,port,78,L3_11_02,2,13,13,1,21,17,3,0,1,13,43,13,82,3.28,6.28
300,port,78,L3_11_02,3,22,22,1,29,28,1,0,0,22,106,22,172,4.81,7.81
300,port,78,L3_11_02,4,31,31,1,37,37,0,0,1,31,197,31,290,6.34,9.34
300,port,79,L3_11_03,0,36,36,1,41,41,0,0,1,36,234,36,342,6.49,9.49
300,port,79,L3_11_03,1,45,45,2,49,49,0,0,2,45,360,45,495,8.01,11.01
300,port,79,L3_11_03,2,43,43,2,47,47,0,0,0,43,281,43,410,6.53,9.53
300,port,79,L3_11_03,3,15,15,1,23,20,2,0,1,15,70,15,115,4.64,7.64
300,port,79,L3_11_03,4,24,24,1,30,30,0,0,1,24,100,24,172,4.17,7.17
300,port,28,L2_12,0,171,171,6,46,46,0,0,2,171,1336,171,1849,7.81,10.81
300,port,28,L2_12,1,57,57,3,22,19,3,0,0,57,223,57,394,3.91,6.91
300,port,28,L2_12,2,49,49,3,20,16,4,0,0,49,217,49,364,4.43,7.43
300,port,28,L2_12,3,86,86,4,28,27,0,0,1,86,341,86,599,3.96,6.96
300,port,28,L2_12,4,123,123,5,36,36,0,0,0,123,674,123,1043,5.48,8.48
300,port,28,L2_12,5,161,161,6,44,44,0,0,1,161,1129,161,1612,7.01,10.01
300,port,28,L2_12,6,153,153,6,42,42,0,0,2,153,846,153,1305,5.53,8.53
300,port,28,L2_12,7,190,190,7,50,50,0,0,1,190,1341,190,1911,7.06,10.06
300,port,28,L2_12,8,75,75,4,26,24,1,0,1,75,387,75,612,5.16,8.16
300,port,80,L3_12_00,0,29,29,1,34,34,0,0,1,29,183,29,270,6.32,9.32
300,port,80,L3_12_00,1,38,38,1,42,42,0,0,0,38,222,38,336,5.84,8.84
300,port,80,L3_12_00,2,47,47,2,50,50,0,0,1,47,346,47,487,7.37,10.37
300,port,80,L3_12_00,3,45,45,2,49,49,0,0,2,45,355,45,490,7.89,10.89
300,port,80,L3_12_00,4,17,17,1,24,22,2,0,0,17,68,17,119,4,7
300,port,81,L3_12_01,0,21,21,1,28,27,0,0,1,21,117,21,180,5.55,8.55
300,port,81,L3_12_01,1,31,31,1,36,36,0,0,0,31,157,31,250,5.08,8.08
300,port,81,L3_12_01,2,40,40,2,44,44,0,0,1,40,264,40,384,6.61,9.61
300,port,81,L3_12_01,3,38,38,1,42,42,0,0,1,38,271,38,385,7.13,10.13
300,port,81,L3_12_01,4,47,47,2,50,50,0,0,0,47,313,47,454,6.65,9.65
300,port,82,L3_12_02,0,14,14,1,22,18,3,0,1,14,47,14,89,3.38,6.38
300,port,82,L3_12_02,1,23,23,1,30,29,1,0,0,23,113,23,182,4.91,7.91
300,port,82,L3_12_02,2,33,33,1,38,38,0,0,1,33,213,33,312,6.44,9.44
300,port,82,L3_12_02,3,42,42,2,46,46,0,0,0,42,251,42,377,5.97,8.97
300,port,82,L3_12_02,4,40,40,2,44,44,0,0,1,40,259,40,379,6.48,9.48
300,port,83,L3_12_03,0,18,18,1,25,23,2,0,0,18,76,18,130,4.23,7.23
300,port,83,L3_12_03,1,16,16,1,24,21,2,0,1,16,76,16,124,4.74,7.74
300,port,83,L3_12_03,2,25,25,1,32,31,0,0,1,25,157,25,232,6.27,9.27
300,port,83,L3_12_03,3,35,35,1,39,39,0,0,0,35,203,35,308,5.8,8.8
300,port,83,L3_12_03,4,44,44,2,47,47,0,0,1,44,323,44,455,7.33,10.33
300,port,29,L2_13,0,142,142,6,40,40,0,0,0,142,799,142,1225,5.63,8.63
300,port,29,L2_13,1,179,179,7,48,48,0,0,1,179,1282,179,1819,7.16,10.16
300,port,29,L2_13,2,65,65,3,24,21,2,0,1,65,343,65,538,5.27,8.27
300,port,29,L2_13,3,57,57,3,22,19,3,0,0,57,216,57,387,3.79,6.79
300,port,29,L2_13,4,94,94,4,30,30,0,0,1,94,499,94,781,5.31,8.31
300,port,29,L2_13,5,131,131,5,38,38,0,0,1,131,896,131,1289,6.84,9.84
300,port,29,L2_13,6,169,169,6,46,46,0,0,0,169,1077,169,1584,6.37,9.37
300,port,29,L2_13,7,161,161,6,44,44,0,0,1,161,1109,161,1592,6.89,9.89
300,port,29,L2_13,8,198,198,7,52,52,0,0,2,198,1665,198,2259,8.41,11.41
300,port,84,L3_13_00,0,49,49,2,51,51,0,0,1,49,367,49,514,7.48,10.48
300,port,84,L3_13_00,1,47,47,2,50,50,0,0,2,47,376,47,517,7.99,10.99
300,port,84,L3_13_00,2,18,18,1,25,23,2,0,0,18,74,18,128,4.1,7.1
300,port,84,L3_13_00,3,27,27,1,33,33,0,0,1,27,152,27,233,5.63,8.63
300,port,84,L3_13_00,4,37,37,1,41,41,0,0,1,37,265,37,376,7.16,10.16
300,port,85,L3_13_01,0,41,41,2,45,45,0,0,1,41,275,41,398,6.71,9.71
300,port,85,L3_13_01,1,13,13,1,21,17,3,0,1,13,63,13,102,4.82,7.82
300,port,85,L3_13_01,2,49,49,2,51,51,0,0,0,49,331,49,478,6.76,9.76
300,port,85,L3_13_01,3,20,20,1,27,25,1,0,1,20,97,20,157,4.87,7.87
300,port,85,L3_13_01,4,29,29,1,35,35,0,0,1,29,185,29,272,6.39,9.39
300,port,86,L3_13_02,0,34,34,1,39,39,0,0,1,34,222,34,324,6.54,9.54
300,port,86,L3_13_02,1,43,43,2,47,47,0,0,0,43,261,43,390,6.07,9.07
300,port,86,L3_13_02,2,15,15,1,22,19,3,0,0,15,63,15,108,4.18,7.18
300,port,86,L3_13_02,3,13,13,1,21,17,3,0,1,13,61,13,100,4.7,7.7
300,port,86,L3_13_02,4,22,22,1,29,28,1,0,0,22,93,22,159,4.22,7.22
300,port,87,L3_13_03,0,27,27,1,33,33,0,0,1,27,172,27,253,6.37,9.37
300,port,87,L3_13_03,1,36,36,1,41,41,0,0,0,36,212,36,320,5.9,8.9
300,port,87,L3_13_03,2,45,45,2,48,48,0,0,1,45,334,45,469,7.43,10.43
300,port,87,L3_13_03,3,43,43,2,47,47,0,0,2,43,256,43,385,5.95,8.95
300,port,87,L3_13_03,4,15,15,1,22,19,3,0,0,15,61,15,106,4.05,7.05
300,port,30,L2_14,0,113,113,5,34,34,0,0,0,113,550,113,889,4.87,7.87
300,port,30,L2_14,1,150,150,6,42,42,0,0,1,150,960,150,1410,6.4,9.4
300,port,30,L2_14,2,187,187,7,50,50,0,0,2,187,1483,187,2044,7.93,10.93
300,port,30,L2_14,3,72,72,4,25,23,2,0,0,72,291,72,507,4.04,7.04
300,port,30,L2_14,4,65,65,3,24,21,3,0,0,65,296,65,491,4.55,7.55
300,port,30,L2_14,5,102,102,4,32,32,0,0,1,102,620,102,926,6.08,9.08
300,port,30,L2_14,6,139,139,5,40,40,0,0,0,139,780,139,1197,5.61,8.61
300,port,30,L2_14,7,176,176,7,47,47,0,0,1,176,1257,176,1785,7.14,10.14
300,port,30,L2_14,8,169,169,6,46,46,0,0,2,169,1293,169,1800,7.65,10.65
300,port,88,L3_14_00,0,19,19,1,26,24,2,0,0,19,80,19,137,4.2,7.2
300,port,88,L3_14_00,1,29,29,1,34,34,0,0,1,29,166,29,253,5.73,8.73
300,port,88,L3_14_00,2,38,38,1,42,42,0,0,1,38,276,38,390,7.26,10.26
300,port,88,L3_14_00,3,47,47,2,50,50,0,0,0,47,319,47,460,6.79,9.79
300,port,88,L3_14_00,4,45,45,2,48,48,0,0,1,45,329,45,464,7.3,10.3
300,port,89,L3_14_01,0,23,23,1,30,29,1,0,0,23,102,23,171,4.45,7.45
300,port,89,L3_14_01,1,21,21,1,28,27,0,0,1,21,104,21,167,4.97,7.97
300,port,89,L3_14_01,2,31,31,1,36,36,0,0,1,31,202,31,295,6.5,9.5
300,port,89,L3_14_01,3,40,40,2,44,44,0,0,0,40,241,40,361,6.03,9.03
300,port,89,L3_14_01,4,49,49,2,52,52,0,0,1,49,370,49,517,7.55,10.55
300,port,90,L3_14_02,0,16,16,1,23,21,2,0,0,16,68,16,116,4.28,7.28
300,port,90,L3_14_02,1,25,25,1,31,31,0,0,1,25,145,25,220,5.81,8.81
300,port,90,L3_14_02,2,23,23,1,30,29,1,0,0,23,100,23,169,4.33,7.33
300,port,90,L3_14_02,3,33,33,1,38,38,0,0,1,33,193,33,292,5.86,8.86
300,port,90,L3_14_02,4,42,42,2,46,46,0,0,1,42,310,42,436,7.38,10.38
300,port,91,L3_14_03,0,47,47,2,50,50,0,0,1,47,354,47,495,7.53,10.53
300,port,91,L3_14_03,1,18,18,1,25,23,1,0,1,18,66,18,120,3.64,6.64
300,port,91,L3_14_03,2,16,16,1,24,21,3,0,0,16,67,16,115,4.16,7.16
300,port,91,L3_14_03,3,25,25,1,31,31,0,0,1,25,142,25,217,5.69,8.69
300,port,91,L3_14_03,4,35,35,1,39,39,0,0,2,35,182,35,287,5.21,8.21
300,port,31,L2_15,0,128,128,5,37,37,0,0,1,128,732,128,1116,5.72,8.72
300,port,31,L2_15,1,121,121,5,36,36,0,0,1,121,754,121,1117,6.23,9.23
300,port,31,L2_15,2,158,158,6,44,44,0,0,0,158,910,158,1384,5.76,8.76
300,port,31,L2_15,3,195,195,7,51,51,0,0,1,195,1422,195,2007,7.29,10.29
300,port,31,L2_15,4,187,187,7,50,50,0,0,1,187,1459,187,2020,7.8,10.8
300,port,31,L2_15,5,73,73,4,25,23,2,0,0,73,285,73,504,3.91,6.91
300,port,31,L2_15,6,110,110,5,33,33,0,0,1,110,598,110,928,5.44,8.44
300,port,31,L2_15,7,147,147,6,41,41,0,0,1,147,1025,147,1466,6.97,9.97
300,port,31,L2_15,8,139,139,5,40,40,0,0,0,139,762,139,1179,5.48,8.48
300,port,92,L3_15_00,0,39,39,1,43,43,0,0,1,39,264,39,381,6.77,9.77
300,port,92,L3_15_00,1,49,49,2,51,51,0,0,2,49,407,49,554,8.3,11.3
300,port,92,L3_15_00,2,20,20,1,27,25,2,0,0,20,88,20,148,4.41,7.41
300,port,92,L3_15_00,3,18,18,1,25,23,1,0,1,18,89,18,143,4.92,7.92
300,port,92,L3_15_00,4,27,27,1,33,33,0,0,1,27,120,27,201,4.45,7.45
300,port,93,L3_15_01,0,32,32,1,37,37,0,0,1,32,211,32,307,6.6,9.6
300,port,93,L3_15_01,1,41,41,2,45,45,0,0,0,41,251,41,374,6.13,9.13
300,port,93,L3_15_01,2,12,12,1,21,16,5,0,0,12,51,12,87,4.24,7.24
300,port,93,L3_15_01,3,22,22,1,29,28,0,0,1,22,127,22,193,5.77,8.77
300,port,93,L3_15_01,4,20,20,1,27,25,2,0,0,20,86,20,146,4.28,7.28
300,port,94,L3_15_02,0,25,25,1,31,31,0,0,0,25,111,25,186,4.43,7.43
300,port,94,L3_15_02,1,34,34,1,39,39,0,0,1,34,203,34,305,5.96,8.96
300,port,94,L3_15_02,2,43,43,2,47,47,0,0,1,43,322,43,451,7.49,10.49
300,port,94,L3_15_02,3,14,14,1,22,18,4,0,0,14,50,14,92,3.6,6.6
300,port,94,L3_15_02,4,13,13,1,21,17,4,0,0,13,53,13,92,4.11,7.11
300,port,95,L3_15_03,0,28,28,1,34,34,0,0,0,28,148,28,232,5.27,8.27
300,port,95,L3_15_03,1,27,27,1,33,33,0,0,1,27,156,27,237,5.79,8.79
300,port,95,L3_15_03,2,36,36,1,40,40,0,0,2,36,192,36,300,5.32,8.32
300,port,95,L3_15_03,3,45,45,2,48,48,0,0,1,45,308,45,443,6.85,9.85
300,port,95,L3_15_03,4,16,16,1,24,21,2,0,1,16,79,16,127,4.95,7.95
300,port,0,L1_00,0,160,160,6,44,44,0,0,0,160,955,160,1435,5.97,8.97
300,port,0,L1_00,1,197,197,7,52,52,0,0,1,197,1478,197,2069,7.5,10.5
300,port,0,L1_00,2,82,82,4,27,26,0,0,1,82,459,82,705,5.6,8.6
300,port,0,L1_00,3,75,75,4,26,24,2,0,0,75,309,75,534,4.12,7.12
300,port,0,L1_00,4,280,280,33,69,69,0,0,31,280,10620,280,11460,37.93,40.93
300,port,0,L1_00,5,149,149,6,42,42,0,0,1,149,1070,149,1517,7.18,10.18
300,port,0,L1_00,6,186,186,7,50,50,0,0,0,186,1246,186,1804,6.7,9.7
300,port,0,L1_00,7,179,179,7,48,48,0,0,1,179,1292,179,1829,7.22,10.22
300,port,1,L1_01,0,131,131,5,38,38,0,0,1,131,760,131,1153,5.8,8.8
300,port,1,L1_01,1,168,168,6,46,46,0,0,1,168,1231,168,1735,7.33,10.33
300,port,1,L1_01,2,53,53,3,21,17,4,0,0,53,182,53,341,3.43,6.43
300,port,1,L1_01,3,90,90,4,29,28,1,0,0,90,446,90,716,4.96,7.96
300,port,1,L1_01,4,83,83,4,28,26,1,0,1,83,455,83,704,5.48,8.48
300,port,1,L1_01,5,120,120,5,35,35,0,0,0,120,601,120,961,5.01,8.01
300,port,1,L1_01,6,157,157,6,43,43,0,0,1,157,1025,157,1496,6.53,9.53
300,port,1,L1_01,7,194,194,7,51,51,0,0,2,194,1564,194,2146,8.06,11.06
300,port,2,L1_02,0,101,101,4,32,32,0,0,1,101,569,101,872,5.63,8.63
300,port,2,L1_02,1,138,138,5,39,39,0,0,1,138,712,138,1126,5.16,8.16
300,port,2,L1_02,2,176,176,6,47,47,0,0,1,176,1176,176,1704,6.68,9.68
300,port,2,L1_02,3,61,61,3,23,20,2,0,1,61,292,61,475,4.79,7.79
300,port,2,L1_02,4,53,53,3,21,17,3,0,1,53,175,53,334,3.31,6.31
300,port,2,L1_02,5,90,90,4,29,28,1,0,0,90,436,90,706,4.84,7.84
300,port,2,L1_02,6,128,128,5,37,37,0,0,1,128,814,128,1198,6.36,9.36
300,port,2,L1_02,7,165,165,6,45,45,0,0,0,165,972,165,1467,5.89,8.89
300,port,3,L1_03,0,117,117,5,35,35,0,0,1,117,688,117,1039,5.88,8.88
300,port,3,L1_03,1,109,109,5,33,33,0,0,1,109,697,109,1024,6.39,9.39
300,port,3,L1_03,2,146,146,6,41,41,0,0,0,146,864,146,1302,5.92,8.92
300,port,3,L1_03,3,184,184,7,49,49,0,0,1,184,1371,184,1923,7.45,10.45
300,port,3,L1_03,4,69,69,3,25,22,2,0,1,69,246,69,453,3.56,6.56
300,port,3,L1_03,5,61,61,3,23,20,3,0,0,61,248,61,431,4.07,7.07
300,port,3,L1_03,6,98,98,4,31,31,0,0,1,98,549,98,843,5.6,8.6
300,port,3,L1_03,7,136,136,5,39,39,0,0,2,136,698,136,1106,5.13,8.13
300,port,4,L1_04,0,88,88,4,29,28,0,0,1,88,502,88,766,5.71,8.71
300,port,4,L1_04,1,125,125,5,37,37,0,0,0,125,655,125,1030,5.24,8.24
300,port,4,L1_04,2,117,117,5,35,35,0,0,1,117,673,117,1024,5.75,8.75
300,port,4,L1_04,3,154,154,6,43,43,0,0,1,154,1121,154,1583,7.28,10.28
300,port,4,L1_04,4,191,191,7,51,51,0,0,0,191,1301,191,1874,6.81,9.81
300,port,4,L1_04,5,77,77,4,26,24,1,0,1,77,379,77,610,4.92,7.92
300,port,4,L1_04,6,69,69,3,25,22,2,0,1,69,375,69,582,5.43,8.43
300,port,4,L1_04,7,106,106,4,33,33,0,0,0,106,526,106,844,4.96,7.96
300,port,5,L1_05,0,226,226,31,58,58,0,0,26,226,8095,226,8773,35.82,38.82
300,port,5,L1_05,1,95,95,4,30,30,0,0,0,95,482,95,767,5.07,8.07
300,port,5,L1_05,2,88,88,4,29,28,0,0,1,88,491,88,755,5.58,8.58
300,port,5,L1_05,3,125,125,5,37,37,0,0,0,125,639,125,1014,5.11,8.11
300,port,5,L1_05,4,162,162,6,44,44,0,0,1,162,1076,162,1562,6.64,9.64
300,port,5,L1_05,5,199,199,7,52,52,0,0,2,199,1626,199,2223,8.17,11.17
300,port,5,L1_05,6,192,192,7,51,51,0,0,0,192,1283,192,1859,6.68,9.68
300,port,5,L1_05,7,77,77,4,26,24,2,0,0,77,369,77,600,4.79,7.79
300,port,6,L1_06,0,181,181,7,48,48,0,0,1,181,1229,181,1772,6.79,9.79
300,port,6,L1_06,1,66,66,3,24,21,2,0,1,66,323,66,521,4.9,7.9
300,port,6,L1_06,2,103,103,4,32,32,0,0,1,103,455,103,764,4.42,7.42
300,port,6,L1_06,3,96,96,4,30,30,0,0,0,96,474,96,762,4.94,7.94
300,port,6,L1_06,4,133,133,5,38,38,0,0,1,133,861,133,1260,6.47,9.47
300,port,6,L1_06,5,170,170,6,46,46,0,0,0,170,1020,170,1530,6,9
300,port,6,L1_06,6,55,55,3,22,18,4,0,0,55,225,55,391,4.1,7.1
300,port,6,L1_06,7,200,200,7,52,52,0,0,1,200,1608,200,2208,8.04,11.04
300,port,7,L1_07,0,152,152,6,42,42,0,0,0,152,917,152,1373,6.03,9.03
300,port,7,L1_07,1,189,189,7,50,50,0,0,1,189,1427,189,1994,7.55,10.55
300,port,7,L1_07,2,74,74,4,26,24,1,0,1,74,419,74,641,5.66,8.66
300,port,7,L1_07,3,111,111,5,34,34,0,0,0,111,576,111,909,5.19,8.19
300,port,7,L1_07,4,103,103,4,32,32,0,0,1,103,588,103,897,5.71,8.71
300,port,7,L1_07,5,141,141,5,40,40,0,0,2,141,737,141,1160,5.23,8.23
300,port,7,L1_07,6,178,178,7,48,48,0,0,1,178,1203,178,1737,6.76,9.76
300,port,7,L1_07,7,63,63,3,23,20,2,0,1,63,307,63,496,4.87,7.87
300,port,8,L1_08,0,167,167,6,46,46,0,0,1,167,1147,167,1648,6.87,9.87
300,port,8,L1_08,1,159,159,6,44,44,0,0,1,159,1173,159,1650,7.38,10.38
300,port,8,L1_08,2,197,197,7,52,52,0,0,0,197,1361,197,1952,6.91,9.91
300,port,8,L1_08,3,82,82,4,27,26,0,0,1,82,412,82,658,5.02,8.02
300,port,8,L1_08,4,74,74,4,26,24,1,0,1,74,410,74,632,5.54,8.54
300,port,8,L1_08,5,111,111,5,34,34,0,0,0,111,562,111,895,5.06,8.06
300,port,8,L1_08,6,149,149,6,42,42,0,0,1,149,982,149,1429,6.59,9.59
300,port,8,L1_08,7,186,186,7,49,49,0,0,2,186,1510,186,2068,8.12,11.12
300,port,9,L1_09,0,138,138,5,39,39,0,0,1,138,925,138,1339,6.7,9.7
300,port,9,L1_09,1,130,130,5,38,38,0,0,0,130,677,130,1067,5.21,8.21
300,port,9,L1_09,2,167,167,6,46,46,0,0,1,167,1126,167,1627,6.74,9.74
300,port,9,L1_09,3,53,53,3,21,17,3,0,1,53,257,53,416,4.85,7.85
300,port,9,L1_09,4,90,90,4,29,28,1,0,0,90,394,90,664,4.38,7.38
300,port,9,L1_09,5,82,82,4,27,26,1,0,0,82,401,82,647,4.89,7.89
300,port,9,L1_09,6,119,119,5,35,35,0,0,1,119,764,119,1121,6.42,9.42
300,port,9,L1_09,7,157,157,6,43,43,0,0,0,157,934,157,1405,5.95,8.95
300,port,10,L1_10,0,108,108,5,33,33,0,0,1,108,489,108,813,4.53,7.53
300,port,10,L1_10,1,146,146,6,41,41,0,0,1,146,885,146,1323,6.06,9.06
300,port,10,L1_10,2,138,138,5,39,39,0,0,1,138,907,138,1321,6.57,9.57
300,port,10,L1_10,3,175,175,6,47,47,0,0,0,175,1068,175,1593,6.1,9.1
300,port,10,L1_10,4,60,60,3,23,20,3,0,0,60,253,60,433,4.21,7.21
300,port,10,L1_10,5,98,98,4,31,31,0,0,1,98,563,98,857,5.74,8.74
300,port,10,L1_10,6,90,90,4,29,28,1,0,0,90,383,90,653,4.25,7.25
300,port,10,L1_10,7,127,127,5,37,37,0,0,1,127,734,127,1115,5.78,8.78
300,port,11,L1_11,0,79,79,4,27,25,1,0,1,79,456,79,693,5.77,8.77
300,port,11,L1_11,1,116,116,5,35,35,0,0,0,116,614,116,962,5.29,8.29
300,port,11,L1_11,2,154,154,6,43,43,0,0,1,154,1050,154,1512,6.82,9.82
300,port,11,L1_11,3,146,146,6,41,41,0,0,2,146,780,146,1218,5.34,8.34
300,port,11,L1_11,4,183,183,7,49,49,0,0,1,183,1257,183,1806,6.87,9.87
300,port,11,L1_11,5,68,68,3,25,22,2,0,1,68,338,68,542,4.97,7.97
300,port,11,L1_11,6,106,106,4,32,32,0,0,1,106,477,106,795,4.5,7.5
300,port,11,L1_11,7,98,98,4,31,31,0,0,0,98,492,98,786,5.02,8.02
300,port,12,L1_12,0,50,50,3,21,17,4,0,0,50,180,50,330,3.6,6.6
300,port,12,L1_12,1,87,87,4,29,28,0,0,1,87,445,87,706,5.12,8.12
300,port,12,L1_12,2,124,124,5,36,36,0,0,1,124,825,124,1197,6.65,9.65
300,port,12,L1_12,3,117,117,5,35,35,0,0,0,117,605,117,956,5.17,8.17
300,port,12,L1_12,4,154,154,6,43,43,0,0,1,154,1032,154,1494,6.7,9.7
300,port,12,L1_12,5,191,191,7,51,51,0,0,2,191,1570,191,2143,8.22,11.22
300,port,12,L1_12,6,76,76,4,26,24,2,0,0,76,329,76,557,4.33,7.33
300,port,12,L1_12,7,69,69,3,25,22,2,0,1,69,335,69,542,4.85,7.85
300,port,13,L1_13,0,172,172,6,47,47,0,0,1,172,1178,172,1694,6.85,9.85
300,port,13,L1_13,1,58,58,3,22,19,2,0,1,58,287,58,461,4.95,7.95
300,port,13,L1_13,2,95,95,4,30,30,0,0,0,95,426,95,711,4.48,7.48
300,port,13,L1_13,3,132,132,5,38,38,0,0,1,132,793,132,1189,6.01,9.01
300,port,13,L1_13,4,124,124,5,36,36,0,0,1,124,810,124,1182,6.53,9.53
300,port,13,L1_13,5,162,162,6,44,44,0,0,0,162,980,162,1466,6.05,9.05
300,port,13,L1_13,6,199,199,7,52,52,0,0,1,199,1508,199,2105,7.58,10.58
300,port,13,L1_13,7,84,84,4,28,27,0,0,1,84,478,84,730,5.69,8.69
300,port,14,L1_14,0,188,188,7,50,50,0,0,1,188,1446,188,2010,7.69,10.69
300,port,14,L1_14,1,180,180,7,48,48,0,0,0,180,1116,180,1656,6.2,9.2
300,port,14,L1_14,2,66,66,3,24,21,3,0,0,66,284,66,482,4.31,7.31
300,port,14,L1_14,3,103,103,4,32,32,0,0,1,103,602,103,911,5.84,8.84
300,port,14,L1_14,4,140,140,5,40,40,0,0,0,140,752,140,1172,5.37,8.37
300,port,14,L1_14,5,132,132,5,38,38,0,0,1,132,776,132,1172,5.88,8.88
300,port,14,L1_14,6,170,170,6,46,46,0,0,1,170,1260,170,1770,7.41,10.41
300,port,14,L1_14,7,55,55,3,22,18,4,0,0,55,194,55,359,3.52,6.52
300,port,15,L1_15,0,159,159,6,44,44,0,0,1,159,1102,159,1579,6.93,9.93
300,port,15,L1_15,1,151,151,6,42,42,0,0,2,151,821,151,1274,5.44,8.44
300,port,15,L1_15,2,188,188,7,50,50,0,0,1,188,1310,188,1874,6.97,9.97
300,port,15,L1_15,3,74,74,4,26,24,1,0,1,74,376,74,598,5.08,8.08
300,port,15,L1_15,4,111,111,5,34,34,0,0,1,111,512,111,845,4.61,7.61
300,port,15,L1_15,5,103,103,4,32,32,0,0,0,103,527,103,836,5.12,8.12
300,port,15,L1_15,6,140,140,5,40,40,0,0,1,140,931,140,1351,6.65,9.65
300,port,15,L1_15,7,178,178,7,48,48,0,0,0,178,1100,178,1634,6.18,9.18
400,router,16,L2_00,-1,21,21,64,0,0,0,0,0,0,0,0,0,6.67,6.67
400,shim,96,SHIM_00_00,-1,37,37,1,0,0,0,0,0,0,0,0,0,5.5,5.5
400,router,32,L3_00_00,-1,52,52,7,0,0,0,0,0,0,0,0,0,6.1,6.1
400,shim,97,SHIM_00_01,-1,47,47,1,0,0,0,0,0,0,0,0,0,5.5,5.5
400,router,33,L3_00_01,-1,20,20,9,0,0,0,0,0,0,0,0,0,6.7,6.7
400,shim,98,SHIM_00_02,-1,16,16,2,0,0,0,0,0,0,0,0,0,7,7
400,router,34,L3_00_02,-1,18,18,8,0,0,0,0,0,0,0,0,0,6.4,6.4
400,shim,99,SHIM_00_03,-1,26,26,0,0,0,0,0,0,0,0,0,0,4,4
400,router,35,L3_00_03,-1,28,28,2,0,0,0,0,0,0,0,0,0,4.6,4.6
400,router,17,L2_01,-1,31,31,21,0,0,0,0,0,0,0,0,0,4.88,4.88
400,shim,100,SHIM_01_00,-1,24,24,2,0,0,0,0,0,0,0,0,0,7,7
400,router,36,L3_01_00,-1,39,39,4,0,0,0,0,0,0,0,0,0,5.2,5.2
400,shim,101,SHIM_01_01,-1,34,34,1,0,0,0,0,0,0,0,0,0,5.5,5.5
400,router,37,L3_01_01,-1,49,49,6,0,0,0,0,0,0,0,0,0,5.8,5.8
400,shim,102,SHIM_01_02,-1,44,44,1,0,0,0,0,0,0,0,0,0,5.5,5.5
400,router,38,L3_01_02,-1,47,47,6,0,0,0,0,0,0,0,0,0,5.8,5.8
400,shim,103,SHIM_01_03,-1,13,13,1,0,0,0,0,0,0,0,0,0,5.5,5.5
400,router,39,L3_01_03,-1,15,15,8,0,0,0,0,0,0,0,0,0,6.4,6.4
400,router,18,L2_02,-1,41,41,35,0,0,0,0,0,0,0,0,0,5.46,5.46
400,shim,104,SHIM_02_00,-1,52,52,1,0,0,0,0,0,0,0,0,0,5.5,5.5
400,router,40,L3_02_00,-1,25,25,2,0,0,0,0,0,0,0,0,0,4.6,4.6
400,shim,105,SHIM_02_01,-1,21,21,2,0,0,0,0,0,0,0,0,0,7,7
400,router,41,L3_02_01,-1,36,36,4,0,0,0,0,0,0,0,0,0,5.2,5.2
400,shim,106,SHIM_02_02,-1,31,31,1,0,0,0,0,0,0,0,0,0,5.5,5.5
400,router,42,L3_02_02,-1,33,33,3,0,0,0,0,0,0,0,0,0,4.9,4.9
400,shim,107,SHIM_02_03,-1,41,41,1,0,0,0,0,0,0,0,0,0,5.5,5.5
400,router,43,L3_02_03,-1,44,44,5,0,0,0,0,0,0,0,0,0,5.5,5.5
400,router,19,L2_03,-1,39,39,32,0,0,0,0,0,0,0,0,0,5.33,5.33
400,shim,108,SHIM_03_00,-1,39,39,1,0,0,0,0,0,0,0,0,0,5.5,5.5
400,router,44,L3_03_00,-1,12,12,7,0,0,0,0,0,0,0,0,0,6.1,6.1
400,shim,109,SHIM_03_01,-1,50,50,1,0,0,0,0,0,0,0,0,0,5.5,5.5
400,router,45,L3_03_01,-1,22,22,9,0,0,0,0,0,0,0,0,0,6.7,6.7
400,shim,110,SHIM_03_02,-1,18,18,2,0,0,0,0,0,0,0,0,0,7,7
400,router,46,L3_03_02,-1,20,20,9,0,0,0,0,0,0,0,0,0,6.7,6.7
400,shim,111,SHIM_03_03,-1,28,28,0,0,0,0,0,0,0,0,0,0,4,4
400,router,47,L3_03_03,-1,30,30,3,0,0,0,0,0,0,0,0,0,4.9,4.9
400,router,20,L2_04,-1,50,50,46,0,0,0,0,0,0,0,0,0,5.92,5.92
400,shim,112,SHIM_04_00,-1,26,26,0,0,0,0,0,0,0,0,0,0,4,4
400,router,48,L3_04_00,-1,41,41,5,0,0,0,0,0,0,0,0,0,5.5,5.5
400,shim,113,SHIM_04_01,-1,36,36,1,0,0,0,0,0,0,0,0,0,5.5,5.5
400,router,49,L3_04_01,-1,51,51,7,0,0,0,0,0,0,0,0,0,6.1,6.1
400,shim,114,SHIM_04_02,-1,47,47,1,0,0,0,0,0,0,0,0,0,5.5,5.5
400,router,50,L3_04_02,-1,49,49,6,0,0,0,0,0,0,0,0,0,5.8,5.8
400,shim,115,SHIM_04_03,-1,15,15,2,0,0,0,0,0,0,0,0,0,7,7
400,router,51,L3_04_03,-1,17,17,8,0,0,0,0,0,0,0,0,0,6.4,6.4
400,router,21,L2_05,-1,18,18,60,0,0,0,0,0,0,0,0,0,6.5,6.5
400,shim,116,SHIM_05_00,-1,13,13,1,0,0,0,0,0,0,0,0,0,5.5,5.5
400,router,52,L3_05_00,-1,27,27,2,0,0,0,0,0,0,0,0,0,4.6,4.6
400,shim,117,SHIM_05_01,-1,23,23,2,0,0,0,0,0,0,0,0,0,7,7
400,router,53,L3_05_01,-1,38,38,4,0,0,0,0,0,0,0,0,0,5.2,5.2
400,shim,118,SHIM_05_02,-1,33,33,1,0,0,0,0,0,0,0,0,0,5.5,5.5
400,router,54,L3_05_02,-1,36,36,4,0,0,0,0,0,0,0,0,0,5.2,5.2
400,shim,119,SHIM_05_03,-1,44,44,1,0,0,0,0,0,0,0,0,0,5.5,5.5
400,router,55,L3_05_03,-1,46,46,6,0,0,0,0,0,0,0,0,0,5.8,5.8
400,router,22,L2_06,-1,16,16,57,0,0,0,0,0,0,0,0,0,6.38,6.38
400,shim,120,SHIM_06_00,-1,41,41,1,0,0,0,0,0,0,0,0,0,5.5,5.5
400,router,56,L3_06_00,-1,14,14,8,0,0,0,0,0,0,0,0,0,6.4,6.4
400,shim,121,SHIM_06_01,-1,52,52,1,0,0,0,0,0,0,0,0,0,5.5,5.5
400,router,57,L3_06_01,-1,12,12,7,0,0,0,0,0,0,0,0,0,6.1,6.1
400,shim,122,SHIM_06_02,-1,20,20,2,0,0,0,0,0,0,0,0,0,7,7
400,router,58,L3_06_02,-1,22,22,9,0,0,0,0,0,0,0,0,0,6.7,6.7
400,shim,123,SHIM_06_03,-1,30,30,1,0,0,0,0,0,0,0,0,0,5.5,5.5
400,router,59,L3_06_03,-1,33,33,3,0,0,0,0,0,0,0,0,0,4.9,4.9
400,router,23,L2_07,-1,26,26,14,0,0,0,0,0,0,0,0,0,4.58,4.58
400,shim,124,SHIM_07_00,-1,28,28,0,0,0,0,0,0,0,0,0,0,4,4
400,router,60,L3_07_00,-1,43,43,5,0,0,0,0,0,0,0,0,0,5.5,5.5
400,shim,125,SHIM_07_01,-1,38,38,1,0,0,0,0,0,0,0,0,0,5.5,5.5
400,router,61,L3_07_01,-1,41,41,5,0,0,0,0,0,0,0,0,0,5.5,5.5
400,shim,126,SHIM_07_02,-1,49,49,1,0,0,0,0,0,0,0,0,0,5.5,5.5
400,router,62,L3_07_02,-1,51,51,7,0,0,0,0,0,0,0,0,0,6.1,6.1
400,shim,127,SHIM_07_03,-1,17,17,2,0,0,0,0,0,0,0,0,0,7,7
400,router,63,L3_07_03,-1,19,19,9,0,0,0,0,0,0,0,0,0,6.7,6.7
400,router,24,L2_08,-1,36,36,28,0,0,0,0,0,0,0,0,0,5.17,5.17
400,shim,128,SHIM_08_00,-1,15,15,2,0,0,0,0,0,0,0,0,0,7,7
400,router,64,L3_08_00,-1,30,30,3,0,0,0,0,0,0,0,0,0,4.9,4.9
400,shim,129,SHIM_08_01,-1,25,25,0,0,0,0,0,0,0,0,0,0,4,4
400,router,65,L3_08_01,-1,27,27,2,0,0,0,0,0,0,0,0,0,4.6,4.6
400,shim,130,SHIM_08_02,-1,35,35,1,0,0,0,0,0,0,0,0,0,5.5,5.5
400,router,66,L3_08_02,-1,38,38,4,0,0,0,0,0,0,0,0,0,5.2,5.2
400,shim,131,SHIM_08_03,-1,33,33,1,0,0,0,0,0,0,0,0,0,5.5,5.5
400,router,67,L3_08_03,-1,48,48,6,0,0,0,0,0,0,0,0,0,5.8,5.8
400,router,25,L2_09,-1,47,47,42,0,0,0,0,0,0,0,0,0,5.75,5.75
400,shim,132,SHIM_09_00,-1,44,44,1,0,0,0,0,0,0,0,0,0,5.5,5.5
400,router,68,L3_09_00,-1,16,16,8,0,0,0,0,0,0,0,0,0,6.4,6.4
400,shim,133,SHIM_09_01,-1,54,54,1,0,0,0,0,0,0,0,0,0,5.5,5.5
400,router,69,L3_09_01,-1,14,14,8,0,0,0,0,0,0,0,0,0,6.4,6.4
400,shim,134,SHIM_09_02,-1,22,22,2,0,0,0,0,0,0,0,0,0,7,7
400,router,70,L3_09_02,-1,25,25,10,0,0,0,0,0,0,0,0,0,7,7
400,shim,135,SHIM_09_03,-1,20,20,2,0,0,0,0,0,0,0,0,0,7,7
400,router,71,L3_09_03,-1,35,35,4,0,0,0,0,0,0,0,0,0,5.2,5.2
400,router,26,L2_10,-1,45,45,39,0,0,0,0,0,0,0,0,0,5.63,5.63
400,shim,136,SHIM_10_00,-1,30,30,1,0,0,0,0,0,0,0,0,0,5.5,5.5
400,router,72,L3_10_00,-1,45,45,6,0,0,0,0,0,0,0,0,0,5.8,5.8
400,shim,137,SHIM_10_01,-1,41,41,1,0,0,0,0,0,0,0,0,0,5.5,5.5
400,router,73,L3_10_01,-1,43,43,5,0,0,0,0,0,0,0,0,0,5.5,5.5
400,shim,138,SHIM_10_02,-1,51,51,1,0,0,0,0,0,0,0,0,0,5.5,5.5
400,router,74,L3_10_02,-1,53,53,7,0,0,0,0,0,0,0,0,0,6.1,6.1
400,shim,139,SHIM_10_03,-1,49,49,1,0,0,0,0,0,0,0,0,0,5.5,5.5
400,router,75,L3_10_03,-1,22,22,9,0,0,0,0,0,0,0,0,0,6.7,6.7
400,router,27,L2_11,-1,13,13,53,0,0,0,0,0,0,0,0,0,6.21,6.21
400,shim,140,SHIM_11_00,-1,17,17,2,0,0,0,0,0,0,0,0,0,7,7
400,router,76,L3_11_00,-1,32,32,3,0,0,0,0,0,0,0,0,0,4.9,4.9
400,shim,141,SHIM_11_01,-1,27,27,0,0,0,0,0,0,0,0,0,0,4,4
400,router,77,L3_11_01,-1,30,30,3,0,0,0,0,0,0,0,0,0,4.9,4.9
400,shim,142,SHIM_11_02,-1,38,38,1,0,0,0,0,0,0,0,0,0,5.5,5.5
400,router,78,L3_11_02,-1,40,40,5,0,0,0,0,0,0,0,0,0,5.5,5.5
400,shim,143,SHIM_11_03,-1,35,35,1,0,0,0,0,0,0,0,0,0,5.5,5.5
400,router,79,L3_11_03,-1,50,50,6,0,0,0,0,0,0,0,0,0,5.8,5.8
400,router,28,L2_12,-1,23,23,67,0,0,0,0,0,0,0,0,0,6.79,6.79
400,shim,144,SHIM_12_00,-1,46,46,1,0,0,0,0,0,0,0,0,0,5.5,5.5
400,router,80,L3_12_00,-1,19,19,8,0,0,0,0,0,0,0,0,0,6.4,6.4
400,shim,145,SHIM_12_01,-1,14,14,2,0,0,0,0,0,0,0,0,0,7,7
400,router,81,L3_12_01,-1,16,16,8,0,0,0,0,0,0,0,0,0,6.4,6.4
400,shim,146,SHIM_12_02,-1,24,24,2,0,0,0,0,0,0,0,0,0,7,7
400,router,82,L3_12_02,-1,27,27,2,0,0,0,0,0,0,0,0,0,4.6,4.6
400,shim,147,SHIM_12_03,-1,22,22,2,0,0,0,0,0,0,0,0,0,7,7
400,router,83,L3_12_03,-1,37,37,4,0,0,0,0,0,0,0,0,0,5.2,5.2
400,router,29,L2_13,-1,33,33,24,0,0,0,0,0,0,0,0,0,5,5
400,shim,148,SHIM_13_00,-1,32,32,1,0,0,0,0,0,0,0,0,0,5.5,5.5
400,router,84,L3_13_00,-1,47,47,6,0,0,0,0,0,0,0,0,0,5.8,5.8
400,shim,149,SHIM_13_01,-1,43,43,1,0,0,0,0,0,0,0,0,0,5.5,5.5
400,router,85,L3_13_01,-1,45,45,6,0,0,0,0,0,0,0,0,0,5.8,5.8
400,shim,150,SHIM_13_02,-1,53,53,1,0,0,0,0,0,0,0,0,0,5.5,5.5
400,router,86,L3_13_02,-1,13,13,7,0,0,0,0,0,0,0,0,0,6.1,6.1
400,shim,151,SHIM_13_03,-1,51,51,1,0,0,0,0,0,0,0,0,0,5.5,5.5
400,router,87,L3_13_03,-1,24,24,9,0,0,0,0,0,0,0,0,0,6.7,6.7
400,router,30,L2_14,-1,31,31,21,0,0,0,0,0,0,0,0,0,4.88,4.88
400,shim,152,SHIM_14_00,-1,19,19,2,0,0,0,0,0,0,0,0,0,7,7
400,router,88,L3_14_00,-1,34,34,3,0,0,0,0,0,0,0,0,0,4.9,4.9
400,shim,153,SHIM_14_01,-1,30,30,1,0,0,0,0,0,0,0,0,0,5.5,5.5
400,router,89,L3_14_01,-1,32,32,3,0,0,0,0,0,0,0,0,0,4.9,4.9
400,shim,154,SHIM_14_02,-1,40,40,1,0,0,0,0,0,0,0,0,0,5.5,5.5
400,router,90,L3_14_02,-1,42,42,5,0,0,0,0,0,0,0,0,0,5.5,5.5
400,shim,155,SHIM_14_03,-1,38,38,1,0,0,0,0,0,0,0,0,0,5.5,5.5
400,router,91,L3_14_03,-1,52,52,7,0,0,0,0,0,0,0,0,0,6.1,6.1
400,router,31,L2_15,-1,42,42,35,0,0,0,0,0,0,0,0,0,5.46,5.46
400,shim,156,SHIM_15_00,-1,48,48,1,0,0,0,0,0,0,0,0,0,5.5,5.5
400,router,92,L3_15_00,-1,50,50,6,0,0,0,0,0,0,0,0,0,5.8,5.8
400,shim,157,SHIM_15_01,-1,16,16,2,0,0,0,0,0,0,0,0,0,7,7
400,router,93,L3_15_01,-1,19,19,8,0,0,0,0,0,0,0,0,0,6.4,6.4
400,shim,158,SHIM_15_02,-1,27,27,0,0,0,0,0,0,0,0,0,0,4,4
400,router,94,L3_15_02,-1,29,29,3,0,0,0,0,0,0,0,0,0,4.9,4.9
400,shim,159,SHIM_15_03,-1,24,24,2,0,0,0,0,0,0,0,0,0,7,7
400,router,95,L3_15_03,-1,39,39,4,0,0,0,0,0,0,0,0,0,5.2,5.2
400,router,0,L1_00,-1,32,32,20,0,0,0,0,0,0,0,0,0,4.94,4.94
400,router,1,L1_01,-1,42,42,32,0,0,0,0,0,0,0,0,0,5.5,5.5
400,router,2,L1_02,-1,53,53,44,0,0,0,0,0,0,0,0,0,6.06,6.06
400,router,3,L1_03,-1,50,50,42,0,0,0,0,0,0,0,0,0,5.97,5.97
400,router,4,L1_04,-1,19,19,54,0,0,0,0,0,0,0,0,0,6.53,6.53
400,router,5,L1_05,-1,29,29,16,0,0,0,0,0,0,0,0,0,4.75,4.75
400,router,6,L1_06,-1,39,39,28,0,0,0,0,0,0,0,0,0,5.31,5.31
400,router,7,L1_07,-1,37,37,26,0,0,0,0,0,0,0,0,0,5.22,5.22
400,router,8,L1_08,-1,47,47,38,0,0,0,0,0,0,0,0,0,5.78,5.78
400,router,9,L1_09,-1,16,16,50,0,0,0,0,0,0,0,0,0,6.34,6.34
400,router,10,L1_10,-1,26,26,13,0,0,0,0,0,0,0,0,0,4.61,4.61
400,router,11,L1_11,-1,24,24,60,0,0,0,0,0,0,0,0,0,6.81,6.81
400,router,12,L1_12,-1,34,34,22,0,0,0,0,0,0,0,0,0,5.03,5.03
400,router,13,L1_13,-1,44,44,35,0,0,0,0,0,0,0,0,0,5.64,5.64
400,router,14,L1_14,-1,13,13,47,0,0,0,0,0,0,0,0,0,6.2,6.2
400,router,15,L1_15,-1,53,53,44,0,0,0,0,0,0,0,0,0,6.06,6.06
400,endpoint,320,LLCH_00,-1,37,37,0,0,0,0,0,0,0,0,0,0,4,4
400,endpoint,324,LLCH_01,-1,24,24,0,0,0,0,0,0,0,0,0,0,4,4
400,endpoint,328,LLCH_02,-1,53,53,0,0,0,0,0,0,0,0,0,0,4,4
400,endpoint,332,LLCH_03,-1,40,40,0,0,0,0,0,0,0,0,0,0,4,4
400,endpoint,336,LLCH_04,-1,26,26,0,0,0,0,0,0,0,0,0,0,4,4
400,endpoint,340,LLCH_05,-1,13,13,0,0,0,0,0,0,0,0,0,0,4,4
400,endpoint,344,LLCH_06,-1,42,42,0,0,0,0,0,0,0,0,0,0,4,4
400,endpoint,348,LLCH_07,-1,28,28,0,0,0,0,0,0,0,0,0,0,4,4
400,endpoint,352,LLCH_08,-1,15,15,0,0,0,0,0,0,0,0,0,0,4,4
400,endpoint,356,LLCH_09,-1,44,44,0,0,0,0,0,0,0,0,0,0,4,4
400,endpoint,360,LLCH_10,-1,31,31,0,0,0,0,0,0,0,0,0,0,4,4
400,endpoint,364,LLCH_11,-1,17,17,0,0,0,0,0,0,0,0,0,0,4,4
400,endpoint,368,LLCH_12,-1,46,46,0,0,0,0,0,0,0,0,0,0,4,4
400,endpoint,372,LLCH_13,-1,33,33,0,0,0,0,0,0,0,0,0,0,4,4
400,endpoint,376,LLCH_14,-1,20,20,0,0,0,0,0,0,0,0,0,0,4,4
400,endpoint,380,LLCH_15,-1,36,36,0,0,0,0,0,0,0,0,0,0,4,4
400,port,16,L2_00,0,53,53,3,21,17,4,0,0,53,215,53,374,4.05,7.05
400,port,16,L2_00,1,91,91,4,29,29,0,0,1,91,508,91,781,5.58,8.58
400,port,16,L2_00,2,83,83,4,28,26,2,0,0,83,339,83,588,4.09,7.09
400,port,16,L2_00,3,120,120,5,36,36,0,0,1,120,674,120,1034,5.62,8.62
400,port,16,L2_00,4,157,157,6,43,43,0,0,1,157,1123,157,1594,7.15,10.15
400,port,16,L2_00,5,195,195,7,51,51,0,0,0,195,1301,195,1886,6.67,9.67
400,port,16,L2_00,6,187,187,7,50,50,0,0,1,187,1345,187,1906,7.19,10.19
400,port,16,L2_00,7,72,72,4,25,23,1,0,1,72,382,72,598,5.3,8.3
400,port,16,L2_00,8,109,109,5,33,33,0,0,0,109,526,109,853,4.83,7.83
400,port,32,L3_00_00,0,44,44,2,47,47,0,0,0,44,275,44,407,6.26,9.26
400,port,32,L3_00_00,1,42,42,2,46,46,0,0,1,42,284,42,410,6.77,9.77
400,port,32,L3_00_00,2,13,13,1,21,17,3,0,1,13,63,13,102,4.88,7.88
400,port,32,L3_00_00,3,22,22,1,29,28,1,0,0,22,97,22,163,4.41,7.41
400,port,32,L3_00_00,4,32,32,1,37,37,0,0,1,32,190,32,286,5.93,8.93
400,port,33,L3_00_01,0,36,36,1,41,41,0,0,1,36,219,36,327,6.09,9.09
400,port,33,L3_00_01,1,46,46,2,49,49,0,0,1,46,350,46,488,7.61,10.61
400,port,33,L3_00_01,2,44,44,2,47,47,0,0,0,44,270,44,402,6.13,9.13
400,port,33,L3_00_01,3,15,15,1,23,20,3,0,0,15,64,15,109,4.24,7.24
400,port,33,L3_00_01,4,24,24,1,31,30,0,0,1,24,138,24,210,5.76,8.76
400,port,34,L3_00_02,0,29,29,1,35,35,0,0,0,29,154,29,241,5.32,8.32
400,port,34,L3_00_02,1,38,38,1,43,43,0,0,1,38,260,38,374,6.85,9.85
400,port,34,L3_00_02,2,48,48,2,51,51,0,0,2,48,306,48,450,6.38,9.38
400,port,34,L3_00_02,3,46,46,2,49,49,0,0,1,46,317,46,455,6.89,9.89
400,port,34,L3_00_02,4,17,17,1,25,22,2,0,1,17,85,17,136,5,8
400,port,35,L3_00_03,0,22,22,1,29,28,0,0,1,22,113,22,179,5.15,8.15
400,port,35,L3_00_03,1,31,31,1,36,36,0,0,1,31,207,31,300,6.68,9.68
400,port,35,L3_00_03,2,40,40,2,44,44,0,0,0,40,248,40,368,6.21,9.21
400,port,35,L3_00_03,3,38,38,1,43,43,0,0,1,38,255,38,369,6.72,9.72
400,port,35,L3_00_03,4,48,48,2,51,51,0,0,2,48,396,48,540,8.25,11.25
400,port,17,L2_01,0,176,176,7,47,47,0,0,1,176,1285,176,1813,7.3,10.3
400,port,17,L2_01,1,61,61,3,23,20,2,0,1,61,207,61,390,3.4,6.4
400,port,17,L2_01,2,99,99,4,31,31,0,0,0,99,488,99,785,4.93,7.93
400,port,17,L2_01,3,91,91,4,29,29,0,0,1,91,496,91,769,5.45,8.45
400,port,17,L2_01,4,128,128,5,37,37,0,0,1,128,637,128,1021,4.98,7.98
400,port,17,L2_01,5,165,165,6,45,45,0,0,1,165,1073,165,1568,6.5,9.5
400,port,17,L2_01,6,51,51,3,21,17,3,0,1,51,235,51,388,4.61,7.61
400,port,17,L2_01,7,195,195,7,51,51,0,0,0,195,1277,195,1862,6.55,9.55
400,port,17,L2_01,8,80,80,4,27,25,2,0,0,80,373,80,613,4.66,7.66
400,port,36,L3_01_00,0,14,14,1,22,18,3,0,1,14,70,14,112,4.98,7.98
400,port,36,L3_01_00,1,24,24,1,30,30,0,0,0,24,108,24,180,4.51,7.51
400,port,36,L3_01_00,2,33,33,1,38,38,0,0,1,33,199,33,298,6.04,9.04
400,port,36,L3_01_00,3,42,42,2,46,46,0,0,1,42,318,42,444,7.57,10.57
400,port,36,L3_01_00,4,40,40,2,44,44,0,0,0,40,243,40,363,6.08,9.08
400,port,37,L3_01_01,0,18,18,1,26,23,3,0,0,18,69,18,123,3.83,6.83
400,port,37,L3_01_01,1,16,16,1,24,21,3,0,0,16,69,16,117,4.34,7.34
400,port,37,L3_01_01,2,26,26,1,32,32,0,0,1,26,153,26,231,5.87,8.87
400,port,37,L3_01_01,3,35,35,1,40,40,0,0,0,35,189,35,294,5.4,8.4
400,port,37,L3_01_01,4,44,44,2,48,48,0,0,1,44,304,44,436,6.92,9.92
400,port,38,L3_01_02,0,49,49,2,52,52,0,0,2,49,318,49,465,6.48,9.48
400,port,38,L3_01_02,1,47,47,2,50,50,0,0,1,47,329,47,470,7,10
400,port,38,L3_01_02,2,18,18,1,26,23,2,0,1,18,92,18,146,5.11,8.11
400,port,38,L3_01_02,3,28,28,1,34,34,0,0,0,28,130,28,214,4.63,7.63
400,port,38,L3_01_02,4,37,37,1,41,41,0,0,1,37,228,37,339,6.16,9.16
400,port,39,L3_01_03,0,42,42,2,45,45,0,0,0,42,265,42,391,6.31,9.31
400,port,39,L3_01_03,1,13,13,1,21,17,4,0,0,13,57,13,96,4.42,7.42
400,port,39,L3_01_03,2,49,49,2,52,52,0,0,2,49,410,49,557,8.36,11.36
400,port,39,L3_01_03,3,20,20,1,27,25,2,0,0,20,89,20,149,4.46,7.46
400,port,39,L3_01_03,4,30,30,1,35,35,0,0,1,30,180,30,270,5.99,8.99
400,port,18,L2_02,0,147,147,6,41,41,0,0,1,147,1048,147,1489,7.13,10.13
400,port,18,L2_02,1,184,184,7,49,49,0,0,0,184,1224,184,1776,6.65,9.65
400,port,18,L2_02,2,69,69,3,25,22,2,0,1,69,328,69,535,4.76,7.76
400,port,18,L2_02,3,62,62,3,23,20,2,0,1,62,327,62,513,5.28,8.28
400,port,18,L2_02,4,99,99,4,31,31,0,0,0,99,476,99,773,4.81,7.81
400,port,18,L2_02,5,136,136,5,39,39,0,0,1,136,861,136,1269,6.33,9.33
400,port,18,L2_02,6,173,173,6,47,47,0,0,2,173,1360,173,1879,7.86,10.86
400,port,18,L2_02,7,165,165,6,45,45,0,0,0,165,1053,165,1548,6.38,9.38
400,port,18,L2_02,8,51,51,3,21,17,3,0,1,51,229,51,382,4.49,7.49
400,port,40,L3_02_00,0,34,34,1,39,39,0,0,1,34,209,34,311,6.14,9.14
400,port,40,L3_02_00,1,44,44,2,47,47,0,0,2,44,337,44,469,7.67,10.67
400,port,40,L3_02_00,2,15,15,1,23,20,3,0,0,15,57,15,102,3.78,6.78
400,port,40,L3_02_00,3,13,13,1,21,17,4,0,0,13,56,13,95,4.29,7.29
400,port,40,L3_02_00,4,22,22,1,29,28,0,0,1,22,128,22,194,5.82,8.82
400,port,41,L3_02_01,0,27,27,1,33,33,0,0,1,27,161,27,242,5.97,8.97
400,port,41,L3_02_01,1,36,36,1,41,41,0,0,0,36,198,36,306,5.5,8.5
400,port,41,L3_02_01,2,46,46,2,49,49,0,0,1,46,323,46,461,7.03,10.03
400,port,41,L3_02_01,3,44,44,2,47,47,0,0,1,44,332,44,464,7.54,10.54
400,port,41,L3_02_01,4,15,15,1,23,20,3,0,0,15,55,15,100,3.65,6.65
400,port,42,L3_02_02,0,20,20,1,27,25,1,0,1,20,104,20,164,5.21,8.21
400,port,42,L3_02_02,1,29,29,1,35,35,0,0,1,29,137,29,224,4.74,7.74
400,port,42,L3_02_02,2,38,38,1,43,43,0,0,1,38,238,38,352,6.27,9.27
400,port,42,L3_02_02,3,48,48,2,50,50,0,0,1,48,374,48,518,7.79,10.79
400,port,42,L3_02_02,4,46,46,2,49,49,0,0,0,46,290,46,428,6.31,9.31
400,port,43,L3_02_03,0,24,24,1,30,30,0,0,1,24,145,24,217,6.05,9.05
400,port,43,L3_02_03,1,22,22,1,28,28,0,0,0,22,101,22,167,4.57,7.57
400,port,43,L3_02_03,2,31,31,1,36,36,0,0,1,31,189,31,282,6.1,9.1
400,port,43,L3_02_03,3,40,40,2,44,44,0,0,2,40,225,40,345,5.62,8.62
400,port,43,L3_02_03,4,50,50,2,52,52,0,0,1,50,358,50,508,7.15,10.15
400,port,19,L2_03,0,117,117,5,35,35,0,0,1,117,744,117,1095,6.36,9.36
400,port,19,L2_03,1,155,155,6,43,43,0,0,0,155,913,155,1378,5.89,8.89
400,port,19,L2_03,2,192,192,7,51,51,0,0,1,192,1425,192,2001,7.42,10.42
400,port,19,L2_03,3,77,77,4,26,24,1,0,1,77,426,77,657,5.53,8.53
400,port,19,L2_03,4,69,69,3,25,22,3,0,0,69,279,69,486,4.04,7.04
400,port,19,L2_03,5,107,107,5,33,33,0,0,1,107,596,107,917,5.57,8.57
400,port,19,L2_03,6,144,144,6,41,41,0,0,1,144,1022,144,1454,7.1,10.1
400,port,19,L2_03,7,181,181,7,48,48,0,0,0,181,1200,181,1743,6.63,9.63
400,port,19,L2_03,8,173,173,6,47,47,0,0,1,173,1235,173,1754,7.14,10.14
400,port,44,L3_03_00,0,16,16,1,24,21,3,0,0,16,62,16,110,3.88,6.88
400,port,44,L3_03_00,1,26,26,1,32,32,0,0,1,26,141,26,219,5.41,8.41
400,port,44,L3_03_00,2,24,24,1,30,30,0,0,1,24,142,24,214,5.93,8.93
400,port,44,L3_03_00,3,33,33,1,38,38,0,0,0,33,180,33,279,5.45,8.45
400,port,44,L3_03_00,4,42,42,2,46,46,0,0,1,42,293,42,419,6.98,9.98
400,port,45,L3_03_01,0,47,47,2,50,50,0,0,1,47,335,47,476,7.13,10.13
400,port,45,L3_03_01,1,18,18,1,25,23,1,0,1,18,94,18,148,5.24,8.24
400,port,45,L3_03_01,2,16,16,1,24,21,3,0,0,16,60,16,108,3.76,6.76
400,port,45,L3_03_01,3,26,26,1,32,32,0,0,1,26,137,26,215,5.28,8.28
400,port,45,L3_03_01,4,35,35,1,40,40,0,0,1,35,238,35,343,6.81,9.81
400,port,46,L3_03_02,0,40,40,2,44,44,0,0,1,40,255,40,375,6.37,9.37
400,port,46,L3_03_02,1,49,49,2,52,52,0,0,1,49,387,49,534,7.9,10.9
400,port,46,L3_03_02,2,20,20,1,27,25,2,0,0,20,80,20,140,4.01,7.01
400,port,46,L3_03_02,3,18,18,1,26,23,3,0,0,18,81,18,135,4.52,7.52
400,port,46,L3_03_02,4,28,28,1,33,33,0,0,1,28,169,28,253,6.05,9.05
400,port,47,L3_03_03,0,32,32,1,37,37,0,0,1,32,198,32,294,6.2,9.2
400,port,47,L3_03_03,1,42,42,2,45,45,0,0,2,42,325,42,451,7.73,10.73
400,port,47,L3_03_03,2,13,13,1,21,17,4,0,0,13,50,13,89,3.84,6.84
400,port,47,L3_03_03,3,22,22,1,29,28,0,0,1,22,118,22,184,5.36,8.36
400,port,47,L3_03_03,4,20,20,1,27,25,1,0,1,20,78,20,138,3.88,6.88
400,port,20,L2_04,0,133,133,5,38,38,0,0,0,133,693,133,1092,5.21,8.21
400,port,20,L2_04,1,125,125,5,37,37,0,0,1,125,715,125,1090,5.72,8.72
400,port,20,L2_04,2,163,163,6,45,45,0,0,1,163,1182,163,1671,7.25,10.25
400,port,20,L2_04,3,200,200,7,52,52,0,0,0,200,1356,200,1956,6.78,9.78
400,port,20,L2_04,4,85,85,4,28,27,1,0,0,85,416,85,671,4.89,7.89
400,port,20,L2_04,5,77,77,4,26,24,1,0,1,77,416,77,647,5.4,8.4
400,port,20,L2_04,6,115,115,5,34,34,0,0,0,115,567,115,912,4.93,7.93
400,port,20,L2_04,7,152,152,6,42,42,0,0,1,152,982,152,1438,6.46,9.46
400,port,20,L2_04,8,189,189,7,50,50,0,0,2,189,1510,189,2077,7.99,10.99
400,port,48,L3_04_00,0,25,25,1,31,31,0,0,1,25,151,25,226,6.03,9.03
400,port,48,L3_04_00,1,34,34,1,39,39,0,0,0,34,189,34,291,5.56,8.56
400,port,48,L3_04_00,2,44,44,2,47,47,0,0,1,44,312,44,444,7.09,10.09
400,port,48,L3_04_00,3,15,15,1,23,20,2,0,1,15,78,15,123,5.19,8.19
400,port,48,L3_04_00,4,13,13,1,21,17,4,0,0,13,48,13,87,3.71,6.71
400,port,49,L3_04_01,0,29,29,1,35,35,0,0,0,29,141,29,228,4.87,7.87
400,port,49,L3_04_01,1,27,27,1,33,33,0,0,1,27,146,27,227,5.39,8.39
400,port,49,L3_04_01,2,36,36,1,41,41,0,0,1,36,249,36,357,6.92,9.92
400,port,49,L3_04_01,3,46,46,2,49,49,0,0,0,46,296,46,434,6.44,9.44
400,port,49,L3_04_01,4,17,17,1,24,22,2,0,0,17,77,17,128,4.55,7.55
400,port,50,L3_04_02,0,22,22,1,28,28,0,0,0,22,90,22,156,4.11,7.11
400,port,50,L3_04_02,1,31,31,1,36,36,0,0,1,31,175,31,268,5.64,8.64
400,port,50,L3_04_02,2,29,29,1,35,35,0,0,1,29,178,29,265,6.15,9.15
400,port,50,L3_04_02,3,38,38,1,42,42,0,0,0,38,216,38,330,5.68,8.68
400,port,50,L3_04_02,4,47,47,2,50,50,0,0,1,47,339,47,480,7.21,10.21
400,port,51,L3_04_03,0,14,14,1,22,18,4,0,0,14,55,14,97,3.94,6.94
400,port,51,L3_04_03,1,23,23,1,30,29,0,0,1,23,126,23,195,5.47,8.47
400,port,51,L3_04_03,2,22,22,1,28,28,0,0,1,22,88,22,154,3.98,6.98
400,port,51,L3_04_03,3,31,31,1,36,36,0,0,0,31,171,31,264,5.51,8.51
400,port,51,L3_04_03,4,40,40,2,44,44,0,0,1,40,282,40,402,7.04,10.04
400,port,21,L2_05,0,104,104,4,32,32,0,0,0,104,524,104,836,5.04,8.04
400,port,21,L2_05,1,141,141,6,40,40,0,0,1,141,926,141,1349,6.57,9.57
400,port,21,L2_05,2,301,301,33,74,74,0,0,33,301,14105,301,15008,46.86,49.86
400,port,21,L2_05,3,171,171,6,46,46,0,0,1,171,1130,171,1643,6.61,9.61
400,port,21,L2_05,4,56,56,3,22,18,3,0,1,56,264,56,432,4.72,7.72
400,port,21,L2_05,5,48,48,3,20,16,4,0,0,48,155,48,299,3.23,6.23
400,port,21,L2_05,6,85,85,4,28,27,1,0,0,85,405,85,660,4.76,7.76
400,port,21,L2_05,7,122,122,5,36,36,0,0,1,122,767,122,1133,6.29,9.29
400,port,21,L2_05,8,160,160,6,44,44,0,0,0,160,931,160,1411,5.82,8.82
400,port,52,L3_05_00,0,45,45,2,48,48,0,0,1,45,324,45,459,7.19,10.19
400,port,52,L3_05_00,1,16,16,1,24,21,2,0,1,16,85,16,133,5.3,8.3
400,port,52,L3_05_00,2,25,25,1,32,31,1,0,0,25,121,25,196,4.83,7.83
400,port,52,L3_05_00,3,24,24,1,30,30,0,0,1,24,128,24,200,5.34,8.34
400,port,52,L3_05_00,4,33,33,1,38,38,0,0,1,33,227,33,326,6.87,9.87
400,port,53,L3_05_01,0,37,37,1,42,42,0,0,1,37,260,37,371,7.02,10.02
400,port,53,L3_05_01,1,47,47,2,50,50,0,0,0,47,308,47,449,6.55,9.55
400,port,53,L3_05_01,2,18,18,1,25,23,2,0,0,18,84,18,138,4.66,7.66
400,port,53,L3_05_01,3,27,27,1,33,33,0,0,1,27,167,27,248,6.18,9.18
400,port,53,L3_05_01,4,25,25,1,32,31,1,0,0,25,118,25,193,4.7,7.7
400,port,54,L3_05_02,0,41,41,2,45,45,0,0,1,41,298,41,421,7.27,10.27
400,port,54,L3_05_02,1,39,39,1,44,44,0,0,0,39,226,39,343,5.79,8.79
400,port,54,L3_05_02,2,49,49,2,51,51,0,0,1,49,358,49,505,7.31,10.31
400,port,54,L3_05_02,3,20,20,1,27,25,1,0,1,20,108,20,168,5.42,8.42
400,port,54,L3_05_02,4,18,18,1,25,23,2,0,0,18,71,18,125,3.94,6.94
400,port,55,L3_05_03,0,34,34,1,39,39,0,0,1,34,173,34,275,5.1,8.1
400,port,55,L3_05_03,1,32,32,1,37,37,0,0,0,32,180,32,276,5.62,8.62
400,port,55,L3_05_03,2,41,41,2,45,45,0,0,1,41,293,41,416,7.14,10.14
400,port,55,L3_05_03,3,13,13,1,21,17,3,0,1,13,42,13,81,3.25,6.25
400,port,55,L3_05_03,4,22,22,1,29,28,1,0,0,22,105,22,171,4.78,7.78
400,port,22,L2_06,0,74,74,4,26,24,2,0,0,74,317,74,539,4.28,7.28
400,port,22,L2_06,1,112,112,5,34,34,0,0,1,112,650,112,986,5.8,8.8
400,port,22,L2_06,2,104,104,4,32,32,0,0,1,104,657,104,969,6.32,9.32
400,port,22,L2_06,3,141,141,6,40,40,0,0,0,141,825,141,1248,5.85,8.85
400,port,22,L2_06,4,178,178,7,48,48,0,0,1,178,1312,178,1846,7.37,10.37
400,port,22,L2_06,5,64,64,3,24,21,2,0,1,64,223,64,415,3.48,6.48
400,port,22,L2_06,6,56,56,3,22,18,4,0,0,56,224,56,392,4,7
400,port,22,L2_06,7,93,93,4,30,29,0,0,1,93,514,93,793,5.53,8.53
400,port,22,L2_06,8,130,130,5,38,38,0,0,2,130,657,130,1047,5.05,8.05
400,port,56,L3_06_00,0,27,27,1,33,33,0,0,0,27,133,27,214,4.93,7.93
400,port,56,L3_06_00,1,36,36,1,41,41,0,0,1,36,233,36,341,6.46,9.46
400,port,56,L3_06_00,2,34,34,1,39,39,0,0,1,34,237,34,339,6.97,9.97
400,port,56,L3_06_00,3,43,43,2,47,47,0,0,0,43,280,43,409,6.5,9.5
400,port,56,L3_06_00,4,15,15,1,23,20,2,0,1,15,69,15,114,4.61,7.61
400,port,57,L3_06_01,0,19,19,1,26,24,2,0,0,19,79,19,136,4.17,7.17
400,port,57,L3_06_01,1,29,29,1,34,34,0,0,1,29,165,29,252,5.7,8.7
400,port,57,L3_06_01,2,38,38,1,42,42,0,0,1,38,274,38,388,7.22,10.22
400,port,57,L3_06_01,3,36,36,1,41,41,0,0,0,36,207,36,315,5.74,8.74
400,port,57,L3_06_01,4,45,45,2,49,49,0,0,1,45,327,45,462,7.27,10.27
400,port,58,L3_06_02,0,12,12,1,20,16,4,0,0,12,48,12,84,4,7
400,port,58,L3_06_02,1,21,21,1,28,27,0,0,1,21,116,21,179,5.53,8.53
400,port,58,L3_06_02,2,31,31,1,36,36,0,0,0,31,157,31,250,5.05,8.05
400,port,58,L3_06_02,3,29,29,1,34,34,0,0,1,29,162,29,249,5.57,8.57
400,port,58,L3_06_02,4,38,38,1,42,42,0,0,1,38,270,38,384,7.1,10.1
400,port,59,L3_06_03,0,43,43,2,46,46,0,0,1,43,312,43,441,7.25,10.25
400,port,59,L3_06_03,1,14,14,1,22,18,3,0,1,14,47,14,89,3.36,6.36
400,port,59,L3_06_03,2,23,23,1,30,29,1,0,0,23,112,23,181,4.88,7.88
400,port,59,L3_06_03,3,33,33,1,38,38,0,0,1,33,212,33,311,6.41,9.41
400,port,59,L3_06_03,4,31,31,1,36,36,0,0,0,31,153,31,246,4.93,7.93
400,port,23,L2_07,0,197,197,7,52,52,0,0,1,197,1483,197,2074,7.53,10.53
400,port,23,L2_07,1,82,82,4,27,26,0,0,1,82,462,82,708,5.63,8.63
400,port,23,L2_07,2,120,120,5,35,35,0,0,0,120,619,120,979,5.16,8.16
400,port,23,L2_07,3,112,112,5,34,34,0,0,1,112,636,112,972,5.68,8.68
400,port,23,L2_07,4,149,149,6,42,42,0,0,1,149,1073,149,1520,7.2,10.2
400,port,23,L2_07,5,186,186,7,50,50,0,0,0,186,1252,186,1810,6.73,9.73
400,port,23,L2_07,6,72,72,4,25,23,1,0,1,72,348,72,564,4.84,7.84
400,port,23,L2_07,7,64,64,3,24,21,2,0,1,64,343,64,535,5.36,8.36
400,port,23,L2_07,8,101,101,4,31,31,0,0,0,101,493,101,796,4.88,7.88
400,port,60,L3_07_00,0,47,47,2,50,50,0,0,2,47,380,47,521,8.09,11.09
400,port,60,L3_07_00,1,45,45,2,48,48,0,0,0,45,297,45,432,6.61,9.61
400,port,60,L3_07_00,2,16,16,1,24,21,2,0,1,16,75,16,123,4.71,7.71
400,port,60,L3_07_00,3,25,25,1,32,31,0,0,1,25,156,25,231,6.24,9.24
400,port,60,L3_07_00,4,35,35,1,39,39,0,0,0,35,202,35,307,5.77,8.77
400,port,61,L3_07_01,0,39,39,1,43,43,0,0,1,39,286,39,403,7.33,10.33
400,port,61,L3_07_01,1,37,37,1,42,42,0,0,0,37,216,37,327,5.84,8.84
400,port,61,L3_07_01,2,47,47,2,50,50,0,0,1,47,346,47,487,7.37,10.37
400,port,61,L3_07_01,3,18,18,1,25,23,1,0,1,18,99,18,153,5.48,8.48
400,port,61,L3_07_01,4,27,27,1,33,33,0,0,0,27,135,27,216,5.01,8.01
400,port,62,L3_07_02,0,32,32,1,37,37,0,0,0,32,165,32,261,5.16,8.16
400,port,62,L3_07_02,1,41,41,2,45,45,0,0,1,41,274,41,397,6.69,9.69
400,port,62,L3_07_02,2,39,39,1,43,43,0,0,1,39,281,39,398,7.2,10.2
400,port,62,L3_07_02,3,49,49,2,51,51,0,0,0,49,330,49,477,6.73,9.73
400,port,62,L3_07_02,4,20,20,1,27,25,2,0,0,20,97,20,157,4.84,7.84
400,port,63,L3_07_03,0,25,25,1,31,31,0,0,0,25,125,25,200,4.99,7.99
400,port,63,L3_07_03,1,34,34,1,39,39,0,0,1,34,222,34,324,6.52,9.52
400,port,63,L3_07_03,2,43,43,2,47,47,0,0,0,43,260,43,389,6.04,9.04
400,port,63,L3_07_03,3,41,41,2,45,45,0,0,1,41,269,41,392,6.56,9.56
400,port,63,L3_07_03,4,13,13,1,21,17,3,0,1,13,61,13,100,4.67,7.67
400,port,24,L2_08,0,168,168,6,46,46,0,0,1,168,1235,168,1739,7.35,10.35
400,port,24,L2_08,1,53,53,3,21,17,4,0,0,53,183,53,342,3.46,6.46
400,port,24,L2_08,2,90,90,4,29,28,1,0,0,90,449,90,719,4.99,7.99
400,port,24,L2_08,3,127,127,5,37,37,0,0,1,127,828,127,1209,6.52,9.52
400,port,24,L2_08,4,120,120,5,35,35,0,0,0,120,604,120,964,5.03,8.03
400,port,24,L2_08,5,157,157,6,43,43,0,0,1,157,1030,157,1501,6.56,9.56
400,port,24,L2_08,6,194,194,7,51,51,0,0,2,194,1569,194,2151,8.09,11.09
400,port,24,L2_08,7,79,79,4,27,25,2,0,0,79,332,79,569,4.2,7.2
400,port,24,L2_08,8,72,72,4,25,23,2,0,0,72,339,72,555,4.71,7.71
400,port,64,L3_08_00,0,17,17,1,25,22,2,0,1,17,82,17,133,4.82,7.82
400,port,64,L3_08_00,1,27,27,1,33,33,0,0,1,27,171,27,252,6.35,9.35
400,port,64,L3_08_00,2,36,36,1,41,41,0,0,0,36,211,36,319,5.87,8.87
400,port,64,L3_08_00,3,34,34,1,39,39,0,0,1,34,217,34,319,6.39,9.39
400,port,64,L3_08_00,4,43,43,2,47,47,0,0,2,43,255,43,384,5.92,8.92
400,port,65,L3_08_01,0,48,48,2,51,51,0,0,1,48,359,48,503,7.48,10.48
400,port,65,L3_08_01,1,19,19,1,26,24,1,0,1,19,106,19,163,5.58,8.58
400,port,65,L3_08_01,2,29,29,1,34,34,0,0,0,29,148,29,235,5.11,8.11
400,port,65,L3_08_01,3,38,38,1,42,42,0,0,1,38,252,38,366,6.64,9.64
400,port,65,L3_08_01,4,36,36,1,41,41,0,0,1,36,258,36,366,7.16,10.16
400,port,66,L3_08_02,0,14,14,1,22,18,3,0,1,14,69,14,111,4.9,7.9
400,port,66,L3_08_02,1,50,50,2,52,52,0,0,0,50,342,50,492,6.83,9.83
400,port,66,L3_08_02,2,21,21,1,28,27,1,0,0,21,104,21,167,4.94,7.94
400,port,66,L3_08_02,3,31,31,1,36,36,0,0,1,31,201,31,294,6.47,9.47
400,port,66,L3_08_02,4,40,40,2,44,44,0,0,0,40,240,40,360,6,9
400,port,67,L3_08_03,0,45,45,2,48,48,0,0,2,45,277,45,412,6.15,9.15
400,port,67,L3_08_03,1,16,16,1,23,21,2,0,0,16,68,16,116,4.26,7.26
400,port,67,L3_08_03,2,14,14,1,22,18,3,0,1,14,67,14,109,4.77,7.77
400,port,67,L3_08_03,3,23,23,1,30,29,1,0,0,23,99,23,168,4.3,7.3
400,port,67,L3_08_03,4,33,33,1,38,38,0,0,1,33,192,33,291,5.83,8.83
400,port,25,L2_09,0,138,138,5,39,39,0,0,2,138,715,138,1129,5.18,8.18
400,port,25,L2_09,1,176,176,6,47,47,0,0,1,176,1181,176,1709,6.71,9.71
400,port,25,L2_09,2,61,61,3,23,20,2,0,1,61,294,61,477,4.82,7.82
400,port,25,L2_09,3,98,98,4,31,31,0,0,0,98,426,98,720,4.35,7.35
400,port,25,L2_09,4,90,90,4,29,28,1,0,0,90,437,90,707,4.86,7.86
400,port,25,L2_09,5,128,128,5,37,37,0,0,1,128,818,128,1202,6.39,9.39
400,port,25,L2_09,6,165,165,6,45,45,0,0,0,165,977,165,1472,5.92,8.92
400,port,25,L2_09,7,50,50,3,21,17,4,0,0,50,202,50,352,4.03,7.03
400,port,25,L2_09,8,194,194,7,51,51,0,0,1,194,1544,194,2126,7.96,10.96
400,port,68,L3_09_00,0,37,37,1,42,42,0,0,0,37,221,37,332,5.98,8.98
400,port,68,L3_09_00,1,47,47,2,50,50,0,0,1,47,353,47,494,7.51,10.51
400,port,68,L3_09_00,2,45,45,2,48,48,0,0,2,45,271,45,406,6.02,9.02
400,port,68,L3_09_00,3,16,16,1,24,21,3,0,0,16,66,16,114,4.13,7.13
400,port,68,L3_09_00,4,25,25,1,31,31,0,0,1,25,142,25,217,5.66,8.66
400,port,69,L3_09_01,0,30,30,1,35,35,0,0,0,30,157,30,247,5.22,8.22
400,port,69,L3_09_01,1,39,39,1,43,43,0,0,1,39,263,39,380,6.74,9.74
400,port,69,L3_09_01,2,49,49,2,51,51,0,0,2,49,405,49,552,8.27,11.27
400,port,69,L3_09_01,3,47,47,2,50,50,0,0,0,47,319,47,460,6.79,9.79
400,port,69,L3_09_01,4,18,18,1,25,23,1,0,1,18,88,18,142,4.9,7.9
400,port,70,L3_09_02,0,23,23,1,29,29,0,0,1,23,116,23,185,5.05,8.05
400,port,70,L3_09_02,1,32,32,1,37,37,0,0,1,32,210,32,306,6.57,9.57
400,port,70,L3_09_02,2,41,41,2,45,45,0,0,0,41,250,41,373,6.1,9.1
400,port,70,L3_09_02,3,12,12,1,21,16,5,0,0,12,51,12,87,4.21,7.21
400,port,70,L3_09_02,4,49,49,2,51,51,0,0,2,49,399,49,546,8.15,11.15
400,port,71,L3_09_03,0,15,15,1,23,20,2,0,1,15,73,15,118,4.88,7.88
400,port,71,L3_09_03,1,25,25,1,31,31,0,0,0,25,110,25,185,4.4,7.4
400,port,71,L3_09_03,2,34,34,1,39,39,0,0,1,34,202,34,304,5.93,8.93
400,port,71,L3_09_03,3,43,43,2,47,47,0,0,1,43,321,43,450,7.46,10.46
400,port,71,L3_09_03,4,41,41,2,45,45,0,0,0,41,245,41,368,5.98,8.98
400,port,26,L2_10,0,154,154,6,43,43,0,0,2,154,1146,154,1608,7.44,10.44
400,port,26,L2_10,1,146,146,6,41,41,0,0,0,146,869,146,1307,5.95,8.95
400,port,26,L2_10,2,184,184,7,49,49,0,0,1,184,1376,184,1928,7.48,10.48
400,port,26,L2_10,3,69,69,3,25,22,2,0,1,69,248,69,455,3.59,6.59
400,port,26,L2_10,4,106,106,4,33,33,0,0,0,106,542,106,860,5.11,8.11
400,port,26,L2_10,5,98,98,4,31,31,0,0,1,98,552,98,846,5.63,8.63
400,port,26,L2_10,6,136,136,5,39,39,0,0,2,136,702,136,1110,5.16,8.16
400,port,26,L2_10,7,173,173,6,47,47,0,0,1,173,1157,173,1676,6.69,9.69
400,port,26,L2_10,8,58,58,3,22,19,2,0,1,58,278,58,452,4.79,7.79
400,port,72,L3_10_00,0,19,19,1,26,24,1,0,1,19,109,19,166,5.72,8.72
400,port,72,L3_10_00,1,17,17,1,25,22,3,0,0,17,72,17,123,4.23,7.23
400,port,72,L3_10_00,2,27,27,1,33,33,0,0,1,27,156,27,237,5.76,8.76
400,port,72,L3_10_00,3,36,36,1,40,40,0,0,2,36,190,36,298,5.29,8.29
400,port,72,L3_10_00,4,45,45,2,48,48,0,0,1,45,307,45,442,6.82,9.82
400,port,73,L3_10_01,0,50,50,2,52,52,0,0,2,50,419,50,569,8.38,11.38
400,port,73,L3_10_01,1,21,21,1,28,27,1,0,0,21,94,21,157,4.48,7.48
400,port,73,L3_10_01,2,19,19,1,26,24,1,0,1,19,95,19,152,5,8
400,port,73,L3_10_01,3,28,28,1,34,34,0,0,1,28,183,28,267,6.53,9.53
400,port,73,L3_10_01,4,38,38,1,42,42,0,0,0,38,230,38,344,6.06,9.06
400,port,74,L3_10_02,0,42,42,2,46,46,0,0,0,42,261,42,387,6.21,9.21
400,port,74,L3_10_02,1,14,14,1,22,18,4,0,0,14,60,14,102,4.31,7.31
400,port,74,L3_10_02,2,50,50,2,52,52,0,0,2,50,413,50,563,8.25,11.25
400,port,74,L3_10_02,3,21,21,1,28,27,1,0,0,21,92,21,155,4.36,7.36
400,port,74,L3_10_02,4,30,30,1,36,36,0,0,1,30,177,30,267,5.89,8.89
400,port,75,L3_10_03,0,35,35,1,40,40,0,0,1,35,211,35,316,6.04,9.04
400,port,75,L3_10_03,1,44,44,2,48,48,0,0,1,44,333,44,465,7.56,10.56
400,port,75,L3_10_03,2,16,16,1,23,21,2,0,0,16,59,16,107,3.67,6.67
400,port,75,L3_10_03,3,14,14,1,22,18,4,0,0,14,59,14,101,4.19,7.19
400,port,75,L3_10_03,4,23,23,1,30,29,0,0,1,23,132,23,201,5.72,8.72
400,port,27,L2_11,0,125,125,5,37,37,0,0,0,125,659,125,1034,5.27,8.27
400,port,27,L2_11,1,162,162,6,44,44,0,0,1,162,1100,162,1586,6.79,9.79
400,port,27,L2_11,2,154,154,6,43,43,0,0,1,154,1126,154,1588,7.31,10.31
400,port,27,L2_11,3,191,191,7,51,51,0,0,0,191,1306,191,1879,6.84,9.84
400,port,27,L2_11,4,77,77,4,26,24,1,0,1,77,380,77,611,4.94,7.94
400,port,27,L2_11,5,114,114,5,34,34,0,0,1,114,738,114,1080,6.47,9.47
400,port,27,L2_11,6,106,106,4,33,33,0,0,0,106,529,106,847,4.99,7.99
400,port,27,L2_11,7,143,143,6,40,40,0,0,1,143,932,143,1361,6.52,9.52
400,port,27,L2_11,8,181,181,7,48,48,0,0,2,181,1455,181,1998,8.04,11.04
400,port,76,L3_11_00,0,28,28,1,34,34,0,0,1,28,164,28,248,5.87,8.87
400,port,76,L3_11_00,1,37,37,1,42,42,0,0,2,37,199,37,310,5.39,8.39
400,port,76,L3_11_00,2,46,46,2,49,49,0,0,1,46,318,46,456,6.92,9.92
400,port,76,L3_11_00,3,18,18,1,25,23,1,0,1,18,91,18,145,5.03,8.03
400,port,76,L3_11_00,4,16,16,1,23,21,1,0,1,16,57,16,105,3.55,6.55
400,port,77,L3_11_01,0,32,32,1,37,37,0,0,1,32,196,32,292,6.12,9.12
400,port,77,L3_11_01,1,30,30,1,35,35,0,0,1,30,199,30,289,6.63,9.63
400,port,77,L3_11_01,2,39,39,1,43,43,0,0,0,39,240,39,357,6.16,9.16
400,port,77,L3_11_01,3,48,48,2,51,51,0,0,1,48,369,48,513,7.69,10.69
400,port,77,L3_11_01,4,46,46,2,49,49,0,0,2,46,285,46,423,6.2,9.2
400,port,78,L3_11_02,0,24,24,1,31,30,0,0,1,24,143,24,215,5.95,8.95
400,port,78,L3_11_02,1,22,22,1,29,28,1,0,0,22,98,22,164,4.46,7.46
400,port,78,L3_11_02,2,32,32,1,37,37,0,0,1,32,192,32,288,5.99,8.99
400,port,78,L3_11_02,3,41,41,2,45,45,0,0,2,41,308,41,431,7.52,10.52
400,port,78,L3_11_02,4,12,12,1,21,16,5,0,0,12,44,12,80,3.63,6.63
400,port,79,L3_11_03,0,17,17,1,24,22,2,0,0,17,64,17,115,3.78,6.78
400,port,79,L3_11_03,1,26,26,1,32,32,0,0,1,26,138,26,216,5.3,8.3
400,port,79,L3_11_03,2,24,24,1,31,30,0,0,1,24,140,24,212,5.82,8.82
400,port,79,L3_11_03,3,34,34,1,39,39,0,0,0,34,182,34,284,5.35,8.35
400,port,79,L3_11_03,4,43,43,2,47,47,0,0,1,43,296,43,425,6.88,9.88
400,port,28,L2_12,0,95,95,4,30,30,0,0,0,95,484,95,770,5.1,8.1
400,port,28,L2_12,1,133,133,5,38,38,0,0,1,133,880,133,1279,6.62,9.62
400,port,28,L2_12,2,125,125,5,37,37,0,0,0,125,643,125,1018,5.14,8.14
400,port,28,L2_12,3,162,162,6,44,44,0,0,1,162,1081,162,1567,6.67,9.67
400,port,28,L2_12,4,199,199,7,52,52,0,0,2,199,1630,199,2227,8.19,11.19
400,port,28,L2_12,5,85,85,4,28,27,1,0,0,85,366,85,621,4.3,7.3
400,port,28,L2_12,6,77,77,4,26,24,2,0,0,77,371,77,602,4.82,7.82
400,port,28,L2_12,7,114,114,5,34,34,0,0,1,114,724,114,1066,6.35,9.35
400,port,28,L2_12,8,151,151,6,42,42,0,0,0,151,886,151,1339,5.87,8.87
400,port,80,L3_12_00,0,48,48,2,51,51,0,0,1,48,337,48,481,7.03,10.03
400,port,80,L3_12_00,1,19,19,1,26,24,1,0,1,19,97,19,154,5.13,8.13
400,port,80,L3_12_00,2,28,28,1,34,34,0,0,1,28,130,28,214,4.66,7.66
400,port,80,L3_12_00,3,26,26,1,32,32,0,0,0,26,135,26,213,5.18,8.18
400,port,80,L3_12_00,4,36,36,1,40,40,0,0,1,36,242,36,350,6.71,9.71
400,port,81,L3_12_01,0,40,40,2,44,44,0,0,0,40,250,40,370,6.26,9.26
400,port,81,L3_12_01,1,50,50,2,52,52,0,0,1,50,390,50,540,7.79,10.79
400,port,81,L3_12_01,2,21,21,1,28,27,0,0,1,21,82,21,145,3.9,6.9
400,port,81,L3_12_01,3,19,19,1,26,24,2,0,0,19,84,19,141,4.42,7.42
400,port,81,L3_12_01,4,28,28,1,34,34,0,0,1,28,166,28,250,5.94,8.94
400,port,82,L3_12_02,0,33,33,1,38,38,0,0,1,33,201,33,300,6.09,9.09
400,port,82,L3_12_02,1,42,42,2,46,46,0,0,2,42,320,42,446,7.62,10.62
400,port,82,L3_12_02,2,14,14,1,22,18,4,0,0,14,52,14,94,3.73,6.73
400,port,82,L3_12_02,3,23,23,1,30,29,0,0,1,23,121,23,190,5.26,8.26
400,port,82,L3_12_02,4,21,21,1,28,27,0,0,1,21,121,21,184,5.77,8.77
400,port,83,L3_12_03,0,37,37,1,41,41,0,0,1,37,257,37,368,6.94,9.94
400,port,83,L3_12_03,1,35,35,1,40,40,0,0,0,35,191,35,296,5.45,8.45
400,port,83,L3_12_03,2,44,44,2,48,48,0,0,1,44,307,44,439,6.98,9.98
400,port,83,L3_12_03,3,16,16,1,23,21,1,0,1,16,81,16,129,5.09,8.09
400,port,83,L3_12_03,4,25,25,1,31,31,0,0,0,25,116,25,191,4.62,7.62
400,port,29,L2_13,0,66,66,3,24,21,2,0,1,66,325,66,523,4.92,7.92
400,port,29,L2_13,1,103,103,4,32,32,0,0,1,103,458,103,767,4.45,7.45
400,port,29,L2_13,2,141,141,5,40,40,0,0,1,141,843,141,1266,5.98,8.98
400,port,29,L2_13,3,133,133,5,38,38,0,0,1,133,865,133,1264,6.5,9.5
400,port,29,L2_13,4,170,170,6,46,46,0,0,0,170,1023,170,1533,6.02,9.02
400,port,29,L2_13,5,55,55,3,22,18,4,0,0,55,227,55,392,4.13,7.13
400,port,29,L2_13,6,93,93,4,30,29,0,0,1,93,526,93,805,5.66,8.66
400,port,29,L2_13,7,85,85,4,28,27,1,0,0,85,355,85,610,4.18,7.18
400,port,29,L2_13,8,122,122,5,36,36,0,0,1,122,695,122,1061,5.7,8.7
400,port,84,L3_13_00,0,30,30,1,35,35,0,0,1,30,143,30,233,4.77,7.77
400,port,84,L3_13_00,1,28,28,1,34,34,0,0,0,28,148,28,232,5.28,8.28
400,port,84,L3_13_00,2,37,37,1,41,41,0,0,1,37,252,37,363,6.81,9.81
400,port,84,L3_13_00,3,46,46,2,49,49,0,0,0,46,292,46,430,6.34,9.34
400,port,84,L3_13_00,4,18,18,1,25,23,2,0,0,18,80,18,134,4.45,7.45
400,port,85,L3_13_01,0,22,22,1,29,28,0,0,1,22,132,22,198,6,9
400,port,85,L3_13_01,1,32,32,1,37,37,0,0,0,32,177,32,273,5.53,8.53
400,port,85,L3_13_01,2,30,30,1,35,35,0,0,1,30,182,30,272,6.05,9.05
400,port,85,L3_13_01,3,39,39,1,43,43,0,0,2,39,218,39,335,5.58,8.58
400,port,85,L3_13_01,4,48,48,2,51,51,0,0,1,48,341,48,485,7.1,10.1
400,port,86,L3_13_02,0,15,15,1,23,20,3,0,0,15,57,15,102,3.83,6.83
400,port,86,L3_13_02,1,24,24,1,31,30,0,0,1,24,129,24,201,5.36,8.36
400,port,86,L3_13_02,2,34,34,1,39,39,0,0,1,34,234,34,336,6.89,9.89
400,port,86,L3_13_02,3,32,32,1,37,37,0,0,0,32,173,32,269,5.41,8.41
400,port,86,L3_13_02,4,41,41,2,45,45,0,0,1,41,284,41,407,6.93,9.93
400,port,87,L3_13_03,0,46,46,2,49,49,0,0,1,46,326,46,464,7.08,10.08
400,port,87,L3_13_03,1,17,17,1,24,22,1,0,1,17,88,17,139,5.19,8.19
400,port,87,L3_13_03,2,26,26,1,32,32,0,0,0,26,123,26,201,4.72,7.72
400,port,87,L3_13_03,3,24,24,1,31,30,0,0,1,24,126,24,198,5.24,8.24
400,port,87,L3_13_03,4,34,34,1,39,39,0,0,1,34,230,34,332,6.76,9.76
400,port,30,L2_14,0,189,189,7,50,50,0,0,1,189,1433,189,2000,7.58,10.58
400,port,30,L2_14,1,74,74,4,26,24,1,0,1,74,273,74,495,3.69,6.69
400,port,30,L2_14,2,111,111,5,34,34,0,0,0,111,579,111,912,5.22,8.22
400,port,30,L2_14,3,148,148,6,42,42,0,0,1,148,999,148,1443,6.75,9.75
400,port,30,L2_14,4,141,141,5,40,40,0,0,2,141,742,141,1165,5.26,8.26
400,port,30,L2_14,5,178,178,7,48,48,0,0,1,178,1209,178,1743,6.79,9.79
400,port,30,L2_14,6,63,63,3,23,20,2,0,1,63,309,63,498,4.9,7.9
400,port,30,L2_14,7,100,100,4,31,31,0,0,0,100,443,100,743,4.43,7.43
400,port,30,L2_14,8,93,93,4,30,29,1,0,0,93,459,93,738,4.94,7.94
400,port,88,L3_14_00,0,38,38,1,43,43,0,0,1,38,263,38,377,6.91,9.91
400,port,88,L3_14_00,1,48,48,2,50,50,0,0,0,48,309,48,453,6.44,9.44
400,port,88,L3_14_00,2,19,19,1,26,24,2,0,0,19,86,19,143,4.55,7.55
400,port,88,L3_14_00,3,28,28,1,34,34,0,0,1,28,170,28,254,6.08,9.08
400,port,88,L3_14_00,4,26,26,1,32,32,0,0,0,26,119,26,197,4.59,7.59
400,port,89,L3_14_01,0,42,42,2,46,46,0,0,1,42,301,42,427,7.16,10.16
400,port,89,L3_14_01,1,40,40,2,44,44,0,0,2,40,227,40,347,5.68,8.68
400,port,89,L3_14_01,2,50,50,2,52,52,0,0,1,50,361,50,511,7.21,10.21
400,port,89,L3_14_01,3,21,21,1,28,27,0,0,1,21,112,21,175,5.32,8.32
400,port,89,L3_14_01,4,30,30,1,36,36,0,0,1,30,145,30,235,4.84,7.84
400,port,90,L3_14_02,0,35,35,1,40,40,0,0,1,35,245,35,350,6.99,9.99
400,port,90,L3_14_02,1,44,44,2,48,48,0,0,0,44,287,44,419,6.52,9.52
400,port,90,L3_14_02,2,42,42,2,46,46,0,0,1,42,296,42,422,7.04,10.04
400,port,90,L3_14_02,3,14,14,1,22,18,3,0,1,14,72,14,114,5.15,8.15
400,port,90,L3_14_02,4,23,23,1,29,29,0,0,0,23,107,23,176,4.67,7.67
400,port,91,L3_14_03,0,28,28,1,33,33,0,0,0,28,135,28,219,4.82,7.82
400,port,91,L3_14_03,1,37,37,1,41,41,0,0,1,37,235,37,346,6.35,9.35
400,port,91,L3_14_03,2,35,35,1,40,40,0,0,1,35,240,35,345,6.87,9.87
400,port,91,L3_14_03,3,44,44,2,48,48,0,0,0,44,282,44,414,6.4,9.4
400,port,91,L3_14_03,4,16,16,1,23,21,2,0,0,16,72,16,120,4.5,7.5
400,port,31,L2_15,0,52,52,3,21,17,3,0,1,52,261,52,417,5.01,8.01
400,port,31,L2_15,1,197,197,7,52,52,0,0,0,197,1367,197,1958,6.94,9.94
400,port,31,L2_15,2,82,82,4,27,26,0,0,1,82,414,82,660,5.05,8.05
400,port,31,L2_15,3,119,119,5,35,35,0,0,1,119,783,119,1140,6.58,9.58
400,port,31,L2_15,4,111,111,5,34,34,0,0,0,111,565,111,898,5.09,8.09
400,port,31,L2_15,5,149,149,6,42,42,0,0,1,149,986,149,1433,6.62,9.62
400,port,31,L2_15,6,186,186,7,49,49,0,0,2,186,1516,186,2074,8.15,11.15
400,port,31,L2_15,7,71,71,3,25,23,2,0,0,71,302,71,515,4.26,7.26
400,port,31,L2_15,8,63,63,3,23,20,2,0,1,63,301,63,490,4.77,7.77
400,port,92,L3_15_00,0,20,20,1,27,25,2,0,0,20,81,20,141,4.06,7.06
400,port,92,L3_15_00,1,30,30,1,35,35,0,0,1,30,168,30,258,5.59,8.59
400,port,92,L3_15_00,2,39,39,1,43,43,0,0,1,39,278,39,395,7.12,10.12
400,port,92,L3_15_00,3,37,37,1,41,41,0,0,0,37,208,37,319,5.63,8.63
400,port,92,L3_15_00,4,46,46,2,49,49,0,0,1,46,329,46,467,7.16,10.16
400,port,93,L3_15_01,0,13,13,1,21,17,4,0,0,13,51,13,90,3.89,6.89
400,port,93,L3_15_01,1,22,22,1,29,28,0,0,1,22,119,22,185,5.42,8.42
400,port,93,L3_15_01,2,31,31,1,37,37,0,0,1,31,153,31,246,4.95,7.95
400,port,93,L3_15_01,3,41,41,2,45,45,0,0,1,41,266,41,389,6.48,9.48
400,port,93,L3_15_01,4,39,39,1,43,43,0,0,1,39,273,39,390,6.99,9.99
400,port,94,L3_15_02,0,44,44,2,47,47,0,0,1,44,314,44,446,7.14,10.14
400,port,94,L3_15_02,1,15,15,1,23,20,2,0,1,15,79,15,124,5.25,8.25
400,port,94,L3_15_02,2,24,24,1,31,30,1,0,0,24,115,24,187,4.78,7.78
400,port,94,L3_15_02,3,33,33,1,38,38,0,0,1,33,208,33,307,6.31,9.31
400,port,94,L3_15_02,4,32,32,1,37,37,0,0,1,32,218,32,314,6.82,9.82
400,port,95,L3_15_03,0,47,47,2,50,50,0,0,2,47,375,47,516,7.98,10.98
400,port,95,L3_15_03,1,46,46,2,49,49,0,0,0,46,299,46,437,6.5,9.5
400,port,95,L3_15_03,2,17,17,1,24,22,2,0,0,17,78,17,129,4.61,7.61
400,port,95,L3_15_03,3,26,26,1,32,32,0,0,1,26,160,26,238,6.14,9.14
400,port,95,L3_15_03,4,35,35,1,40,40,0,0,0,35,198,35,303,5.66,8.66
400,port,0,L1_00,0,84,84,4,28,27,0,0,1,84,442,84,694,5.26,8.26
400,port,0,L1_00,1,121,121,5,36,36,0,0,1,121,580,121,943,4.79,7.79
400,port,0,L1_00,2,158,158,6,44,44,0,0,1,158,997,158,1471,6.31,9.31
400,port,0,L1_00,3,151,151,6,42,42,0,0,1,151,1031,151,1484,6.83,9.83
400,port,0,L1_00,4,356,356,35,86,86,0,0,39,356,17138,356,18206,48.14,51.14
400,port,0,L1_00,5,73,73,4,26,23,3,0,0,73,326,73,545,4.47,7.47
400,port,0,L1_00,6,110,110,5,33,33,0,0,1,110,659,110,989,5.99,8.99
400,port,0,L1_00,7,103,103,4,32,32,0,0,0,103,465,103,774,4.51,7.51
400,port,1,L1_01,0,55,55,3,22,18,3,0,1,55,280,55,445,5.09,8.09
400,port,1,L1_01,1,92,92,4,30,29,1,0,0,92,425,92,701,4.62,7.62
400,port,1,L1_01,2,129,129,5,37,37,0,0,1,129,792,129,1179,6.14,9.14
400,port,1,L1_01,3,166,166,6,45,45,0,0,2,166,1273,166,1771,7.67,10.67
400,port,1,L1_01,4,159,159,6,44,44,0,0,0,159,984,159,1461,6.19,9.19
400,port,1,L1_01,5,196,196,7,52,52,0,0,1,196,1513,196,2101,7.72,10.72
400,port,1,L1_01,6,81,81,4,27,26,0,0,1,81,309,81,552,3.82,6.82
400,port,1,L1_01,7,118,118,5,35,35,0,0,0,118,631,118,985,5.35,8.35
400,port,2,L1_02,0,177,177,7,48,48,0,0,0,177,1122,177,1653,6.34,9.34
400,port,2,L1_02,1,62,62,3,23,20,3,0,0,62,276,62,462,4.45,7.45
400,port,2,L1_02,2,100,100,4,31,31,0,0,1,100,597,100,897,5.97,8.97
400,port,2,L1_02,3,137,137,5,39,39,0,0,0,137,754,137,1165,5.5,8.5
400,port,2,L1_02,4,129,129,5,37,37,0,0,1,129,777,129,1164,6.02,9.02
400,port,2,L1_02,5,166,166,6,45,45,0,0,1,166,1253,166,1751,7.55,10.55
400,port,2,L1_02,6,52,52,3,21,17,4,0,0,52,190,52,346,3.65,6.65
400,port,2,L1_02,7,89,89,4,29,28,0,0,1,89,461,89,728,5.18,8.18
400,port,3,L1_03,0,193,193,7,51,51,0,0,0,193,1272,193,1851,6.59,9.59
400,port,3,L1_03,1,185,185,7,49,49,0,0,1,185,1314,185,1869,7.1,10.1
400,port,3,L1_03,2,70,70,3,25,23,1,0,1,70,365,70,575,5.21,8.21
400,port,3,L1_03,3,108,108,5,33,33,0,0,0,108,512,108,836,4.74,7.74
400,port,3,L1_03,4,145,145,6,41,41,0,0,1,145,909,145,1344,6.27,9.27
400,port,3,L1_03,5,137,137,5,39,39,0,0,1,137,929,137,1340,6.78,9.78
400,port,3,L1_03,6,174,174,6,47,47,0,0,0,174,1098,174,1620,6.31,9.31
400,port,3,L1_03,7,60,60,3,23,20,3,0,0,60,265,60,445,4.42,7.42
400,port,4,L1_04,0,164,164,6,45,45,0,0,1,164,1053,164,1545,6.42,9.42
400,port,4,L1_04,1,49,49,3,20,16,3,0,1,49,222,49,369,4.53,7.53
400,port,4,L1_04,2,193,193,7,51,51,0,0,2,193,1247,193,1826,6.46,9.46
400,port,4,L1_04,3,78,78,4,27,25,2,0,0,78,356,78,590,4.57,7.57
400,port,4,L1_04,4,115,115,5,35,35,0,0,1,115,702,115,1047,6.1,9.1
400,port,4,L1_04,5,153,153,6,42,42,0,0,0,153,861,153,1320,5.63,8.63
400,port,4,L1_04,6,145,145,6,41,41,0,0,1,145,890,145,1325,6.14,9.14
400,port,4,L1_04,7,182,182,7,49,49,0,0,1,182,1396,182,1942,7.67,10.67
400,port,5,L1_05,0,302,302,33,74,74,0,0,33,302,14505,302,15411,48.03,51.03
400,port,5,L1_05,1,171,171,6,46,46,0,0,2,171,1330,171,1843,7.78,10.78
400,port,5,L1_05,2,164,164,6,45,45,0,0,0,164,1032,164,1524,6.29,9.29
400,port,5,L1_05,3,49,49,3,20,16,4,0,0,49,216,49,363,4.4,7.4
400,port,5,L1_05,4,86,86,4,28,27,0,0,1,86,510,86,768,5.93,8.93
400,port,5,L1_05,5,123,123,5,36,36,0,0,0,123,672,123,1041,5.46,8.46
400,port,5,L1_05,6,116,116,5,35,35,0,0,1,116,693,116,1041,5.97,8.97
400,port,5,L1_05,7,153,153,6,42,42,0,0,2,153,842,153,1301,5.5,8.5
400,port,6,L1_06,0,105,105,4,32,32,0,0,1,105,638,105,953,6.08,9.08
400,port,6,L1_06,1,142,142,6,40,40,0,0,0,142,797,142,1223,5.61,8.61
400,port,6,L1_06,2,179,179,7,48,48,0,0,1,179,1276,179,1813,7.13,10.13
400,port,6,L1_06,3,172,172,6,46,46,0,0,2,172,1316,172,1832,7.65,10.65
400,port,6,L1_06,4,57,57,3,22,19,3,0,0,57,214,57,385,3.76,6.76
400,port,6,L1_06,5,94,94,4,30,30,0,0,1,94,497,94,779,5.29,8.29
400,port,6,L1_06,6,131,131,5,38,38,0,0,1,131,892,131,1285,6.81,9.81
400,port,6,L1_06,7,124,124,5,36,36,0,0,0,124,661,124,1033,5.33,8.33
400,port,7,L1_07,0,76,76,4,26,24,1,0,1,76,404,76,632,5.32,8.32
400,port,7,L1_07,1,113,113,5,34,34,0,0,0,113,547,113,886,4.84,7.84
400,port,7,L1_07,2,150,150,6,42,42,0,0,1,150,956,150,1405,6.37,9.37
400,port,7,L1_07,3,187,187,7,50,50,0,0,2,187,1477,187,2038,7.9,10.9
400,port,7,L1_07,4,179,179,7,48,48,0,0,0,179,1149,179,1686,6.42,9.42
400,port,7,L1_07,5,65,65,3,24,21,3,0,0,65,294,65,489,4.52,7.52
400,port,7,L1_07,6,102,102,4,32,32,0,0,1,102,617,102,923,6.05,9.05
400,port,7,L1_07,7,139,139,5,40,40,0,0,0,139,776,139,1193,5.58,8.58
400,port,8,L1_08,0,91,91,4,29,29,0,0,1,91,379,91,652,4.16,7.16
400,port,8,L1_08,1,83,83,4,28,26,2,0,0,83,388,83,637,4.67,7.67
400,port,8,L1_08,2,121,121,5,36,36,0,0,1,121,750,121,1113,6.2,9.2
400,port,8,L1_08,3,158,158,6,44,44,0,0,0,158,905,158,1379,5.73,8.73
400,port,8,L1_08,4,150,150,6,42,42,0,0,1,150,938,150,1388,6.25,9.25
400,port,8,L1_08,5,187,187,7,50,50,0,0,1,187,1453,187,2014,7.77,10.77
400,port,8,L1_08,6,73,73,4,25,23,2,0,0,73,283,73,502,3.88,6.88
400,port,8,L1_08,7,110,110,5,33,33,0,0,1,110,595,110,925,5.41,8.41
400,port,9,L1_09,0,62,62,3,23,20,3,0,0,62,247,62,433,3.99,6.99
400,port,9,L1_09,1,54,54,3,21,18,3,0,0,54,243,54,405,4.5,7.5
400,port,9,L1_09,2,91,91,4,29,29,0,0,1,91,549,91,822,6.03,9.03
400,port,9,L1_09,3,129,129,5,37,37,0,0,0,129,717,129,1104,5.56,8.56
400,port,9,L1_09,4,166,166,6,45,45,0,0,1,166,1177,166,1675,7.09,10.09
400,port,9,L1_09,5,158,158,6,44,44,0,0,2,158,885,158,1359,5.6,8.6
400,port,9,L1_09,6,195,195,7,51,51,0,0,1,195,1390,195,1975,7.13,10.13
400,port,9,L1_09,7,81,81,4,27,26,0,0,1,81,424,81,667,5.24,8.24
400,port,10,L1_10,0,184,184,7,49,49,0,0,1,184,1332,184,1884,7.24,10.24
400,port,10,L1_10,1,70,70,3,25,23,1,0,1,70,375,70,585,5.35,8.35
400,port,10,L1_10,2,62,62,3,23,20,3,0,0,62,239,62,425,3.86,6.86
400,port,10,L1_10,3,99,99,4,31,31,0,0,1,99,534,99,831,5.39,8.39
400,port,10,L1_10,4,136,136,5,39,39,0,0,1,136,941,136,1349,6.92,9.92
400,port,10,L1_10,5,174,174,6,47,47,0,0,0,174,1122,174,1644,6.45,9.45
400,port,10,L1_10,6,166,166,6,45,45,0,0,1,166,1155,166,1653,6.96,9.96
400,port,10,L1_10,7,51,51,3,21,17,3,0,1,51,259,51,412,5.07,8.07
400,port,11,L1_11,0,155,155,6,43,43,0,0,1,155,1004,155,1469,6.48,9.48
400,port,11,L1_11,1,192,192,7,51,51,0,0,2,192,1536,192,2112,8,11
400,port,11,L1_11,2,78,78,4,26,25,1,0,0,78,321,78,555,4.11,7.11
400,port,11,L1_11,3,70,70,3,25,23,2,0,0,70,324,70,534,4.63,7.63
400,port,11,L1_11,4,107,107,5,33,33,0,0,1,107,659,107,980,6.16,9.16
400,port,11,L1_11,5,144,144,6,41,41,0,0,0,144,818,144,1250,5.68,8.68
400,port,11,L1_11,6,182,182,7,49,49,0,0,1,182,1312,182,1858,7.21,10.21
400,port,11,L1_11,7,174,174,6,47,47,0,0,2,174,1345,174,1867,7.73,10.73
400,port,12,L1_12,0,126,126,5,37,37,0,0,1,126,795,126,1173,6.31,9.31
400,port,12,L1_12,1,163,163,6,45,45,0,0,0,163,950,163,1439,5.83,8.83
400,port,12,L1_12,2,48,48,3,20,16,4,0,0,48,189,48,333,3.94,6.94
400,port,12,L1_12,3,193,193,7,51,51,0,0,1,193,1521,193,2100,7.88,10.88
400,port,12,L1_12,4,78,78,4,27,25,2,0,0,78,311,78,545,3.99,6.99
400,port,12,L1_12,5,115,115,5,34,34,0,0,1,115,634,115,979,5.51,8.51
400,port,12,L1_12,6,152,152,6,42,42,0,0,1,152,1070,152,1526,7.04,10.04
400,port,12,L1_12,7,145,145,6,41,41,0,0,0,145,806,145,1241,5.56,8.56
400,port,13,L1_13,0,96,96,4,31,30,0,0,1,96,589,96,877,6.14,9.14
400,port,13,L1_13,1,134,134,5,38,38,0,0,0,134,758,134,1160,5.66,8.66
400,port,13,L1_13,2,171,171,6,46,46,0,0,1,171,1229,171,1742,7.19,10.19
400,port,13,L1_13,3,56,56,3,22,18,3,0,1,56,185,56,353,3.3,6.3
400,port,13,L1_13,4,48,48,3,20,16,4,0,0,48,183,48,327,3.82,6.82
400,port,13,L1_13,5,86,86,4,28,27,0,0,1,86,459,86,717,5.34,8.34
400,port,13,L1_13,6,123,123,5,36,36,0,0,1,123,599,123,968,4.87,7.87
400,port,13,L1_13,7,160,160,6,44,44,0,0,1,160,1024,160,1504,6.4,9.4
400,port,14,L1_14,0,112,112,5,34,34,0,0,0,112,558,112,894,4.98,7.98
400,port,14,L1_14,1,104,104,4,32,32,0,0,1,104,571,104,883,5.49,8.49
400,port,14,L1_14,2,142,142,6,40,40,0,0,1,142,997,142,1423,7.02,10.02
400,port,14,L1_14,3,179,179,7,48,48,0,0,0,179,1172,179,1709,6.55,9.55
400,port,14,L1_14,4,64,64,3,24,21,2,0,1,64,298,64,490,4.66,7.66
400,port,14,L1_14,5,56,56,3,22,18,3,0,1,56,290,56,458,5.17,8.17
400,port,14,L1_14,6,94,94,4,30,30,0,0,0,94,442,94,724,4.7,7.7
400,port,14,L1_14,7,131,131,5,38,38,0,0,1,131,816,131,1209,6.23,9.23
400,port,15,L1_15,0,83,83,4,28,26,2,0,0,83,350,83,599,4.22,7.22
400,port,15,L1_15,1,75,75,4,26,24,2,0,0,75,355,75,580,4.73,7.73
400,port,15,L1_15,2,112,112,5,34,34,0,0,1,112,701,112,1037,6.26,9.26
400,port,15,L1_15,3,150,150,6,42,42,0,0,0,150,869,150,1318,5.79,8.79
400,port,15,L1_15,4,187,187,7,50,50,0,0,1,187,1369,187,1930,7.32,10.32
400,port,15,L1_15,5,179,179,7,48,48,0,0,2,179,1402,179,1939,7.83,10.83
400,port,15,L1_15,6,64,64,3,24,21,3,0,0,64,252,64,444,3.94,6.94
400,port,15,L1_15,7,102,102,4,32,32,0,0,1,102,558,102,864,5.47,8.47
500,router,16,L2_00,-1,42,42,36,0,0,0,0,0,0,0,0,0,5.5,5.5
500,shim,96,SHIM_00_00,-1,16,16,2,0,0,0,0,0,0,0,0,0,7,7
500,router,32,L3_00_00,-1,31,31,3,0,0,0,0,0,0,0,0,0,4.9,4.9
500,shim,97,SHIM_00_01,-1,26,26,0,0,0,0,0,0,0,0,0,0,4,4
500,router,33,L3_00_01,-1,41,41,5,0,0,0,0,0,0,0,0,0,5.5,5.5
500,shim,98,SHIM_00_02,-1,37,37,1,0,0,0,0,0,0,0,0,0,5.5,5.5
500,router,34,L3_00_02,-1,39,39,4,0,0,0,0,0,0,0,0,0,5.2,5.2
500,shim,99,SHIM_00_03,-1,47,47,1,0,0,0,0,0,0,0,0,0,5.5,5.5
500,router,35,L3_00_03,-1,49,49,6,0,0,0,0,0,0,0,0,0,5.8,5.8
500,router,17,L2_01,-1,52,52,49,0,0,0,0,0,0,0,0,0,6.04,6.04
500,shim,100,SHIM_01_00,-1,45,45,1,0,0,0,0,0,0,0,0,0,5.5,5.5
500,router,36,L3_01_00,-1,18,18,8,0,0,0,0,0,0,0,0,0,6.4,6.4
500,shim,101,SHIM_01_01,-1,13,13,1,0,0,0,0,0,0,0,0,0,5.5,5.5
500,router,37,L3_01_01,-1,28,28,2,0,0,0,0,0,0,0,0,0,4.6,4.6
500,shim,102,SHIM_01_02,-1,23,23,2,0,0,0,0,0,0,0,0,0,7,7
500,router,38,L3_01_02,-1,26,26,2,0,0,0,0,0,0,0,0,0,4.6,4.6
500,shim,103,SHIM_01_03,-1,34,34,1,0,0,0,0,0,0,0,0,0,5.5,5.5
500,router,39,L3_01_03,-1,36,36,4,0,0,0,0,0,0,0,0,0,5.2,5.2
500,router,18,L2_02,-1,20,20,63,0,0,0,0,0,0,0,0,0,6.63,6.63
500,shim,104,SHIM_02_00,-1,31,31,1,0,0,0,0,0,0,0,0,0,5.5,5.5
500,router,40,L3_02_00,-1,46,46,6,0,0,0,0,0,0,0,0,0,5.8,5.8
500,shim,105,SHIM_02_01,-1,42,42,1,0,0,0,0,0,0,0,0,0,5.5,5.5
500,router,41,L3_02_01,-1,15,15,8,0,0,0,0,0,0,0,0,0,6.4,6.4
500,shim,106,SHIM_02_02,-1,52,52,1,0,0,0,0,0,0,0,0,0,5.5,5.5
500,router,42,L3_02_02,-1,12,12,7,0,0,0,0,0,0,0,0,0,6.1,6.1
500,shim,107,SHIM_02_03,-1,20,20,2,0,0,0,0,0,0,0,0,0,7,7
500,router,43,L3_02_03,-1,23,23,9,0,0,0,0,0,0,0,0,0,6.7,6.7
500,router,19,L2_03,-1,18,18,60,0,0,0,0,0,0,0,0,0,6.5,6.5
500,shim,108,SHIM_03_00,-1,18,18,2,0,0,0,0,0,0,0,0,0,7,7
500,router,44,L3_03_00,-1,33,33,3,0,0,0,0,0,0,0,0,0,4.9,4.9
500,shim,109,SHIM_03_01,-1,29,29,0,0,0,0,0,0,0,0,0,0,4,4
500,router,45,L3_03_01,-1,43,43,5,0,0,0,0,0,0,0,0,0,5.5,5.5
500,shim,110,SHIM_03_02,-1,39,39,1,0,0,0,0,0,0,0,0,0,5.5,5.5
500,router,46,L3_03_02,-1,41,41,5,0,0,0,0,0,0,0,0,0,5.5,5.5
500,shim,111,SHIM_03_03,-1,49,49,1,0,0,0,0,0,0,0,0,0,5.5,5.5
500,router,47,L3_03_03,-1,51,51,7,0,0,0,0,0,0,0,0,0,6.1,6.1
500,router,20,L2_04,-1,29,29,18,0,0,0,0,0,0,0,0,0,4.75,4.75
500,shim,112,SHIM_04_00,-1,47,47,1,0,0,0,0,0,0,0,0,0,5.5,5.5
500,router,48,L3_04_00,-1,20,20,9,0,0,0,0,0,0,0,0,0,6.7,6.7
500,shim,113,SHIM_04_01,-1,15,15,2,0,0,0,0,0,0,0,0,0,7,7
500,router,49,L3_04_01,-1,30,30,3,0,0,0,0,0,0,0,0,0,4.9,4.9
500,shim,114,SHIM_04_02,-1,26,26,0,0,0,0,0,0,0,0,0,0,4,4
500,router,50,L3_04_02,-1,28,28,2,0,0,0,0,0,0,0,0,0,4.6,4.6
500,shim,115,SHIM_04_03,-1,36,36,1,0,0,0,0,0,0,0,0,0,5.5,5.5
500,router,51,L3_04_03,-1,38,38,4,0,0,0,0,0,0,0,0,0,5.2,5.2
500,router,21,L2_05,-1,39,39,32,0,0,0,0,0,0,0,0,0,5.33,5.33
500,shim,116,SHIM_05_00,-1,34,34,1,0,0,0,0,0,0,0,0,0,5.5,5.5
500,router,52,L3_05_00,-1,48,48,6,0,0,0,0,0,0,0,0,0,5.8,5.8
500,shim,117,SHIM_05_01,-1,44,44,1,0,0,0,0,0,0,0,0,0,5.5,5.5
500,router,53,L3_05_01,-1,17,17,8,0,0,0,0,0,0,0,0,0,6.4,6.4
500,shim,118,SHIM_05_02,-1,12,12,1,0,0,0,0,0,0,0,0,0,5.5,5.5
500,router,54,L3_05_02,-1,15,15,8,0,0,0,0,0,0,0,0,0,6.4,6.4
500,shim,119,SHIM_05_03,-1,23,23,2,0,0,0,0,0,0,0,0,0,7,7
500,router,55,L3_05_03,-1,25,25,10,0,0,0,0,0,0,0,0,0,7,7
500,router,22,L2_06,-1,37,37,29,0,0,0,0,0,0,0,0,0,5.21,5.21
500,shim,120,SHIM_06_00,-1,20,20,2,0,0,0,0,0,0,0,0,0,7,7
500,router,56,L3_06_00,-1,35,35,4,0,0,0,0,0,0,0,0,0,5.2,5.2
500,shim,121,SHIM_06_01,-1,31,31,1,0,0,0,0,0,0,0,0,0,5.5,5.5
500,router,57,L3_06_01,-1,33,33,3,0,0,0,0,0,0,0,0,0,4.9,4.9
500,shim,122,SHIM_06_02,-1,41,41,1,0,0,0,0,0,0,0,0,0,5.5,5.5
500,router,58,L3_06_02,-1,43,43,5,0,0,0,0,0,0,0,0,0,5.5,5.5
500,shim,123,SHIM_06_03,-1,51,51,1,0,0,0,0,0,0,0,0,0,5.5,5.5
500,router,59,L3_06_03,-1,54,54,7,0,0,0,0,0,0,0,0,0,6.1,6.1
500,router,23,L2_07,-1,47,47,42,0,0,0,0,0,0,0,0,0,5.75,5.75
500,shim,124,SHIM_07_00,-1,49,49,1,0,0,0,0,0,0,0,0,0,5.5,5.5
500,router,60,L3_07_00,-1,22,22,9,0,0,0,0,0,0,0,0,0,6.7,6.7
500,shim,125,SHIM_07_01,-1,17,17,2,0,0,0,0,0,0,0,0,0,7,7
500,router,61,L3_07_01,-1,20,20,9,0,0,0,0,0,0,0,0,0,6.7,6.7
500,shim,126,SHIM_07_02,-1,28,28,0,0,0,0,0,0,0,0,0,0,4,4
500,router,62,L3_07_02,-1,30,30,3,0,0,0,0,0,0,0,0,0,4.9,4.9
500,shim,127,SHIM_07_03,-1,38,38,1,0,0,0,0,0,0,0,0,0,5.5,5.5
500,router,63,L3_07_03,-1,40,40,5,0,0,0,0,0,0,0,0,0,5.5,5.5
500,router,24,L2_08,-1,15,15,56,0,0,0,0,0,0,0,0,0,6.33,6.33
500,shim,128,SHIM_08_00,-1,36,36,1,0,0,0,0,0,0,0,0,0,5.5,5.5
500,router,64,L3_08_00,-1,51,51,7,0,0,0,0,0,0,0,0,0,6.1,6.1
500,shim,129,SHIM_08_01,-1,46,46,1,0,0,0,0,0,0,0,0,0,5.5,5.5
500,router,65,L3_08_01,-1,48,48,6,0,0,0,0,0,0,0,0,0,5.8,5.8
500,shim,130,SHIM_08_02,-1,14,14,2,0,0,0,0,0,0,0,0,0,7,7
500,router,66,L3_08_02,-1,17,17,8,0,0,0,0,0,0,0,0,0,6.4,6.4
500,shim,131,SHIM_08_03,-1,12,12,1,0,0,0,0,0,0,0,0,0,5.5,5.5
500,router,67,L3_08_03,-1,27,27,2,0,0,0,0,0,0,0,0,0,4.6,4.6
500,router,25,L2_09,-1,26,26,14,0,0,0,0,0,0,0,0,0,4.58,4.58
500,shim,132,SHIM_09_00,-1,23,23,2,0,0,0,0,0,0,0,0,0,7,7
500,router,68,L3_09_00,-1,37,37,4,0,0,0,0,0,0,0,0,0,5.2,5.2
500,shim,133,SHIM_09_01,-1,33,33,1,0,0,0,0,0,0,0,0,0,5.5,5.5
500,router,69,L3_09_01,-1,35,35,4,0,0,0,0,0,0,0,0,0,5.2,5.2
500,shim,134,SHIM_09_02,-1,43,43,1,0,0,0,0,0,0,0,0,0,5.5,5.5
500,router,70,L3_09_02,-1,46,46,6,0,0,0,0,0,0,0,0,0,5.8,5.8
500,shim,135,SHIM_09_03,-1,41,41,1,0,0,0,0,0,0,0,0,0,5.5,5.5
500,router,71,L3_09_03,-1,14,14,8,0,0,0,0,0,0,0,0,0,6.4,6.4
500,router,26,L2_10,-1,24,24,67,0,0,0,0,0,0,0,0,0,6.79,6.79
500,shim,136,SHIM_10_00,-1,51,51,1,0,0,0,0,0,0,0,0,0,5.5,5.5
500,router,72,L3_10_00,-1,24,24,9,0,0,0,0,0,0,0,0,0,6.7,6.7
500,shim,137,SHIM_10_01,-1,20,20,2,0,0,0,0,0,0,0,0,0,7,7
500,router,73,L3_10_01,-1,22,22,9,0,0,0,0,0,0,0,0,0,6.7,6.7
500,shim,138,SHIM_10_02,-1,30,30,1,0,0,0,0,0,0,0,0,0,5.5,5.5
500,router,74,L3_10_02,-1,32,32,3,0,0,0,0,0,0,0,0,0,4.9,4.9
500,shim,139,SHIM_10_03,-1,28,28,0,0,0,0,0,0,0,0,0,0,4,4
500,router,75,L3_10_03,-1,43,43,5,0,0,0,0,0,0,0,0,0,5.5,5.5
500,router,27,L2_11,-1,34,34,25,0,0,0,0,0,0,0,0,0,5.04,5.04
500,shim,140,SHIM_11_00,-1,38,38,1,0,0,0,0,0,0,0,0,0,5.5,5.5
500,router,76,L3_11_00,-1,53,53,7,0,0,0,0,0,0,0,0,0,6.1,6.1
500,shim,141,SHIM_11_01,-1,48,48,1,0,0,0,0,0,0,0,0,0,5.5,5.5
500,router,77,L3_11_01,-1,51,51,7,0,0,0,0,0,0,0,0,0,6.1,6.1
500,shim,142,SHIM_11_02,-1,17,17,2,0,0,0,0,0,0,0,0,0,7,7
500,router,78,L3_11_02,-1,19,19,8,0,0,0,0,0,0,0,0,0,6.4,6.4
500,shim,143,SHIM_11_03,-1,14,14,2,0,0,0,0,0,0,0,0,0,7,7
500,router,79,L3_11_03,-1,29,29,3,0,0,0,0,0,0,0,0,0,4.9,4.9
500,router,28,L2_12,-1,44,44,38,0,0,0,0,0,0,0,0,0,5.58,5.58
500,shim,144,SHIM_12_00,-1,25,25,2,0,0,0,0,0,0,0,0,0,7,7
500,router,80,L3_12_00,-1,40,40,4,0,0,0,0,0,0,0,0,0,5.2,5.2
500,shim,145,SHIM_12_01,-1,35,35,1,0,0,0,0,0,0,0,0,0,5.5,5.5
500,router,81,L3_12_01,-1,37,37,4,0,0,0,0,0,0,0,0,0,5.2,5.2
500,shim,146,SHIM_12_02,-1,45,45,1,0,0,0,0,0,0,0,0,0,5.5,5.5
500,router,82,L3_12_02,-1,48,48,6,0,0,0,0,0,0,0,0,0,5.8,5.8
500,shim,147,SHIM_12_03,-1,43,43,1,0,0,0,0,0,0,0,0,0,5.5,5.5
500,router,83,L3_12_03,-1,16,16,8,0,0,0,0,0,0,0,0,0,6.4,6.4
500,router,29,L2_13,-1,12,12,52,0,0,0,0,0,0,0,0,0,6.17,6.17
500,shim,148,SHIM_13_00,-1,53,53,1,0,0,0,0,0,0,0,0,0,5.5,5.5
500,router,84,L3_13_00,-1,26,26,2,0,0,0,0,0,0,0,0,0,4.6,4.6
500,shim,149,SHIM_13_01,-1,22,22,2,0,0,0,0,0,0,0,0,0,7,7
500,router,85,L3_13_01,-1,24,24,9,0,0,0,0,0,0,0,0,0,6.7,6.7
500,shim,150,SHIM_13_02,-1,32,32,1,0,0,0,0,0,0,0,0,0,5.5,5.5
500,router,86,L3_13_02,-1,34,34,4,0,0,0,0,0,0,0,0,0,5.2,5.2
500,shim,151,SHIM_13_03,-1,30,30,1,0,0,0,0,0,0,0,0,0,5.5,5.5
500,router,87,L3_13_03,-1,45,45,5,0,0,0,0,0,0,0,0,0,5.5,5.5
500,router,30,L2_14,-1,52,52,49,0,0,0,0,0,0,0,0,0,6.04,6.04
500,shim,152,SHIM_14_00,-1,40,40,1,0,0,0,0,0,0,0,0,0,5.5,5.5
500,router,88,L3_14_00,-1,13,13,7,0,0,0,0,0,0,0,0,0,6.1,6.1
500,shim,153,SHIM_14_01,-1,51,51,1,0,0,0,0,0,0,0,0,0,5.5,5.5
500,router,89,L3_14_01,-1,53,53,7,0,0,0,0,0,0,0,0,0,6.1,6.1
500,shim,154,SHIM_14_02,-1,19,19,2,0,0,0,0,0,0,0,0,0,7,7
500,router,90,L3_14_02,-1,21,21,9,0,0,0,0,0,0,0,0,0,6.7,6.7
500,shim,155,SHIM_14_03,-1,17,17,2,0,0,0,0,0,0,0,0,0,7,7
500,router,91,L3_14_03,-1,31,31,3,0,0,0,0,0,0,0,0,0,4.9,4.9
500,router,31,L2_15,-1,21,21,63,0,0,0,0,0,0,0,0,0,6.63,6.63
500,shim,156,SHIM_15_00,-1,27,27,0,0,0,0,0,0,0,0,0,0,4,4
500,router,92,L3_15_00,-1,29,29,3,0,0,0,0,0,0,0,0,0,4.9,4.9
500,shim,157,SHIM_15_01,-1,37,37,1,0,0,0,0,0,0,0,0,0,5.5,5.5
500,router,93,L3_15_01,-1,40,40,5,0,0,0,0,0,0,0,0,0,5.5,5.5
500,shim,158,SHIM_15_02,-1,48,48,1,0,0,0,0,0,0,0,0,0,5.5,5.5
500,router,94,L3_15_02,-1,50,50,6,0,0,0,0,0,0,0,0,0,5.8,5.8
500,shim,159,SHIM_15_03,-1,45,45,1,0,0,0,0,0,0,0,0,0,5.5,5.5
500,router,95,L3_15_03,-1,18,18,8,0,0,0,0,0,0,0,0,0,6.4,6.4
500,router,0,L1_00,-1,53,53,45,0,0,0,0,0,0,0,0,0,6.11,6.11
500,router,1,L1_01,-1,21,21,57,0,0,0,0,0,0,0,0,0,6.67,6.67
500,router,2,L1_02,-1,32,32,19,0,0,0,0,0,0,0,0,0,4.89,4.89
500,router,3,L1_03,-1,29,29,17,0,0,0,0,0,0,0,0,0,4.8,4.8
500,router,4,L1_04,-1,40,40,29,0,0,0,0,0,0,0,0,0,5.36,5.36
500,router,5,L1_05,-1,50,50,41,0,0,0,0,0,0,0,0,0,5.92,5.92
500,router,6,L1_06,-1,18,18,53,0,0,0,0,0,0,0,0,0,6.48,6.48
500,router,7,L1_07,-1,16,16,51,0,0,0,0,0,0,0,0,0,6.39,6.39
500,router,8,L1_08,-1,26,26,13,0,0,0,0,0,0,0,0,0,4.61,4.61
500,router,9,L1_09,-1,37,37,25,0,0,0,0,0,0,0,0,0,5.17,5.17
500,router,10,L1_10,-1,47,47,38,0,0,0,0,0,0,0,0,0,5.78,5.78
500,router,11,L1_11,-1,45,45,35,0,0,0,0,0,0,0,0,0,5.64,5.64
500,router,12,L1_12,-1,13,13,47,0,0,0,0,0,0,0,0,0,6.2,6.2
500,router,13,L1_13,-1,23,23,60,0,0,0,0,0,0,0,0,0,6.81,6.81
500,router,14,L1_14,-1,34,34,22,0,0,0,0,0,0,0,0,0,5.03,5.03
500,router,15,L1_15,-1,32,32,19,0,0,0,0,0,0,0,0,0,4.89,4.89
500,endpoint,320,LLCH_00,-1,16,16,0,0,0,0,0,0,0,0,0,0,4,4
500,endpoint,324,LLCH_01,-1,45,45,0,0,0,0,0,0,0,0,0,0,4,4
500,endpoint,328,LLCH_02,-1,32,32,0,0,0,0,0,0,0,0,0,0,4,4
500,endpoint,332,LLCH_03,-1,19,19,0,0,0,0,0,0,0,0,0,0,4,4
500,endpoint,336,LLCH_04,-1,47,47,0,0,0,0,0,0,0,0,0,0,4,4
500,endpoint,340,LLCH_05,-1,34,34,0,0,0,0,0,0,0,0,0,0,4,4
500,endpoint,344,LLCH_06,-1,21,21,0,0,0,0,0,0,0,0,0,0,4,4
500,endpoint,348,LLCH_07,-1,49,49,0,0,0,0,0,0,0,0,0,0,4,4
500,endpoint,352,LLCH_08,-1,36,36,0,0,0,0,0,0,0,0,0,0,4,4
500,endpoint,356,LLCH_09,-1,23,23,0,0,0,0,0,0,0,0,0,0,4,4
500,endpoint,360,LLCH_10,-1,52,52,0,0,0,0,0,0,0,0,0,0,4,4
500,endpoint,364,LLCH_11,-1,38,38,0,0,0,0,0,0,0,0,0,0,4,4
500,endpoint,368,LLCH_12,-1,25,25,0,0,0,0,0,0,0,0,0,0,4,4
500,endpoint,372,LLCH_13,-1,54,54,0,0,0,0,0,0,0,0,0,0,4,4
500,endpoint,376,LLCH_14,-1,41,41,0,0,0,0,0,0,0,0,0,0,4,4
500,endpoint,380,LLCH_15,-1,15,15,0,0,0,0,0,0,0,0,0,0,4,4
500,port,16,L2_00,0,129,129,5,38,38,0,0,1,129,872,129,1259,6.76,9.76
500,port,16,L2_00,1,167,167,6,45,45,0,0,0,167,1050,167,1551,6.29,9.29
500,port,16,L2_00,2,159,159,6,44,44,0,0,1,159,1081,159,1558,6.8,9.8
500,port,16,L2_00,3,196,196,7,52,52,0,0,2,196,1633,196,2221,8.33,11.33
500,port,16,L2_00,4,81,81,4,27,26,1,0,0,81,360,81,603,4.44,7.44
500,port,16,L2_00,5,119,119,5,35,35,0,0,1,119,709,119,1066,5.96,8.96
500,port,16,L2_00,6,111,111,5,34,34,0,0,1,111,719,111,1052,6.48,9.48
500,port,16,L2_00,7,148,148,6,41,41,0,0,0,148,889,148,1333,6.01,9.01
500,port,16,L2_00,8,185,185,7,49,49,0,0,1,185,1395,185,1950,7.54,10.54
500,port,32,L3_00_00,0,25,25,1,31,31,0,0,1,25,139,25,214,5.55,8.55
500,port,32,L3_00_00,1,23,23,1,29,29,0,0,1,23,93,23,162,4.06,7.06
500,port,32,L3_00_00,2,32,32,1,37,37,0,0,0,32,179,32,275,5.59,8.59
500,port,32,L3_00_00,3,41,41,2,45,45,0,0,1,41,292,41,415,7.12,10.12
500,port,32,L3_00_00,4,13,13,1,21,17,3,0,1,13,42,13,81,3.22,6.22
500,port,33,L3_00_01,0,17,17,1,25,22,2,0,1,17,91,17,142,5.38,8.38
500,port,33,L3_00_01,1,27,27,1,33,33,0,0,0,27,132,27,213,4.9,7.9
500,port,33,L3_00_01,2,25,25,1,31,31,0,0,1,25,136,25,211,5.42,8.42
500,port,33,L3_00_01,3,34,34,1,39,39,0,0,1,34,236,34,338,6.95,9.95
500,port,33,L3_00_01,4,43,43,2,47,47,0,0,0,43,278,43,407,6.47,9.47
500,port,34,L3_00_02,0,48,48,2,51,51,0,0,2,48,385,48,529,8.03,11.03
500,port,34,L3_00_02,1,19,19,1,26,24,2,0,0,19,79,19,136,4.14,7.14
500,port,34,L3_00_02,2,29,29,1,34,34,0,0,1,29,164,29,251,5.67,8.67
500,port,34,L3_00_02,3,27,27,1,33,33,0,0,1,27,167,27,248,6.18,9.18
500,port,34,L3_00_02,4,36,36,1,41,41,0,0,0,36,206,36,314,5.71,8.71
500,port,35,L3_00_03,0,41,41,2,45,45,0,0,0,41,240,41,363,5.86,8.86
500,port,35,L3_00_03,1,12,12,1,20,16,4,0,0,12,48,12,84,3.97,6.97
500,port,35,L3_00_03,2,21,21,1,28,27,0,0,1,21,116,21,179,5.5,8.5
500,port,35,L3_00_03,3,19,19,1,27,24,3,0,0,19,76,19,133,4.01,7.01
500,port,35,L3_00_03,4,29,29,1,34,34,0,0,1,29,161,29,248,5.54,8.54
500,port,17,L2_01,0,100,100,4,31,31,0,0,0,100,459,100,759,4.59,7.59
500,port,17,L2_01,1,137,137,5,39,39,0,0,1,137,837,137,1248,6.11,9.11
500,port,17,L2_01,2,175,175,6,47,47,0,0,1,175,1337,175,1862,7.64,10.64
500,port,17,L2_01,3,167,167,6,45,45,0,0,0,167,1029,167,1530,6.16,9.16
500,port,17,L2_01,4,52,52,3,21,17,4,0,0,52,222,52,378,4.27,7.27
500,port,17,L2_01,5,89,89,4,29,28,0,0,1,89,515,89,782,5.79,8.79
500,port,17,L2_01,6,127,127,5,37,37,0,0,0,127,676,127,1057,5.32,8.32
500,port,17,L2_01,7,119,119,5,35,35,0,0,1,119,695,119,1052,5.84,8.84
500,port,17,L2_01,8,156,156,6,43,43,0,0,1,156,1150,156,1618,7.37,10.37
500,port,36,L3_01_00,0,33,33,1,38,38,0,0,0,33,188,33,287,5.69,8.69
500,port,36,L3_01_00,1,43,43,2,46,46,0,0,1,43,310,43,439,7.22,10.22
500,port,36,L3_01_00,2,14,14,1,22,18,3,0,1,14,47,14,89,3.33,6.33
500,port,36,L3_01_00,3,23,23,1,30,29,1,0,0,23,112,23,181,4.86,7.86
500,port,36,L3_01_00,4,21,21,1,28,27,0,0,1,21,113,21,176,5.37,8.37
500,port,37,L3_01_01,0,37,37,1,42,42,0,0,1,37,242,37,353,6.54,9.54
500,port,37,L3_01_01,1,35,35,1,40,40,0,0,1,35,247,35,352,7.05,10.05
500,port,37,L3_01_01,2,45,45,2,48,48,0,0,0,45,296,45,431,6.58,9.58
500,port,37,L3_01_01,3,16,16,1,24,21,2,0,1,16,75,16,123,4.69,7.69
500,port,37,L3_01_01,4,25,25,1,32,31,0,0,1,25,155,25,230,6.21,9.21
500,port,38,L3_01_02,0,30,30,1,36,36,0,0,1,30,173,30,263,5.77,8.77
500,port,38,L3_01_02,1,28,28,1,34,34,0,0,1,28,176,28,260,6.29,9.29
500,port,38,L3_01_02,2,37,37,1,42,42,0,0,0,37,215,37,326,5.82,8.82
500,port,38,L3_01_02,3,47,47,2,50,50,0,0,1,47,345,47,486,7.34,10.34
500,port,38,L3_01_02,4,18,18,1,25,23,1,0,1,18,98,18,152,5.45,8.45
500,port,39,L3_01_03,0,23,23,1,29,29,0,0,1,23,129,23,198,5.6,8.6
500,port,39,L3_01_03,1,32,32,1,37,37,0,0,0,32,164,32,260,5.13,8.13
500,port,39,L3_01_03,2,30,30,1,36,36,0,0,1,30,170,30,260,5.65,8.65
500,port,39,L3_01_03,3,39,39,1,43,43,0,0,1,39,280,39,397,7.17,10.17
500,port,39,L3_01_03,4,49,49,2,51,51,0,0,0,49,328,49,475,6.7,9.7
500,port,18,L2_02,0,71,71,3,25,23,2,0,0,71,314,71,527,4.42,7.42
500,port,18,L2_02,1,108,108,5,33,33,0,0,1,108,642,108,966,5.94,8.94
500,port,18,L2_02,2,145,145,6,41,41,0,0,0,145,793,145,1228,5.47,8.47
500,port,18,L2_02,3,138,138,5,39,39,0,0,1,138,827,138,1241,5.99,8.99
500,port,18,L2_02,4,175,175,6,47,47,0,0,1,175,1316,175,1841,7.52,10.52
500,port,18,L2_02,5,60,60,3,23,20,3,0,0,60,217,60,397,3.62,6.62
500,port,18,L2_02,6,97,97,4,31,30,0,0,1,97,500,97,791,5.15,8.15
500,port,18,L2_02,7,89,89,4,29,28,0,0,1,89,505,89,772,5.67,8.67
500,port,18,L2_02,8,127,127,5,37,37,0,0,0,127,660,127,1041,5.2,8.2
500,port,40,L3_02_00,0,15,15,1,23,20,2,0,1,15,51,15,96,3.43,6.43
500,port,40,L3_02_00,1,25,25,1,31,31,0,0,0,25,124,25,199,4.96,7.96
500,port,40,L3_02_00,2,34,34,1,39,39,0,0,1,34,221,34,323,6.49,9.49
500,port,40,L3_02_00,3,32,32,1,37,37,0,0,1,32,160,32,256,5,8
500,port,40,L3_02_00,4,41,41,2,45,45,0,0,1,41,268,41,391,6.53,9.53
500,port,41,L3_02_01,0,46,46,2,49,49,0,0,0,46,307,46,445,6.68,9.68
500,port,41,L3_02_01,1,17,17,1,25,22,2,0,1,17,81,17,132,4.79,7.79
500,port,41,L3_02_01,2,27,27,1,33,33,0,0,1,27,171,27,252,6.32,9.32
500,port,41,L3_02_01,3,25,25,1,31,31,0,0,0,25,121,25,196,4.83,7.83
500,port,41,L3_02_01,4,34,34,1,39,39,0,0,1,34,216,34,318,6.36,9.36
500,port,42,L3_02_02,0,39,39,1,43,43,0,0,0,39,231,39,348,5.92,8.92
500,port,42,L3_02_02,1,48,48,2,51,51,0,0,1,48,358,48,502,7.45,10.45
500,port,42,L3_02_02,2,19,19,1,26,24,1,0,1,19,106,19,163,5.56,8.56
500,port,42,L3_02_02,3,29,29,1,34,34,0,0,0,29,147,29,234,5.08,8.08
500,port,42,L3_02_02,4,27,27,1,33,33,0,0,1,27,151,27,232,5.6,8.6
500,port,43,L3_02_03,0,43,43,2,46,46,0,0,1,43,291,43,420,6.76,9.76
500,port,43,L3_02_03,1,41,41,2,45,45,0,0,1,41,298,41,421,7.28,10.28
500,port,43,L3_02_03,2,50,50,2,52,52,0,0,0,50,341,50,491,6.81,9.81
500,port,43,L3_02_03,3,21,21,1,28,27,1,0,0,21,103,21,166,4.91,7.91
500,port,43,L3_02_03,4,31,31,1,36,36,0,0,1,31,200,31,293,6.44,9.44
500,port,19,L2_03,0,193,193,7,51,51,0,0,1,193,1365,193,1944,7.07,10.07
500,port,19,L2_03,1,79,79,4,27,25,1,0,1,79,409,79,646,5.18,8.18
500,port,19,L2_03,2,116,116,5,35,35,0,0,1,116,546,116,894,4.71,7.71
500,port,19,L2_03,3,153,153,6,43,43,0,0,1,153,955,153,1414,6.24,9.24
500,port,19,L2_03,4,145,145,6,41,41,0,0,1,145,979,145,1414,6.75,9.75
500,port,19,L2_03,5,183,183,7,49,49,0,0,0,183,1149,183,1698,6.28,9.28
500,port,19,L2_03,6,68,68,3,24,22,2,0,0,68,299,68,503,4.39,7.39
500,port,19,L2_03,7,105,105,4,32,32,0,0,1,105,622,105,937,5.92,8.92
500,port,19,L2_03,8,97,97,4,31,30,1,0,0,97,430,97,721,4.43,7.43
500,port,44,L3_03_00,0,35,35,1,40,40,0,0,1,35,231,35,336,6.59,9.59
500,port,44,L3_03_00,1,45,45,2,48,48,0,0,2,45,275,45,410,6.12,9.12
500,port,44,L3_03_00,2,43,43,2,46,46,0,0,1,43,286,43,415,6.64,9.64
500,port,44,L3_03_00,3,14,14,1,22,18,3,0,1,14,66,14,108,4.74,7.74
500,port,44,L3_03_00,4,23,23,1,30,29,1,0,0,23,98,23,167,4.27,7.27
500,port,45,L3_03_01,0,28,28,1,34,34,0,0,1,28,180,28,264,6.42,9.42
500,port,45,L3_03_01,1,37,37,1,42,42,0,0,0,37,220,37,331,5.95,8.95
500,port,45,L3_03_01,2,35,35,1,40,40,0,0,1,35,226,35,331,6.47,9.47
500,port,45,L3_03_01,3,45,45,2,48,48,0,0,2,45,360,45,495,7.99,10.99
500,port,45,L3_03_01,4,16,16,1,24,21,3,0,0,16,66,16,114,4.1,7.1
500,port,46,L3_03_02,0,21,21,1,27,26,0,0,1,21,119,21,182,5.66,8.66
500,port,46,L3_03_02,1,30,30,1,35,35,0,0,0,30,156,30,246,5.19,8.19
500,port,46,L3_03_02,2,39,39,1,43,43,0,0,1,39,262,39,379,6.72,9.72
500,port,46,L3_03_02,3,37,37,1,42,42,0,0,1,37,268,37,379,7.23,10.23
500,port,46,L3_03_02,4,47,47,2,50,50,0,0,0,47,318,47,459,6.76,9.76
500,port,47,L3_03_03,0,13,13,1,21,17,4,0,0,13,45,13,84,3.49,6.49
500,port,47,L3_03_03,1,23,23,1,29,29,0,0,0,23,115,23,184,5.02,8.02
500,port,47,L3_03_03,2,32,32,1,37,37,0,0,1,32,210,32,306,6.55,9.55
500,port,47,L3_03_03,3,41,41,2,45,45,0,0,0,41,249,41,372,6.07,9.07
500,port,47,L3_03_03,4,39,39,1,43,43,0,0,1,39,257,39,374,6.59,9.59
500,port,20,L2_04,0,57,57,3,22,19,3,0,0,57,257,57,428,4.5,7.5
500,port,20,L2_04,1,49,49,3,20,16,3,0,1,49,245,49,392,5.01,8.01
500,port,20,L2_04,2,87,87,4,28,27,1,0,0,87,395,87,656,4.54,7.54
500,port,20,L2_04,3,124,124,5,36,36,0,0,1,124,753,124,1125,6.07,9.07
500,port,20,L2_04,4,161,161,6,44,44,0,0,2,161,1224,161,1707,7.6,10.6
500,port,20,L2_04,5,153,153,6,43,43,0,0,0,153,935,153,1394,6.11,9.11
500,port,20,L2_04,6,191,191,7,50,50,0,0,1,191,1459,191,2032,7.64,10.64
500,port,20,L2_04,7,76,76,4,26,24,1,0,1,76,285,76,513,3.75,6.75
500,port,20,L2_04,8,113,113,5,34,34,0,0,0,113,597,113,936,5.28,8.28
500,port,48,L3_04_00,0,44,44,2,47,47,0,0,1,44,297,44,429,6.74,9.74
500,port,48,L3_04_00,1,15,15,1,23,20,2,0,1,15,73,15,118,4.85,7.85
500,port,48,L3_04_00,2,25,25,1,31,31,0,0,0,25,110,25,185,4.38,7.38
500,port,48,L3_04_00,3,34,34,1,39,39,0,0,1,34,201,34,303,5.9,8.9
500,port,48,L3_04_00,4,32,32,1,37,37,0,0,1,32,205,32,301,6.42,9.42
500,port,49,L3_04_01,0,48,48,2,51,51,0,0,1,48,364,48,508,7.58,10.58
500,port,49,L3_04_01,1,46,46,2,49,49,0,0,2,46,373,46,511,8.1,11.1
500,port,49,L3_04_01,2,17,17,1,25,22,3,0,0,17,72,17,123,4.21,7.21
500,port,49,L3_04_01,3,27,27,1,33,33,0,0,1,27,155,27,236,5.73,8.73
500,port,49,L3_04_01,4,36,36,1,40,40,0,0,2,36,189,36,297,5.26,8.26
500,port,50,L3_04_02,0,41,41,2,44,44,0,0,1,41,280,41,403,6.82,9.82
500,port,50,L3_04_02,1,50,50,2,52,52,0,0,2,50,418,50,568,8.35,11.35
500,port,50,L3_04_02,2,48,48,2,51,51,0,0,0,48,329,48,473,6.86,9.86
500,port,50,L3_04_02,3,19,19,1,26,24,1,0,1,19,94,19,151,4.97,7.97
500,port,50,L3_04_02,4,28,28,1,34,34,0,0,1,28,182,28,266,6.5,9.5
500,port,51,L3_04_03,0,33,33,1,38,38,0,0,1,33,219,33,318,6.65,9.65
500,port,51,L3_04_03,1,42,42,2,46,46,0,0,0,42,260,42,386,6.18,9.18
500,port,51,L3_04_03,2,41,41,2,44,44,0,0,1,41,274,41,397,6.69,9.69
500,port,51,L3_04_03,3,50,50,2,52,52,0,0,2,50,411,50,561,8.22,11.22
500,port,51,L3_04_03,4,21,21,1,28,27,1,0,0,21,91,21,154,4.33,7.33
500,port,21,L2_05,0,180,180,7,48,48,0,0,1,180,1395,180,1935,7.75,10.75
500,port,21,L2_05,1,65,65,3,24,21,3,0,0,65,251,65,446,3.86,6.86
500,port,21,L2_05,2,225,225,31,58,58,0,0,26,225,10384,225,11059,46.15,49.15
500,port,21,L2_05,3,95,95,4,30,30,0,0,1,95,561,95,846,5.9,8.9
500,port,21,L2_05,4,132,132,5,38,38,0,0,0,132,717,132,1113,5.43,8.43
500,port,21,L2_05,5,124,124,5,36,36,0,0,1,124,737,124,1109,5.94,8.94
500,port,21,L2_05,6,161,161,6,44,44,0,0,1,161,1203,161,1686,7.47,10.47
500,port,21,L2_05,7,198,198,7,52,52,0,0,0,198,1386,198,1980,7,10
500,port,21,L2_05,8,84,84,4,28,27,0,0,1,84,429,84,681,5.11,8.11
500,port,52,L3_05_00,0,26,26,1,32,32,0,0,0,26,116,26,194,4.48,7.48
500,port,52,L3_05_00,1,35,35,1,40,40,0,0,1,35,210,35,315,6.01,9.01
500,port,52,L3_05_00,2,44,44,2,48,48,0,0,1,44,332,44,464,7.54,10.54
500,port,52,L3_05_00,3,43,43,2,46,46,0,0,0,43,260,43,389,6.05,9.05
500,port,52,L3_05_00,4,14,14,1,22,18,4,0,0,14,58,14,100,4.16,7.16
500,port,53,L3_05_01,0,18,18,1,26,23,3,0,0,18,78,18,132,4.31,7.31
500,port,53,L3_05_01,1,28,28,1,34,34,0,0,1,28,164,28,248,5.84,8.84
500,port,53,L3_05_01,2,37,37,1,42,42,0,0,2,37,199,37,310,5.37,8.37
500,port,53,L3_05_01,3,46,46,2,49,49,0,0,1,46,317,46,455,6.89,9.89
500,port,53,L3_05_01,4,44,44,2,48,48,0,0,1,44,326,44,458,7.41,10.41
500,port,54,L3_05_02,0,22,22,1,29,28,1,0,0,22,100,22,166,4.56,7.56
500,port,54,L3_05_02,1,20,20,1,27,25,1,0,1,20,102,20,162,5.08,8.08
500,port,54,L3_05_02,2,30,30,1,35,35,0,0,1,30,198,30,288,6.6,9.6
500,port,54,L3_05_02,3,39,39,1,43,43,0,0,0,39,239,39,356,6.13,9.13
500,port,54,L3_05_02,4,37,37,1,42,42,0,0,1,37,246,37,357,6.65,9.65
500,port,55,L3_05_03,0,15,15,1,23,20,3,0,0,15,66,15,111,4.39,7.39
500,port,55,L3_05_03,1,13,13,1,21,17,3,0,1,13,64,13,103,4.91,7.91
500,port,55,L3_05_03,2,22,22,1,29,28,1,0,0,22,97,22,163,4.43,7.43
500,port,55,L3_05_03,3,32,32,1,37,37,0,0,1,32,191,32,287,5.96,8.96
500,port,55,L3_05_03,4,41,41,2,45,45,0,0,1,41,307,41,430,7.49,10.49
500,port,22,L2_06,0,150,150,6,42,42,0,0,1,150,1049,150,1499,6.99,9.99
500,port,22,L2_06,1,188,188,7,50,50,0,0,0,188,1224,188,1788,6.51,9.51
500,port,22,L2_06,2,180,180,7,48,48,0,0,1,180,1265,180,1805,7.03,10.03
500,port,22,L2_06,3,65,65,3,24,21,2,0,1,65,334,65,529,5.14,8.14
500,port,22,L2_06,4,102,102,4,32,32,0,0,0,102,475,102,781,4.66,7.66
500,port,22,L2_06,5,140,140,5,40,40,0,0,1,140,867,140,1287,6.19,9.19
500,port,22,L2_06,6,132,132,5,38,38,0,0,1,132,886,132,1282,6.71,9.71
500,port,22,L2_06,7,169,169,6,46,46,0,0,0,169,1055,169,1562,6.24,9.24
500,port,22,L2_06,8,54,54,3,22,18,4,0,0,54,234,54,396,4.34,7.34
500,port,56,L3_06_00,0,46,46,2,49,49,0,0,1,46,351,46,489,7.64,10.64
500,port,56,L3_06_00,1,17,17,1,24,22,2,0,0,17,64,17,115,3.75,6.75
500,port,56,L3_06_00,2,15,15,1,23,20,3,0,0,15,64,15,109,4.26,7.26
500,port,56,L3_06_00,3,24,24,1,31,30,0,0,1,24,139,24,211,5.79,8.79
500,port,56,L3_06_00,4,34,34,1,39,39,0,0,0,34,181,34,283,5.32,8.32
500,port,57,L3_06_01,0,38,38,1,43,43,0,0,1,38,261,38,375,6.88,9.88
500,port,57,L3_06_01,1,48,48,2,51,51,0,0,2,48,308,48,452,6.41,9.41
500,port,57,L3_06_01,2,19,19,1,26,24,2,0,0,19,86,19,143,4.51,7.51
500,port,57,L3_06_01,3,17,17,1,25,22,2,0,1,17,86,17,137,5.03,8.03
500,port,57,L3_06_01,4,26,26,1,32,32,0,0,0,26,119,26,197,4.56,7.56
500,port,58,L3_06_02,0,31,31,1,36,36,0,0,1,31,208,31,301,6.71,9.71
500,port,58,L3_06_02,1,40,40,2,44,44,0,0,0,40,250,40,370,6.24,9.24
500,port,58,L3_06_02,2,50,50,2,52,52,0,0,1,50,388,50,538,7.76,10.76
500,port,58,L3_06_02,3,48,48,2,51,51,0,0,2,48,397,48,541,8.28,11.28
500,port,58,L3_06_02,4,19,19,1,26,24,2,0,0,19,83,19,140,4.39,7.39
500,port,59,L3_06_03,0,24,24,1,30,30,0,0,0,24,109,24,181,4.54,7.54
500,port,59,L3_06_03,1,33,33,1,38,38,0,0,1,33,200,33,299,6.07,9.07
500,port,59,L3_06_03,2,42,42,2,46,46,0,0,2,42,319,42,445,7.59,10.59
500,port,59,L3_06_03,3,14,14,1,22,18,4,0,0,14,52,14,94,3.7,6.7
500,port,59,L3_06_03,4,50,50,2,52,52,0,0,1,50,382,50,532,7.64,10.64
500,port,23,L2_07,0,121,121,5,36,36,0,0,1,121,583,121,946,4.82,7.82
500,port,23,L2_07,1,158,158,6,44,44,0,0,1,158,1002,158,1476,6.34,9.34
500,port,23,L2_07,2,196,196,7,52,52,0,0,1,196,1543,196,2131,7.87,10.87
500,port,23,L2_07,3,188,188,7,50,50,0,0,0,188,1201,188,1765,6.39,9.39
500,port,23,L2_07,4,73,73,4,26,23,3,0,0,73,328,73,547,4.49,7.49
500,port,23,L2_07,5,110,110,5,33,33,0,0,1,110,662,110,992,6.02,9.02
500,port,23,L2_07,6,148,148,6,41,41,0,0,0,148,821,148,1265,5.55,8.55
500,port,23,L2_07,7,140,140,5,40,40,0,0,1,140,850,140,1270,6.07,9.07
500,port,23,L2_07,8,177,177,7,48,48,0,0,1,177,1343,177,1874,7.59,10.59
500,port,60,L3_07_00,0,28,28,1,34,34,0,0,1,28,151,28,235,5.38,8.38
500,port,60,L3_07_00,1,26,26,1,32,32,0,0,1,26,153,26,231,5.9,8.9
500,port,60,L3_07_00,2,35,35,1,40,40,0,0,0,35,190,35,295,5.42,8.42
500,port,60,L3_07_00,3,44,44,2,48,48,0,0,1,44,306,44,438,6.95,9.95
500,port,60,L3_07_00,4,16,16,1,23,21,1,0,1,16,81,16,129,5.06,8.06
500,port,61,L3_07_01,0,20,20,1,27,25,2,0,0,20,92,20,152,4.62,7.62
500,port,61,L3_07_01,1,18,18,1,26,23,2,0,1,18,92,18,146,5.13,8.13
500,port,61,L3_07_01,2,28,28,1,34,34,0,0,0,28,130,28,214,4.66,7.66
500,port,61,L3_07_01,3,37,37,1,41,41,0,0,1,37,229,37,340,6.19,9.19
500,port,61,L3_07_01,4,46,46,2,49,49,0,0,1,46,355,46,493,7.72,10.72
500,port,62,L3_07_02,0,13,13,1,21,17,4,0,0,13,58,13,97,4.45,7.45
500,port,62,L3_07_02,1,22,22,1,29,28,0,0,1,22,132,22,198,5.98,8.98
500,port,62,L3_07_02,2,20,20,1,27,25,2,0,0,20,90,20,150,4.49,7.49
500,port,62,L3_07_02,3,30,30,1,35,35,0,0,1,30,181,30,271,6.02,9.02
500,port,62,L3_07_02,4,39,39,1,43,43,0,0,2,39,216,39,333,5.55,8.55
500,port,63,L3_07_03,0,44,44,2,47,47,0,0,2,44,339,44,471,7.7,10.7
500,port,63,L3_07_03,1,15,15,1,23,20,3,0,0,15,57,15,102,3.81,6.81
500,port,63,L3_07_03,2,24,24,1,31,30,0,0,1,24,128,24,200,5.33,8.33
500,port,63,L3_07_03,3,22,22,1,29,28,0,0,1,22,129,22,195,5.85,8.85
500,port,63,L3_07_03,4,32,32,1,37,37,0,0,0,32,172,32,268,5.38,8.38
500,port,24,L2_08,0,92,92,4,30,29,1,0,0,92,427,92,703,4.64,7.64
500,port,24,L2_08,1,129,129,5,37,37,0,0,1,129,796,129,1183,6.17,9.17
500,port,24,L2_08,2,166,166,6,45,45,0,0,2,166,1278,166,1776,7.7,10.7
500,port,24,L2_08,3,51,51,3,21,17,4,0,0,51,194,51,347,3.81,6.81
500,port,24,L2_08,4,196,196,7,52,52,0,0,1,196,1517,196,2105,7.74,10.74
500,port,24,L2_08,5,81,81,4,27,26,0,0,1,81,312,81,555,3.85,6.85
500,port,24,L2_08,6,118,118,5,35,35,0,0,0,118,635,118,989,5.38,8.38
500,port,24,L2_08,7,155,155,6,43,43,0,0,1,155,1071,155,1536,6.91,9.91
500,port,24,L2_08,8,148,148,6,41,41,0,0,2,148,802,148,1246,5.42,8.42
500,port,64,L3_08_00,0,36,36,1,41,41,0,0,0,36,199,36,307,5.53,8.53
500,port,64,L3_08_00,1,46,46,2,49,49,0,0,1,46,325,46,463,7.06,10.06
500,port,64,L3_08_00,2,17,17,1,24,22,1,0,1,17,88,17,139,5.16,8.16
500,port,64,L3_08_00,3,15,15,1,23,20,3,0,0,15,55,15,100,3.68,6.68
500,port,64,L3_08_00,4,24,24,1,31,30,0,0,1,24,125,24,197,5.21,8.21
500,port,65,L3_08_01,0,29,29,1,35,35,0,0,0,29,138,29,225,4.77,7.77
500,port,65,L3_08_01,1,38,38,1,43,43,0,0,1,38,239,38,353,6.29,9.29
500,port,65,L3_08_01,2,48,48,2,50,50,0,0,1,48,375,48,519,7.82,10.82
500,port,65,L3_08_01,3,19,19,1,26,24,2,0,0,19,75,19,132,3.93,6.93
500,port,65,L3_08_01,4,17,17,1,24,22,2,0,0,17,76,17,127,4.45,7.45
500,port,66,L3_08_02,0,33,33,1,38,38,0,0,0,33,185,33,284,5.61,8.61
500,port,66,L3_08_02,1,31,31,1,36,36,0,0,1,31,190,31,283,6.12,9.12
500,port,66,L3_08_02,2,40,40,2,44,44,0,0,2,40,226,40,346,5.65,8.65
500,port,66,L3_08_02,3,50,50,2,52,52,0,0,1,50,359,50,509,7.18,10.18
500,port,66,L3_08_02,4,21,21,1,28,27,0,0,1,21,111,21,174,5.29,8.29
500,port,67,L3_08_03,0,26,26,1,32,32,0,0,1,26,141,26,219,5.44,8.44
500,port,67,L3_08_03,1,35,35,1,40,40,0,0,1,35,244,35,349,6.97,9.97
500,port,67,L3_08_03,2,33,33,1,38,38,0,0,0,33,181,33,280,5.48,8.48
500,port,67,L3_08_03,3,42,42,2,46,46,0,0,1,42,294,42,420,7.01,10.01
500,port,67,L3_08_03,4,14,14,1,22,18,3,0,1,14,72,14,114,5.12,8.12
500,port,25,L2_09,0,62,62,3,23,20,3,0,0,62,277,62,463,4.47,7.47
500,port,25,L2_09,1,100,100,4,31,31,0,0,1,100,600,100,900,6,9
500,port,25,L2_09,2,137,137,5,39,39,0,0,0,137,758,137,1169,5.53,8.53
500,port,25,L2_09,3,174,174,6,47,47,0,0,1,174,1228,174,1750,7.06,10.06
500,port,25,L2_09,4,166,166,6,45,45,0,0,2,166,1257,166,1755,7.57,10.57
500,port,25,L2_09,5,52,52,3,21,17,4,0,0,52,191,52,347,3.68,6.68
500,port,25,L2_09,6,89,89,4,29,28,0,0,1,89,464,89,731,5.21,8.21
500,port,25,L2_09,7,126,126,5,37,37,0,0,1,126,849,126,1227,6.74,9.74
500,port,25,L2_09,8,118,118,5,35,35,0,0,0,118,620,118,974,5.25,8.25
500,port,68,L3_09_00,0,18,18,1,25,23,1,0,1,18,95,18,149,5.27,8.27
500,port,68,L3_09_00,1,28,28,1,33,33,0,0,0,28,134,28,218,4.8,7.8
500,port,68,L3_09_00,2,26,26,1,32,32,0,0,1,26,138,26,216,5.31,8.31
500,port,68,L3_09_00,3,35,35,1,40,40,0,0,1,35,239,35,344,6.84,9.84
500,port,68,L3_09_00,4,44,44,2,48,48,0,0,0,44,280,44,412,6.37,9.37
500,port,69,L3_09_01,0,49,49,2,52,52,0,0,1,49,389,49,536,7.93,10.93
500,port,69,L3_09_01,1,20,20,1,27,25,2,0,0,20,81,20,141,4.03,7.03
500,port,69,L3_09_01,2,30,30,1,35,35,0,0,1,30,167,30,257,5.56,8.56
500,port,69,L3_09_01,3,28,28,1,33,33,0,0,1,28,170,28,254,6.08,9.08
500,port,69,L3_09_01,4,37,37,1,41,41,0,0,0,37,208,37,319,5.61,8.61
500,port,70,L3_09_02,0,42,42,2,45,45,0,0,2,42,242,42,368,5.76,8.76
500,port,70,L3_09_02,1,13,13,1,21,17,4,0,0,13,50,13,89,3.86,6.86
500,port,70,L3_09_02,2,22,22,1,29,28,0,0,1,22,119,22,185,5.39,8.39
500,port,70,L3_09_02,3,31,31,1,37,37,0,0,1,31,153,31,246,4.92,7.92
500,port,70,L3_09_02,4,30,30,1,35,35,0,0,0,30,163,30,253,5.44,8.44
500,port,71,L3_09_03,0,34,34,1,39,39,0,0,0,34,190,34,292,5.59,8.59
500,port,71,L3_09_03,1,44,44,2,47,47,0,0,1,44,313,44,445,7.11,10.11
500,port,71,L3_09_03,2,15,15,1,23,20,2,0,1,15,78,15,123,5.22,8.22
500,port,71,L3_09_03,3,24,24,1,31,30,1,0,0,24,114,24,186,4.75,7.75
500,port,71,L3_09_03,4,22,22,1,29,28,0,0,1,22,116,22,182,5.27,8.27
500,port,26,L2_10,0,78,78,4,27,25,2,0,0,78,369,78,603,4.73,7.73
500,port,26,L2_10,1,70,70,3,25,23,1,0,1,70,367,70,577,5.24,8.24
500,port,26,L2_10,2,108,108,5,33,33,0,0,0,108,515,108,839,4.77,7.77
500,port,26,L2_10,3,145,145,6,41,41,0,0,1,145,914,145,1349,6.3,9.3
500,port,26,L2_10,4,182,182,7,49,49,0,0,2,182,1423,182,1969,7.82,10.82
500,port,26,L2_10,5,174,174,6,47,47,0,0,0,174,1103,174,1625,6.34,9.34
500,port,26,L2_10,6,60,60,3,23,20,3,0,0,60,267,60,447,4.45,7.45
500,port,26,L2_10,7,97,97,4,31,30,0,0,1,97,580,97,871,5.98,8.98
500,port,26,L2_10,8,134,134,5,38,38,0,0,0,134,737,134,1139,5.5,8.5
500,port,72,L3_10_00,0,38,38,1,42,42,0,0,1,38,244,38,358,6.43,9.43
500,port,72,L3_10_00,1,36,36,1,41,41,0,0,1,36,250,36,358,6.94,9.94
500,port,72,L3_10_00,2,46,46,2,49,49,0,0,0,46,298,46,436,6.47,9.47
500,port,72,L3_10_00,3,17,17,1,24,22,2,0,0,17,78,17,129,4.58,7.58
500,port,72,L3_10_00,4,26,26,1,32,32,0,0,1,26,159,26,237,6.11,9.11
500,port,73,L3_10_01,0,31,31,1,36,36,0,0,1,31,176,31,269,5.67,8.67
500,port,73,L3_10_01,1,40,40,2,44,44,0,0,1,40,288,40,408,7.19,10.19
500,port,73,L3_10_01,2,38,38,1,42,42,0,0,0,38,217,38,331,5.71,8.71
500,port,73,L3_10_01,3,47,47,2,50,50,0,0,1,47,340,47,481,7.24,10.24
500,port,73,L3_10_01,4,19,19,1,26,24,1,0,1,19,102,19,159,5.35,8.35
500,port,74,L3_10_02,0,23,23,1,30,29,0,0,1,23,127,23,196,5.5,8.5
500,port,74,L3_10_02,1,33,33,1,38,38,0,0,1,33,166,33,265,5.02,8.02
500,port,74,L3_10_02,2,31,31,1,36,36,0,0,0,31,172,31,265,5.54,8.54
500,port,74,L3_10_02,3,40,40,2,44,44,0,0,1,40,283,40,403,7.07,10.07
500,port,74,L3_10_02,4,49,49,2,52,52,0,0,0,49,323,49,470,6.6,9.6
500,port,75,L3_10_03,0,16,16,1,24,21,2,0,1,16,85,16,133,5.33,8.33
500,port,75,L3_10_03,1,25,25,1,32,31,1,0,0,25,121,25,196,4.85,7.85
500,port,75,L3_10_03,2,35,35,1,40,40,0,0,1,35,223,35,328,6.38,9.38
500,port,75,L3_10_03,3,33,33,1,38,38,0,0,1,33,228,33,327,6.9,9.9
500,port,75,L3_10_03,4,42,42,2,46,46,0,0,0,42,270,42,396,6.43,9.43
500,port,27,L2_11,0,49,49,3,20,16,3,0,1,49,223,49,370,4.56,7.56
500,port,27,L2_11,1,86,86,4,28,27,1,0,0,86,351,86,609,4.08,7.08
500,port,27,L2_11,2,78,78,4,27,25,2,0,0,78,359,78,593,4.6,7.6
500,port,27,L2_11,3,115,115,5,35,35,0,0,1,115,705,115,1050,6.13,9.13
500,port,27,L2_11,4,153,153,6,42,42,0,0,0,153,864,153,1323,5.65,8.65
500,port,27,L2_11,5,190,190,7,50,50,0,0,1,190,1364,190,1934,7.18,10.18
500,port,27,L2_11,6,182,182,7,49,49,0,0,1,182,1401,182,1947,7.7,10.7
500,port,27,L2_11,7,67,67,3,24,22,2,0,0,67,255,67,456,3.81,6.81
500,port,27,L2_11,8,105,105,4,32,32,0,0,1,105,560,105,875,5.33,8.33
500,port,76,L3_11_00,0,47,47,2,50,50,0,0,0,47,309,47,450,6.58,9.58
500,port,76,L3_11_00,1,18,18,1,25,23,2,0,0,18,84,18,138,4.68,7.68
500,port,76,L3_11_00,2,27,27,1,33,33,0,0,1,27,168,27,249,6.21,9.21
500,port,76,L3_11_00,3,37,37,1,41,41,0,0,0,37,212,37,323,5.74,8.74
500,port,76,L3_11_00,4,35,35,1,40,40,0,0,1,35,219,35,324,6.26,9.26
500,port,77,L3_11_01,0,13,13,1,21,17,4,0,0,13,44,13,83,3.41,6.41
500,port,77,L3_11_01,1,49,49,2,51,51,0,0,1,49,360,49,507,7.34,10.34
500,port,77,L3_11_01,2,20,20,1,27,25,1,0,1,20,109,20,169,5.45,8.45
500,port,77,L3_11_01,3,29,29,1,35,35,0,0,0,29,144,29,231,4.98,7.98
500,port,77,L3_11_01,4,27,27,1,33,33,0,0,1,27,148,27,229,5.49,8.49
500,port,78,L3_11_02,0,43,43,2,47,47,0,0,1,43,286,43,415,6.66,9.66
500,port,78,L3_11_02,1,41,41,2,45,45,0,0,1,41,294,41,417,7.17,10.17
500,port,78,L3_11_02,2,13,13,1,21,17,3,0,1,13,43,13,82,3.28,6.28
500,port,78,L3_11_02,3,22,22,1,29,28,1,0,0,22,106,22,172,4.81,7.81
500,port,78,L3_11_02,4,31,31,1,37,37,0,0,1,31,197,31,290,6.34,9.34
500,port,79,L3_11_03,0,36,36,1,41,41,0,0,1,36,234,36,342,6.49,9.49
500,port,79,L3_11_03,1,45,45,2,49,49,0,0,2,45,360,45,495,8.01,11.01
500,port,79,L3_11_03,2,43,43,2,47,47,0,0,0,43,281,43,410,6.53,9.53
500,port,79,L3_11_03,3,15,15,1,23,20,2,0,1,15,70,15,115,4.64,7.64
500,port,79,L3_11_03,4,24,24,1,30,30,0,0,1,24,100,24,172,4.17,7.17
500,port,28,L2_12,0,171,171,6,46,46,0,0,2,171,1336,171,1849,7.81,10.81
500,port,28,L2_12,1,57,57,3,22,19,3,0,0,57,223,57,394,3.91,6.91
500,port,28,L2_12,2,49,49,3,20,16,4,0,0,49,217,49,364,4.43,7.43
500,port,28,L2_12,3,86,86,4,28,27,0,0,1,86,341,86,599,3.96,6.96
500,port,28,L2_12,4,123,123,5,36,36,0,0,0,123,674,123,1043,5.48,8.48
500,port,28,L2_12,5,161,161,6,44,44,0,0,1,161,1129,161,1612,7.01,10.01
500,port,28,L2_12,6,153,153,6,42,42,0,0,2,153,846,153,1305,5.53,8.53
500,port,28,L2_12,7,190,190,7,50,50,0,0,1,190,1341,190,1911,7.06,10.06
500,port,28,L2_12,8,75,75,4,26,24,1,0,1,75,387,75,612,5.16,8.16
500,port,80,L3_12_00,0,29,29,1,34,34,0,0,1,29,183,29,270,6.32,9.32
500,port,80,L3_12_00,1,38,38,1,42,42,0,0,0,38,222,38,336,5.84,8.84
500,port,80,L3_12_00,2,47,47,2,50,50,0,0,1,47,346,47,487,7.37,10.37
500,port,80,L3_12_00,3,45,45,2,49,49,0,0,2,45,355,45,490,7.89,10.89
500,port,80,L3_12_00,4,17,17,1,24,22,2,0,0,17,68,17,119,4,7
500,port,81,L3_12_01,0,21,21,1,28,27,0,0,1,21,117,21,180,5.55,8.55
500,port,81,L3_12_01,1,31,31,1,36,36,0,0,0,31,157,31,250,5.08,8.08
500,port,81,L3_12_01,2,40,40,2,44,44,0,0,1,40,264,40,384,6.61,9.61
500,port,81,L3_12_01,3,38,38,1,42,42,0,0,1,38,271,38,385,7.13,10.13
500,port,81,L3_12_01,4,47,47,2,50,50,0,0,0,47,313,47,454,6.65,9.65
500,port,82,L3_12_02,0,14,14,1,22,18,3,0,1,14,47,14,89,3.38,6.38
500,port,82,L3_12_02,1,23,23,1,30,29,1,0,0,23,113,23,182,4.91,7.91
500,port,82,L3_12_02,2,33,33,1,38,38,0,0,1,33,213,33,312,6.44,9.44
500,port,82,L3_12_02,3,42,42,2,46,46,0,0,0,42,251,42,377,5.97,8.97
500,port,82,L3_12_02,4,40,40,2,44,44,0,0,1,40,259,40,379,6.48,9.48
500,port,83,L3_12_03,0,18,18,1,25,23,2,0,0,18,76,18,130,4.23,7.23
500,port,83,L3_12_03,1,16,16,1,24,21,2,0,1,16,76,16,124,4.74,7.74
500,port,83,L3_12_03,2,25,25,1,32,31,0,0,1,25,157,25,232,6.27,9.27
500,port,83,L3_12_03,3,35,35,1,39,39,0,0,0,35,203,35,308,5.8,8.8
500,port,83,L3_12_03,4,44,44,2,47,47,0,0,1,44,323,44,455,7.33,10.33
500,port,29,L2_13,0,142,142,6,40,40,0,0,0,142,799,142,1225,5.63,8.63
500,port,29,L2_13,1,179,179,7,48,48,0,0,1,179,1282,179,1819,7.16,10.16
500,port,29,L2_13,2,65,65,3,24,21,2,0,1,65,343,65,538,5.27,8.27
500,port,29,L2_13,3,57,57,3,22,19,3,0,0,57,216,57,387,3.79,6.79
500,port,29,L2_13,4,94,94,4,30,30,0,0,1,94,499,94,781,5.31,8.31
500,port,29,L2_13,5,131,131,5,38,38,0,0,1,131,896,131,1289,6.84,9.84
500,port,29,L2_13,6,169,169,6,46,46,0,0,0,169,1077,169,1584,6.37,9.37
500,port,29,L2_13,7,161,161,6,44,44,0,0,1,161,1109,161,1592,6.89,9.89
500,port,29,L2_13,8,198,198,7,52,52,0,0,2,198,1665,198,2259,8.41,11.41
500,port,84,L3_13_00,0,49,49,2,51,51,0,0,1,49,367,49,514,7.48,10.48
500,port,84,L3_13_00,1,47,47,2,50,50,0,0,2,47,376,47,517,7.99,10.99
500,port,84,L3_13_00,2,18,18,1,25,23,2,0,0,18,74,18,128,4.1,7.1
500,port,84,L3_13_00,3,27,27,1,33,33,0,0,1,27,152,27,233,5.63,8.63
500,port,84,L3_13_00,4,37,37,1,41,41,0,0,1,37,265,37,376,7.16,10.16
500,port,85,L3_13_01,0,41,41,2,45,45,0,0,1,41,275,41,398,6.71,9.71
500,port,85,L3_13_01,1,13,13,1,21,17,3,0,1,13,63,13,102,4.82,7.82
500,port,85,L3_13_01,2,49,49,2,51,51,0,0,0,49,331,49,478,6.76,9.76
500,port,85,L3_13_01,3,20,20,1,27,25,1,0,1,20,97,20,157,4.87,7.87
500,port,85,L3_13_01,4,29,29,1,35,35,0,0,1,29,185,29,272,6.39,9.39
500,port,86,L3_13_02,0,34,34,1,39,39,0,0,1,34,222,34,324,6.54,9.54
500,port,86,L3_13_02,1,43,43,2,47,47,0,0,0,43,261,43,390,6.07,9.07
500,port,86,L3_13_02,2,15,15,1,22,19,3,0,0,15,63,15,108,4.18,7.18
500,port,86,L3_13_02,3,13,13,1,21,17,3,0,1,13,61,13,100,4.7,7.7
500,port,86,L3_13_02,4,22,22,1,29,28,1,0,0,22,93,22,159,4.22,7.22
500,port,87,L3_13_03,0,27,27,1,33,33,0,0,1,27,172,27,253,6.37,9.37
500,port,87,L3_13_03,1,36,36,1,41,41,0,0,0,36,212,36,320,5.9,8.9
500,port,87,L3_13_03,2,45,45,2,48,48,0,0,1,45,334,45,469,7.43,10.43
500,port,87,L3_13_03,3,43,43,2,47,47,0,0,2,43,256,43,385,5.95,8.95
500,port,87,L3_13_03,4,15,15,1,22,19,3,0,0,15,61,15,106,4.05,7.05
500,port,30,L2_14,0,113,113,5,34,34,0,0,0,113,550,113,889,4.87,7.87
500,port,30,L2_14,1,150,150,6,42,42,0,0,1,150,960,150,1410,6.4,9.4
500,port,30,L2_14,2,187,187,7,50,50,0,0,2,187,1483,187,2044,7.93,10.93
500,port,30,L2_14,3,72,72,4,25,23,2,0,0,72,291,72,507,4.04,7.04
500,port,30,L2_14,4,65,65,3,24,21,3,0,0,65,296,65,491,4.55,7.55
500,port,30,L2_14,5,102,102,4,32,32,0,0,1,102,620,102,926,6.08,9.08
500,port,30,L2_14,6,139,139,5,40,40,0,0,0,139,780,139,1197,5.61,8.61
500,port,30,L2_14,7,176,176,7,47,47,0,0,1,176,1257,176,1785,7.14,10.14
500,port,30,L2_14,8,169,169,6,46,46,0,0,2,169,1293,169,1800,7.65,10.65
500,port,88,L3_14_00,0,19,19,1,26,24,2,0,0,19,80,19,137,4.2,7.2
500,port,88,L3_14_00,1,29,29,1,34,34,0,0,1,29,166,29,253,5.73,8.73
500,port,88,L3_14_00,2,38,38,1,42,42,0,0,1,38,276,38,390,7.26,10.26
500,port,88,L3_14_00,3,47,47,2,50,50,0,0,0,47,319,47,460,6.79,9.79
500,port,88,L3_14_00,4,45,45,2,48,48,0,0,1,45,329,45,464,7.3,10.3
500,port,89,L3_14_01,0,23,23,1,30,29,1,0,0,23,102,23,171,4.45,7.45
500,port,89,L3_14_01,1,21,21,1,28,27,0,0,1,21,104,21,167,4.97,7.97
500,port,89,L3_14_01,2,31,31,1,36,36,0,0,1,31,202,31,295,6.5,9.5
500,port,89,L3_14_01,3,40,40,2,44,44,0,0,0,40,241,40,361,6.03,9.03
500,port,89,L3_14_01,4,49,49,2,52,52,0,0,1,49,370,49,517,7.55,10.55
500,port,90,L3_14_02,0,16,16,1,23,21,2,0,0,16,68,16,116,4.28,7.28
500,port,90,L3_14_02,1,25,25,1,31,31,0,0,1,25,145,25,220,5.81,8.81
500,port,90,L3_14_02,2,23,23,1,30,29,1,0,0,23,100,23,169,4.33,7.33
500,port,90,L3_14_02,3,33,33,1,38,38,0,0,1,33,193,33,292,5.86,8.86
500,port,90,L3_14_02,4,42,42,2,46,46,0,0,1,42,310,42,436,7.38,10.38
500,port,91,L3_14_03,0,47,47,2,50,50,0,0,1,47,354,47,495,7.53,10.53
500,port,91,L3_14_03,1,18,18,1,25,23,1,0,1,18,66,18,120,3.64,6.64
500,port,91,L3_14_03,2,16,16,1,24,21,3,0,0,16,67,16,115,4.16,7.16
500,port,91,L3_14_03,3,25,25,1,31,31,0,0,1,25,142,25,217,5.69,8.69
500,port,91,L3_14_03,4,35,35,1,39,39,0,0,2,35,182,35,287,5.21,8.21
500,port,31,L2_15,0,128,128,5,37,37,0,0,1,128,732,128,1116,5.72,8.72
500,port,31,L2_15,1,121,121,5,36,36,0,0,1,121,754,121,1117,6.23,9.23
500,port,31,L2_15,2,158,158,6,44,44,0,0,0,158,910,158,1384,5.76,8.76
500,port,31,L2_15,3,195,195,7,51,51,0,0,1,195,1422,195,2007,7.29,10.29
500,port,31,L2_15,4,187,187,7,50,50,0,0,1,187,1459,187,2020,7.8,10.8
500,port,31,L2_15,5,73,73,4,25,23,2,0,0,73,285,73,504,3.91,6.91
500,port,31,L2_15,6,110,110,5,33,33,0,0,1,110,598,110,928,5.44,8.44
500,port,31,L2_15,7,147,147,6,41,41,0,0,1,147,1025,147,1466,6.97,9.97
500,port,31,L2_15,8,139,139,5,40,40,0,0,0,139,762,139,1179,5.48,8.48
500,port,92,L3_15_00,0,39,39,1,43,43,0,0,1,39,264,39,381,6.77,9.77
500,port,92,L3_15_00,1,49,49,2,51,51,0,0,2,49,407,49,554,8.3,11.3
500,port,92,L3_15_00,2,20,20,1,27,25,2,0,0,20,88,20,148,4.41,7.41
500,port,92,L3_15_00,3,18,18,1,25,23,1,0,1,18,89,18,143,4.92,7.92
500,port,92,L3_15_00,4,27,27,1,33,33,0,0,1,27,120,27,201,4.45,7.45
500,port,93,L3_15_01,0,32,32,1,37,37,0,0,1,32,211,32,307,6.6,9.6
500,port,93,L3_15_01,1,41,41,2,45,45,0,0,0,41,251,41,374,6.13,9.13
500,port,93,L3_15_01,2,12,12,1,21,16,5,0,0,12,51,12,87,4.24,7.24
500,port,93,L3_15_01,3,22,22,1,29,28,0,0,1,22,127,22,193,5.77,8.77
500,port,93,L3_15_01,4,20,20,1,27,25,2,0,0,20,86,20,146,4.28,7.28
500,port,94,L3_15_02,0,25,25,1,31,31,0,0,0,25,111,25,186,4.43,7.43
500,port,94,L3_15_02,1,34,34,1,39,39,0,0,1,34,203,34,305,5.96,8.96
500,port,94,L3_15_02,2,43,43,2,47,47,0,0,1,43,322,43,451,7.49,10.49
500,port,94,L3_15_02,3,14,14,1,22,18,4,0,0,14,50,14,92,3.6,6.6
500,port,94,L3_15_02,4,13,13,1,21,17,4,0,0,13,53,13,92,4.11,7.11
500,port,95,L3_15_03,0,28,28,1,34,34,0,0,0,28,148,28,232,5.27,8.27
500,port,95,L3_15_03,1,27,27,1,33,33,0,0,1,27,156,27,237,5.79,8.79
500,port,95,L3_15_03,2,36,36,1,40,40,0,0,2,36,192,36,300,5.32,8.32
500,port,95,L3_15_03,3,45,45,2,48,48,0,0,1,45,308,45,443,6.85,9.85
500,port,95,L3_15_03,4,16,16,1,24,21,2,0,1,16,79,16,127,4.95,7.95
500,port,0,L1_00,0,160,160,6,44,44,0,0,0,160,955,160,1435,5.97,8.97
500,port,0,L1_00,1,197,197,7,52,52,0,0,1,197,1478,197,2069,7.5,10.5
500,port,0,L1_00,2,82,82,4,27,26,0,0,1,82,459,82,705,5.6,8.6
500,port,0,L1_00,3,75,75,4,26,24,2,0,0,75,309,75,534,4.12,7.12
500,port,0,L1_00,4,280,280,33,69,69,0,0,31,280,13280,280,14120,47.43,50.43
500,port,0,L1_00,5,149,149,6,42,42,0,0,1,149,1070,149,1517,7.18,10.18
500,port,0,L1_00,6,186,186,7,50,50,0,0,0,186,1246,186,1804,6.7,9.7
500,port,0,L1_00,7,179,179,7,48,48,0,0,1,179,1292,179,1829,7.22,10.22
500,port,1,L1_01,0,131,131,5,38,38,0,0,1,131,760,131,1153,5.8,8.8
500,port,1,L1_01,1,168,168,6,46,46,0,0,1,168,1231,168,1735,7.33,10.33
500,port,1,L1_01,2,53,53,3,21,17,4,0,0,53,182,53,341,3.43,6.43
500,port,1,L1_01,3,90,90,4,29,28,1,0,0,90,446,90,716,4.96,7.96
500,port,1,L1_01,4,83,83,4,28,26,1,0,1,83,455,83,704,5.48,8.48
500,port,1,L1_01,5,120,120,5,35,35,0,0,0,120,601,120,961,5.01,8.01
500,port,1,L1_01,6,157,157,6,43,43,0,0,1,157,1025,157,1496,6.53,9.53
500,port,1,L1_01,7,194,194,7,51,51,0,0,2,194,1564,194,2146,8.06,11.06
500,port,2,L1_02,0,101,101,4,32,32,0,0,1,101,569,101,872,5.63,8.63
500,port,2,L1_02,1,138,138,5,39,39,0,0,1,138,712,138,1126,5.16,8.16
500,port,2,L1_02,2,176,176,6,47,47,0,0,1,176,1176,176,1704,6.68,9.68
500,port,2,L1_02,3,61,61,3,23,20,2,0,1,61,292,61,475,4.79,7.79
500,port,2,L1_02,4,53,53,3,21,17,3,0,1,53,175,53,334,3.31,6.31
500,port,2,L1_02,5,90,90,4,29,28,1,0,0,90,436,90,706,4.84,7.84
500,port,2,L1_02,6,128,128,5,37,37,0,0,1,128,814,128,1198,6.36,9.36
500,port,2,L1_02,7,165,165,6,45,45,0,0,0,165,972,165,1467,5.89,8.89
500,port,3,L1_03,0,117,117,5,35,35,0,0,1,117,688,117,1039,5.88,8.88
500,port,3,L1_03,1,109,109,5,33,33,0,0,1,109,697,109,1024,6.39,9.39
500,port,3,L1_03,2,146,146,6,41,41,0,0,0,146,864,146,1302,5.92,8.92
500,port,3,L1_03,3,184,184,7,49,49,0,0,1,184,1371,184,1923,7.45,10.45
500,port,3,L1_03,4,69,69,3,25,22,2,0,1,69,246,69,453,3.56,6.56
500,port,3,L1_03,5,61,61,3,23,20,3,0,0,61,248,61,431,4.07,7.07
500,port,3,L1_03,6,98,98,4,31,31,0,0,1,98,549,98,843,5.6,8.6
500,port,3,L1_03,7,136,136,5,39,39,0,0,2,136,698,136,1106,5.13,8.13
500,port,4,L1_04,0,88,88,4,29,28,0,0,1,88,502,88,766,5.71,8.71
500,port,4,L1_04,1,125,125,5,37,37,0,0,0,125,655,125,1030,5.24,8.24
500,port,4,L1_04,2,117,117,5,35,35,0,0,1,117,673,117,1024,5.75,8.75
500,port,4,L1_04,3,154,154,6,43,43,0,0,1,154,1121,154,1583,7.28,10.28
500,port,4,L1_04,4,191,191,7,51,51,0,0,0,191,1301,191,1874,6.81,9.81
500,port,4,L1_04,5,77,77,4,26,24,1,0,1,77,379,77,610,4.92,7.92
500,port,4,L1_04,6,69,69,3,25,22,2,0,1,69,375,69,582,5.43,8.43
500,port,4,L1_04,7,106,106,4,33,33,0,0,0,106,526,106,844,4.96,7.96
500,port,5,L1_05,0,226,226,31,58,58,0,0,26,226,10242,226,10920,45.32,48.32
500,port,5,L1_05,1,95,95,4,30,30,0,0,0,95,482,95,767,5.07,8.07
500,port,5,L1_05,2,88,88,4,29,28,0,0,1,88,491,88,755,5.58,8.58
500,port,5,L1_05,3,125,125,5,37,37,0,0,0,125,639,125,1014,5.11,8.11
500,port,5,L1_05,4,162,162,6,44,44,0,0,1,162,1076,162,1562,6.64,9.64
500,port,5,L1_05,5,199,199,7,52,52,0,0,2,199,1626,199,2223,8.17,11.17
500,port,5,L1_05,6,192,192,7,51,51,0,0,0,192,1283,192,1859,6.68,9.68
500,port,5,L1_05,7,77,77,4,26,24,2,0,0,77,369,77,600,4.79,7.79
500,port,6,L1_06,0,181,181,7,48,48,0,0,1,181,1229,181,1772,6.79,9.79
500,port,6,L1_06,1,66,66,3,24,21,2,0,1,66,323,66,521,4.9,7.9
500,port,6,L1_06,2,103,103,4,32,32,0,0,1,103,455,103,764,4.42,7.42
500,port,6,L1_06,3,96,96,4,30,30,0,0,0,96,474,96,762,4.94,7.94
500,port,6,L1_06,4,133,133,5,38,38,0,0,1,133,861,133,1260,6.47,9.47
500,port,6,L1_06,5,170,170,6,46,46,0,0,0,170,1020,170,1530,6,9
500,port,6,L1_06,6,55,55,3,22,18,4,0,0,55,225,55,391,4.1,7.1
500,port,6,L1_06,7,200,200,7,52,52,0,0,1,200,1608,200,2208,8.04,11.04
500,port,7,L1_07,0,152,152,6,42,42,0,0,0,152,917,152,1373,6.03,9.03
500,port,7,L1_07,1,189,189,7,50,50,0,0,1,189,1427,189,1994,7.55,10.55
500,port,7,L1_07,2,74,74,4,26,24,1,0,1,74,419,74,641,5.66,8.66
500,port,7,L1_07,3,111,111,5,34,34,0,0,0,111,576,111,909,5.19,8.19
500,port,7,L1_07,4,103,103,4,32,32,0,0,1,103,588,103,897,5.71,8.71
500,port,7,L1_07,5,141,141,5,40,40,0,0,2,141,737,141,1160,5.23,8.23
500,port,7,L1_07,6,178,178,7,48,48,0,0,1,178,1203,178,1737,6.76,9.76
500,port,7,L1_07,7,63,63,3,23,20,2,0,1,63,307,63,496,4.87,7.87
500,port,8,L1_08,0,167,167,6,46,46,0,0,1,167,1147,167,1648,6.87,9.87
500,port,8,L1_08,1,159,159,6,44,44,0,0,1,159,1173,159,1650,7.38,10.38
500,port,8,L1_08,2,197,197,7,52,52,0,0,0,197,1361,197,1952,6.91,9.91
500,port,8,L1_08,3,82,82,4,27,26,0,0,1,82,412,82,658,5.02,8.02
500,port,8,L1_08,4,74,74,4,26,24,1,0,1,74,410,74,632,5.54,8.54
500,port,8,L1_08,5,111,111,5,34,34,0,0,0,111,562,111,895,5.06,8.06
500,port,8,L1_08,6,149,149,6,42,42,0,0,1,149,982,149,1429,6.59,9.59
500,port,8,L1_08,7,186,186,7,49,49,0,0,2,186,1510,186,2068,8.12,11.12
500,port,9,L1_09,0,138,138,5,39,39,0,0,1,138,925,138,1339,6.7,9.7
500,port,9,L1_09,1,130,130,5,38,38,0,0,0,130,677,130,1067,5.21,8.21
500,port,9,L1_09,2,167,167,6,46,46,0,0,1,167,1126,167,1627,6.74,9.74
500,port,9,L1_09,3,53,53,3,21,17,3,0,1,53,257,53,416,4.85,7.85
500,port,9,L1_09,4,90,90,4,29,28,1,0,0,90,394,90,664,4.38,7.38
500,port,9,L1_09,5,82,82,4,27,26,1,0,0,82,401,82,647,4.89,7.89
500,port,9,L1_09,6,119,119,5,35,35,0,0,1,119,764,119,1121,6.42,9.42
500,port,9,L1_09,7,157,157,6,43,43,0,0,0,157,934,157,1405,5.95,8.95
500,port,10,L1_10,0,108,108,5,33,33,0,0,1,108,489,108,813,4.53,7.53
500,port,10,L1_10,1,146,146,6,41,41,0,0,1,146,885,146,1323,6.06,9.06
500,port,10,L1_10,2,138,138,5,39,39,0,0,1,138,907,138,1321,6.57,9.57
500,port,10,L1_10,3,175,175,6,47,47,0,0,0,175,1068,175,1593,6.1,9.1
500,port,10,L1_10,4,60,60,3,23,20,3,0,0,60,253,60,433,4.21,7.21
500,port,10,L1_10,5,98,98,4,31,31,0,0,1,98,563,98,857,5.74,8.74
500,port,10,L1_10,6,90,90,4,29,28,1,0,0,90,383,90,653,4.25,7.25
500,port,10,L1_10,7,127,127,5,37,37,0,0,1,127,734,127,1115,5.78,8.78
500,port,11,L1_11,0,79,79,4,27,25,1,0,1,79,456,79,693,5.77,8.77
500,port,11,L1_11,1,116,116,5,35,35,0,0,0,116,614,116,962,5.29,8.29
500,port,11,L1_11,2,154,154,6,43,43,0,0,1,154,1050,154,1512,6.82,9.82
500,port,11,L1_11,3,146,146,6,41,41,0,0,2,146,780,146,1218,5.34,8.34
500,port,11,L1_11,4,183,183,7,49,49,0,0,1,183,1257,183,1806,6.87,9.87
500,port,11,L1_11,5,68,68,3,25,22,2,0,1,68,338,68,542,4.97,7.97
500,port,11,L1_11,6,106,106,4,32,32,0,0,1,106,477,106,795,4.5,7.5
500,port,11,L1_11,7,98,98,4,31,31,0,0,0,98,492,98,786,5.02,8.02
500,port,12,L1_12,0,50,50,3,21,17,4,0,0,50,180,50,330,3.6,6.6
500,port,12,L1_12,1,87,87,4,29,28,0,0,1,87,445,87,706,5.12,8.12
500,port,12,L1_12,2,124,124,5,36,36,0,0,1,124,825,124,1197,6.65,9.65
500,port,12,L1_12,3,117,117,5,35,35,0,0,0,117,605,117,956,5.17,8.17
500,port,12,L1_12,4,154,154,6,43,43,0,0,1,154,1032,154,1494,6.7,9.7
500,port,12,L1_12,5,191,191,7,51,51,0,0,2,191,1570,191,2143,8.22,11.22
500,port,12,L1_12,6,76,76,4,26,24,2,0,0,76,329,76,557,4.33,7.33
500,port,12,L1_12,7,69,69,3,25,22,2,0,1,69,335,69,542,4.85,7.85
500,port,13,L1_13,0,172,172,6,47,47,0,0,1,172,1178,172,1694,6.85,9.85
500,port,13,L1_13,1,58,58,3,22,19,2,0,1,58,287,58,461,4.95,7.95
500,port,13,L1_13,2,95,95,4,30,30,0,0,0,95,426,95,711,4.48,7.48
500,port,13,L1_13,3,132,132,5,38,38,0,0,1,132,793,132,1189,6.01,9.01
500,port,13,L1_13,4,124,124,5,36,36,0,0,1,124,810,124,1182,6.53,9.53
500,port,13,L1_13,5,162,162,6,44,44,0,0,0,162,980,162,1466,6.05,9.05
500,port,13,L1_13,6,199,199,7,52,52,0,0,1,199,1508,199,2105,7.58,10.58
500,port,13,L1_13,7,84,84,4,28,27,0,0,1,84,478,84,730,5.69,8.69
500,port,14,L1_14,0,188,188,7,50,50,0,0,1,188,1446,188,2010,7.69,10.69
500,port,14,L1_14,1,180,180,7,48,48,0,0,0,180,1116,180,1656,6.2,9.2
500,port,14,L1_14,2,66,66,3,24,21,3,0,0,66,284,66,482,4.31,7.31
500,port,14,L1_14,3,103,103,4,32,32,0,0,1,103,602,103,911,5.84,8.84
500,port,14,L1_14,4,140,140,5,40,40,0,0,0,140,752,140,1172,5.37,8.37
500,port,14,L1_14,5,132,132,5,38,38,0,0,1,132,776,132,1172,5.88,8.88
500,port,14,L1_14,6,170,170,6,46,46,0,0,1,170,1260,170,1770,7.41,10.41
500,port,14,L1_14,7,55,55,3,22,18,4,0,0,55,194,55,359,3.52,6.52
500,port,15,L1_15,0,159,159,6,44,44,0,0,1,159,1102,159,1579,6.93,9.93
500,port,15,L1_15,1,151,151,6,42,42,0,0,2,151,821,151,1274,5.44,8.44
500,port,15,L1_15,2,188,188,7,50,50,0,0,1,188,1310,188,1874,6.97,9.97
500,port,15,L1_15,3,74,74,4,26,24,1,0,1,74,376,74,598,5.08,8.08
500,port,15,L1_15,4,111,111,5,34,34,0,0,1,111,512,111,845,4.61,7.61
500,port,15,L1_15,5,103,103,4,32,32,0,0,0,103,527,103,836,5.12,8.12
500,port,15,L1_15,6,140,140,5,40,40,0,0,1,140,931,140,1351,6.65,9.65
500,port,15,L1_15,7,178,178,7,48,48,0,0,0,178,1100,178,1634,6.18,9.18
