cycle,kind,id,name,port,arrivals,departures,occupancy,request_cycles,grant_cycles,allocator_loss_cycles,contention_cycles,credit_stall_cycles,queue_wait_samples,queue_wait_cycles,residence_samples,residence_cycles,avg_queue_wait,avg_residence
0,router,0,L1_00,-1,0,0,0,0,0,0,0,0,0,0,0,0,0,0
0,router,16,L2_00,-1,0,0,0,0,0,0,0,0,0,0,0,0,0,0
0,shim,96,SHIM_00_00,-1,0,0,0,0,0,0,0,0,0,0,0,0,0,0
0,router,32,L3_00_00,-1,0,0,0,0,0,0,0,0,0,0,0,0,0,0
0,shim,97,SHIM_00_01,-1,0,0,0,0,0,0,0,0,0,0,0,0,0,0
0,router,33,L3_00_01,-1,0,0,0,0,0,0,0,0,0,0,0,0,0,0
0,shim,98,SHIM_00_02,-1,0,0,0,0,0,0,0,0,0,0,0,0,0,0
0,router,34,L3_00_02,-1,0,0,0,0,0,0,0,0,0,0,0,0,0,0
0,shim,99,SHIM_00_03,-1,0,0,0,0,0,0,0,0,0,0,0,0,0,0
0,router,35,L3_00_03,-1,0,0,0,0,0,0,0,0,0,0,0,0,0,0
0,router,1,L1_01,-1,0,0,0,0,0,0,0,0,0,0,0,0,0,0
0,router,17,L2_01,-1,0,0,0,0,0,0,0,0,0,0,0,0,0,0
0,shim,100,SHIM_01_00,-1,0,0,0,0,0,0,0,0,0,0,0,0,0,0
0,router,36,L3_01_00,-1,0,0,0,0,0,0,0,0,0,0,0,0,0,0
0,shim,101,SHIM_01_01,-1,0,0,0,0,0,0,0,0,0,0,0,0,0,0
0,router,37,L3_01_01,-1,0,0,0,0,0,0,0,0,0,0,0,0,0,0
0,shim,102,SHIM_01_02,-1,0,0,0,0,0,0,0,0,0,0,0,0,0,0
0,router,38,L3_01_02,-1,0,0,0,0,0,0,0,0,0,0,0,0,0,0
0,shim,103,SHIM_01_03,-1,0,0,0,0,0,0,0,0,0,0,0,0,0,0
0,router,39,L3_01_03,-1,0,0,0,0,0,0,0,0,0,0,0,0,0,0
0,router,2,L1_02,-1,0,0,0,0,0,0,0,0,0,0,0,0,0,0
0,router,18,L2_02,-1,0,0,0,0,0,0,0,0,0,0,0,0,0,0
0,shim,104,SHIM_02_00,-1,0,0,0,0,0,0,0,0,0,0,0,0,0,0
0,router,40,L3_02_00,-1,0,0,0,0,0,0,0,0,0,0,0,0,0,0
0,shim,105,SHIM_02_01,-1,0,0,0,0,0,0,0,0,0,0,0,0,0,0
0,router,41,L3_02_01,-1,0,0,0,0,0,0,0,0,0,0,0,0,0,0
0,shim,106,SHIM_02_02,-1,0,0,0,0,0,0,0,0,0,0,0,0,0,0
0,router,42,L3_02_02,-1,0,0,0,0,0,0,0,0,0,0,0,0,0,0
0,shim,107,SHIM_02_03,-1,0,0,0,0,0,0,0,0,0,0,0,0,0,0
0,router,43,L3_02_03,-1,0,0,0,0,0,0,0,0,0,0,0,0,0,0
0,router,3,L1_03,-1,0,0,0,0,0,0,0,0,0,0,0,0,0,0
0,router,19,L2_03,-1,0,0,0,0,0,0,0,0,0,0,0,0,0,0
0,shim,108,SHIM_03_00,-1,0,0,0,0,0,0,0,0,0,0,0,0,0,0
0,router,44,L3_03_00,-1,0,0,0,0,0,0,0,0,0,0,0,0,0,0
0,shim,109,SHIM_03_01,-1,0,0,0,0,0,0,0,0,0,0,0,0,0,0
0,router,45,L3_03_01,-1,0,0,0,0,0,0,0,0,0,0,0,0,0,0
0,shim,110,SHIM_03_02,-1,0,0,0,0,0,0,0,0,0,0,0,0,0,0
0,router,46,L3_03_02,-1,0,0,0,0,0,0,0,0,0,0,0,0,0,0
0,shim,111,SHIM_03_03,-1,0,0,0,0,0,0,0,0,0,0,0,0,0,0
0,router,47,L3_03_03,-1,0,0,0,0,0,0,0,0,0,0,0,0,0,0
0,router,4,L1_04,-1,0,0,0,0,0,0,0,0,0,0,0,0,0,0
0,router,20,L2_04,-1,0,0,0,0,0,0,0,0,0,0,0,0,0,0
0,shim,112,SHIM_04_00,-1,0,0,0,0,0,0,0,0,0,0,0,0,0,0
0,router,48,L3_04_00,-1,0,0,0,0,0,0,0,0,0,0,0,0,0,0
0,shim,113,SHIM_04_01,-1,0,0,0,0,0,0,0,0,0,0,0,0,0,0
0,router,49,L3_04_01,-1,0,0,0,0,0,0,0,0,0,0,0,0,0,0
0,shim,114,SHIM_04_02,-1,0,0,0,0,0,0,0,0,0,0,0,0,0,0
0,router,50,L3_04_02,-1,0,0,0,0,0,0,0,0,0,0,0,0,0,0
0,shim,115,SHIM_04_03,-1,0,0,0,0,0,0,0,0,0,0,0,0,0,0
0,router,51,L3_04_03,-1,0,0,0,0,0,0,0,0,0,0,0,0,0,0
0,router,5,L1_05,-1,0,0,0,0,0,0,0,0,0,0,0,0,0,0
0,router,21,L2_05,-1,0,0,0,0,0,0,0,0,0,0,0,0,0,0
0,shim,116,SHIM_05_00,-1,0,0,0,0,0,0,0,0,0,0,0,0,0,0
0,router,52,L3_05_00,-1,0,0,0,0,0,0,0,0,0,0,0,0,0,0
0,shim,117,SHIM_05_01,-1,0,0,0,0,0,0,0,0,0,0,0,0,0,0
0,router,53,L3_05_01,-1,0,0,0,0,0,0,0,0,0,0,0,0,0,0
0,shim,118,SHIM_05_02,-1,0,0,0,0,0,0,0,0,0,0,0,0,0,0
0,router,54,L3_05_02,-1,0,0,0,0,0,0,0,0,0,0,0,0,0,0
0,shim,119,SHIM_05_03,-1,0,0,0,0,0,0,0,0,0,0,0,0,0,0
0,router,55,L3_05_03,-1,0,0,0,0,0,0,0,0,0,0,0,0,0,0
0,router,6,L1_06,-1,0,0,0,0,0,0,0,0,0,0,0,0,0,0
0,router,22,L2_06,-1,0,0,0,0,0,0,0,0,0,0,0,0,0,0
0,shim,120,SHIM_06_00,-1,0,0,0,0,0,0,0,0,0,0,0,0,0,0
0,router,56,L3_06_00,-1,0,0,0,0,0,0,0,0,0,0,0,0,0,0
0,shim,121,SHIM_06_01,-1,0,0,0,0,0,0,0,0,0,0,0,0,0,0
0,router,57,L3_06_01,-1,0,0,0,0,0,0,0,0,0,0,0,0,0,0
0,shim,122,SHIM_06_02,-1,0,0,0,0,0,0,0,0,0,0,0,0,0,0
0,router,58,L3_06_02,-1,0,0,0,0,0,0,0,0,0,0,0,0,0,0
0,shim,123,SHIM_06_03,-1,0,0,0,0,0,0,0,0,0,0,0,0,0,0
0,router,59,L3_06_03,-1,0,0,0,0,0,0,0,0,0,0,0,0,0,0
0,router,7,L1_07,-1,0,0,0,0,0,0,0,0,0,0,0,0,0,0
0,router,23,L2_07,-1,0,0,0,0,0,0,0,0,0,0,0,0,0,0
0,shim,124,SHIM_07_00,-1,0,0,0,0,0,0,0,0,0,0,0,0,0,0
0,router,60,L3_07_00,-1,0,0,0,0,0,0,0,0,0,0,0,0,0,0
0,shim,125,SHIM_07_01,-1,0,0,0,0,0,0,0,0,0,0,0,0,0,0
0,router,61,L3_07_01,-1,0,0,0,0,0,0,0,0,0,0,0,0,0,0
0,shim,126,SHIM_07_02,-1,0,0,0,0,0,0,0,0,0,0,0,0,0,0
0,router,62,L3_07_02,-1,0,0,0,0,0,0,0,0,0,0,0,0,0,0
0,shim,127,SHIM_07_03,-1,0,0,0,0,0,0,0,0,0,0,0,0,0,0
0,router,63,L3_07_03,-1,0,0,0,0,0,0,0,0,0,0,0,0,0,0
0,router,8,L1_08,-1,0,0,0,0,0,0,0,0,0,0,0,0,0,0
0,router,24,L2_08,-1,0,0,0,0,0,0,0,0,0,0,0,0,0,0
0,shim,128,SHIM_08_00,-1,0,0,0,0,0,0,0,0,0,0,0,0,0,0
0,router,64,L3_08_00,-1,0,0,0,0,0,0,0,0,0,0,0,0,0,0
0,shim,129,SHIM_08_01,-1,0,0,0,0,0,0,0,0,0,0,0,0,0,0
0,router,65,L3_08_01,-1,0,0,0,0,0,0,0,0,0,0,0,0,0,0
0,shim,130,SHIM_08_02,-1,0,0,0,0,0,0,0,0,0,0,0,0,0,0
0,router,66,L3_08_02,-1,0,0,0,0,0,0,0,0,0,0,0,0,0,0
0,shim,131,SHIM_08_03,-1,0,0,0,0,0,0,0,0,0,0,0,0,0,0
0,router,67,L3_08_03,-1,0,0,0,0,0,0,0,0,0,0,0,0,0,0
0,router,9,L1_09,-1,0,0,0,0,0,0,0,0,0,0,0,0,0,0
0,router,25,L2_09,-1,0,0,0,0,0,0,0,0,0,0,0,0,0,0
0,shim,132,SHIM_09_00,-1,0,0,0,0,0,0,0,0,0,0,0,0,0,0
0,router,68,L3_09_00,-1,0,0,0,0,0,0,0,0,0,0,0,0,0,0
0,shim,133,SHIM_09_01,-1,0,0,0,0,0,0,0,0,0,0,0,0,0,0
0,router,69,L3_09_01,-1,0,0,0,0,0,0,0,0,0,0,0,0,0,0
0,shim,134,SHIM_09_02,-1,0,0,0,0,0,0,0,0,0,0,0,0,0,0
0,router,70,L3_09_02,-1,0,0,0,0,0,0,0,0,0,0,0,0,0,0
0,shim,135,SHIM_09_03,-1,0,0,0,0,0,0,0,0,0,0,0,0,0,0
0,router,71,L3_09_03,-1,0,0,0,0,0,0,0,0,0,0,0,0,0,0
0,router,10,L1_10,-1,0,0,0,0,0,0,0,0,0,0,0,0,0,0
0,router,26,L2_10,-1,0,0,0,0,0,0,0,0,0,0,0,0,0,0
0,shim,136,SHIM_10_00,-1,0,0,0,0,0,0,0,0,0,0,0,0,0,0
0,router,72,L3_10_00,-1,0,0,0,0,0,0,0,0,0,0,0,0,0,0
0,shim,137,SHIM_10_01,-1,0,0,0,0,0,0,0,0,0,0,0,0,0,0
0,router,73,L3_10_01,-1,0,0,0,0,0,0,0,0,0,0,0,0,0,0
0,shim,138,SHIM_10_02,-1,0,0,0,0,0,0,0,0,0,0,0,0,0,0
0,router,74,L3_10_02,-1,0,0,0,0,0,0,0,0,0,0,0,0,0,0
0,shim,139,SHIM_10_03,-1,0,0,0,0,0,0,0,0,0,0,0,0,0,0
0,router,75,L3_10_03,-1,0,0,0,0,0,0,0,0,0,0,0,0,0,0
0,router,11,L1_11,-1,0,0,0,0,0,0,0,0,0,0,0,0,0,0
0,router,27,L2_11,-1,0,0,0,0,0,0,0,0,0,0,0,0,0,0
0,shim,140,SHIM_11_00,-1,0,0,0,0,0,0,0,0,0,0,0,0,0,0
0,router,76,L3_11_00,-1,0,0,0,0,0,0,0,0,0,0,0,0,0,0
0,shim,141,SHIM_11_01,-1,0,0,0,0,0,0,0,0,0,0,0,0,0,0
0,router,77,L3_11_01,-1,0,0,0,0,0,0,0,0,0,0,0,0,0,0
0,shim,142,SHIM_11_02,-1,0,0,0,0,0,0,0,0,0,0,0,0,0,0
0,router,78,L3_11_02,-1,0,0,0,0,0,0,0,0,0,0,0,0,0,0
0,shim,143,SHIM_11_03,-1,0,0,0,0,0,0,0,0,0,0,0,0,0,0
0,router,79,L3_11_03,-1,0,0,0,0,0,0,0,0,0,0,0,0,0,0
0,router,12,L1_12,-1,0,0,0,0,0,0,0,0,0,0,0,0,0,0
0,router,28,L2_12,-1,0,0,0,0,0,0,0,0,0,0,0,0,0,0
0,shim,144,SHIM_12_00,-1,0,0,0,0,0,0,0,0,0,0,0,0,0,0
0,router,80,L3_12_00,-1,0,0,0,0,0,0,0,0,0,0,0,0,0,0
0,shim,145,SHIM_12_01,-1,0,0,0,0,0,0,0,0,0,0,0,0,0,0
0,router,81,L3_12_01,-1,0,0,0,0,0,0,0,0,0,0,0,0,0,0
0,shim,146,SHIM_12_02,-1,0,0,0,0,0,0,0,0,0,0,0,0,0,0
0,router,82,L3_12_02,-1,0,0,0,0,0,0,0,0,0,0,0,0,0,0
0,shim,147,SHIM_12_03,-1,0,0,0,0,0,0,0,0,0,0,0,0,0,0
0,router,83,L3_12_03,-1,0,0,0,0,0,0,0,0,0,0,0,0,0,0
0,router,13,L1_13,-1,0,0,0,0,0,0,0,0,0,0,0,0,0,0
0,router,29,L2_13,-1,0,0,0,0,0,0,0,0,0,0,0,0,0,0
0,shim,148,SHIM_13_00,-1,0,0,0,0,0,0,0,0,0,0,0,0,0,0
0,router,84,L3_13_00,-1,0,0,0,0,0,0,0,0,0,0,0,0,0,0
0,shim,149,SHIM_13_01,-1,0,0,0,0,0,0,0,0,0,0,0,0,0,0
0,router,85,L3_13_01,-1,0,0,0,0,0,0,0,0,0,0,0,0,0,0
0,shim,150,SHIM_13_02,-1,0,0,0,0,0,0,0,0,0,0,0,0,0,0
0,router,86,L3_13_02,-1,0,0,0,0,0,0,0,0,0,0,0,0,0,0
0,shim,151,SHIM_13_03,-1,0,0,0,0,0,0,0,0,0,0,0,0,0,0
0,router,87,L3_13_03,-1,0,0,0,0,0,0,0,0,0,0,0,0,0,0
0,router,14,L1_14,-1,0,0,0,0,0,0,0,0,0,0,0,0,0,0
0,router,30,L2_14,-1,0,0,0,0,0,0,0,0,0,0,0,0,0,0
0,shim,152,SHIM_14_00,-1,0,0,0,0,0,0,0,0,0,0,0,0,0,0
0,router,88,L3_14_00,-1,0,0,0,0,0,0,0,0,0,0,0,0,0,0
0,shim,153,SHIM_14_01,-1,0,0,0,0,0,0,0,0,0,0,0,0,0,0
0,router,89,L3_14_01,-1,0,0,0,0,0,0,0,0,0,0,0,0,0,0
0,shim,154,SHIM_14_02,-1,0,0,0,0,0,0,0,0,0,0,0,0,0,0
0,router,90,L3_14_02,-1,0,0,0,0,0,0,0,0,0,0,0,0,0,0
0,shim,155,SHIM_14_03,-1,0,0,0,0,0,0,0,0,0,0,0,0,0,0
0,router,91,L3_14_03,-1,0,0,0,0,0,0,0,0,0,0,0,0,0,0
0,router,15,L1_15,-1,0,0,0,0,0,0,0,0,0,0,0,0,0,0
0,router,31,L2_15,-1,0,0,0,0,0,0,0,0,0,0,0,0,0,0
0,shim,156,SHIM_15_00,-1,0,0,0,0,0,0,0,0,0,0,0,0,0,0
0,router,92,L3_15_00,-1,0,0,0,0,0,0,0,0,0,0,0,0,0,0
0,shim,157,SHIM_15_01,-1,0,0,0,0,0,0,0,0,0,0,0,0,0,0
0,router,93,L3_15_01,-1,0,0,0,0,0,0,0,0,0,0,0,0,0,0
0,shim,158,SHIM_15_02,-1,0,0,0,0,0,0,0,0,0,0,0,0,0,0
0,router,94,L3_15_02,-1,0,0,0,0,0,0,0,0,0,0,0,0,0,0
0,shim,159,SHIM_15_03,-1,0,0,0,0,0,0,0,0,0,0,0,0,0,0
0,router,95,L3_15_03,-1,0,0,0,0,0,0,0,0,0,0,0,0,0,0
0,endpoint,320,LLCH_00,-1,0,0,0,0,0,0,0,0,0,0,0,0,0,0
0,endpoint,324,LLCH_01,-1,0,0,0,0,0,0,0,0,0,0,0,0,0,0
0,endpoint,328,LLCH_02,-1,0,0,0,0,0,0,0,0,0,0,0,0,0,0
0,endpoint,332,LLCH_03,-1,0,0,0,0,0,0,0,0,0,0,0,0,0,0
0,endpoint,336,LLCH_04,-1,0,0,0,0,0,0,0,0,0,0,0,0,0,0
0,endpoint,340,LLCH_05,-1,0,0,0,0,0,0,0,0,0,0,0,0,0,0
0,endpoint,344,LLCH_06,-1,0,0,0,0,0,0,0,0,0,0,0,0,0,0
0,endpoint,348,LLCH_07,-1,0,0,0,0,0,0,0,0,0,0,0,0,0,0
0,endpoint,352,LLCH_08,-1,0,0,0,0,0,0,0,0,0,0,0,0,0,0
0,endpoint,356,LLCH_09,-1,0,0,0,0,0,0,0,0,0,0,0,0,0,0
0,endpoint,360,LLCH_10,-1,0,0,0,0,0,0,0,0,0,0,0,0,0,0
0,endpoint,364,LLCH_11,-1,0,0,0,0,0,0,0,0,0,0,0,0,0,0
0,endpoint,368,LLCH_12,-1,0,0,0,0,0,0,0,0,0,0,0,0,0,0
0,endpoint,372,LLCH_13,-1,0,0,0,0,0,0,0,0,0,0,0,0,0,0
0,endpoint,376,LLCH_14,-1,0,0,0,0,0,0,0,0,0,0,0,0,0,0
0,endpoint,380,LLCH_15,-1,0,0,0,0,0,0,0,0,0,0,0,0,0,0
0,port,0,L1_00,0,0,0,0,0,0,0,0,0,1,0,1,0,0,0
0,port,0,L1_00,1,1,0,0,0,0,0,0,0,1,0,1,0,0,0
0,port,0,L1_00,2,3,0,0,0,0,0,0,0,1,0,1,0,0,0
0,port,0,L1_00,3,0,0,0,0,0,0,0,0,1,0,1,0,0,0
0,port,0,L1_00,4,1,0,0,0,0,0,0,0,1,0,1,0,0,0
0,port,16,L2_00,0,0,0,0,0,0,0,0,0,1,0,1,0,0,0
0,port,16,L2_00,1,0,0,0,0,0,0,0,0,1,0,1,0,0,0
0,port,16,L2_00,2,2,0,0,0,0,0,0,0,1,0,1,0,0,0
0,port,16,L2_00,3,0,0,0,0,0,0,0,0,1,0,1,0,0,0
0,port,16,L2_00,4,0,0,0,0,0,0,0,0,1,0,1,0,0,0
0,port,16,L2_00,5,2,0,0,0,0,0,0,0,1,0,1,0,0,0
0,port,32,L3_00_00,0,2,0,0,0,0,0,0,0,1,0,1,0,0,0
0,port,32,L3_00_00,1,0,0,0,0,0,0,0,0,1,0,1,0,0,0
0,port,32,L3_00_00,2,0,0,0,0,0,0,0,0,1,0,1,0,0,0
0,port,32,L3_00_00,3,2,0,0,0,0,0,0,0,1,0,1,0,0,0
0,port,32,L3_00_00,4,0,0,0,0,0,0,0,0,1,0,1,0,0,0
0,port,33,L3_00_01,0,3,0,0,0,0,0,0,0,1,0,1,0,0,0
0,port,33,L3_00_01,1,0,0,0,0,0,0,0,0,1,0,1,0,0,0
0,port,33,L3_00_01,2,2,0,0,0,0,0,0,0,1,0,1,0,0,0
0,port,33,L3_00_01,3,0,0,0,0,0,0,0,0,1,0,1,0,0,0
0,port,33,L3_00_01,4,0,0,0,0,0,0,0,0,1,0,1,0,0,0
0,port,34,L3_00_02,0,3,0,0,0,0,0,0,0,1,0,1,0,0,0
0,port,34,L3_00_02,1,0,0,0,0,0,0,0,0,1,0,1,0,0,0
0,port,34,L3_00_02,2,1,0,0,0,0,0,0,0,1,0,1,0,0,0
0,port,34,L3_00_02,3,3,0,0,0,0,0,0,0,1,0,1,0,0,0
0,port,34,L3_00_02,4,0,0,0,0,0,0,0,0,1,0,1,0,0,0
0,port,35,L3_00_03,0,0,0,0,0,0,0,0,0,1,0,1,0,0,0
0,port,35,L3_00_03,1,1,0,0,0,0,0,0,0,1,0,1,0,0,0
0,port,35,L3_00_03,2,3,0,0,0,0,0,0,0,1,0,1,0,0,0
0,port,35,L3_00_03,3,0,0,0,0,0,0,0,0,1,0,1,0,0,0
0,port,35,L3_00_03,4,1,0,0,0,0,0,0,0,1,0,1,0,0,0
0,port,1,L1_01,0,1,0,0,0,0,0,0,0,1,0,1,0,0,0
0,port,1,L1_01,1,3,0,0,0,0,0,0,0,1,0,1,0,0,0
0,port,1,L1_01,2,0,0,0,0,0,0,0,0,1,0,1,0,0,0
0,port,1,L1_01,3,1,0,0,0,0,0,0,0,1,0,1,0,0,0
0,port,1,L1_01,4,3,0,0,0,0,0,0,0,1,0,1,0,0,0
0,port,17,L2_01,0,0,0,0,0,0,0,0,0,1,0,1,0,0,0
0,port,17,L2_01,1,1,0,0,0,0,0,0,0,1,0,1,0,0,0
0,port,17,L2_01,2,3,0,0,0,0,0,0,0,1,0,1,0,0,0
0,port,17,L2_01,3,0,0,0,0,0,0,0,0,1,0,1,0,0,0
0,port,17,L2_01,4,1,0,0,0,0,0,0,0,1,0,1,0,0,0
0,port,17,L2_01,5,3,0,0,0,0,0,0,0,1,0,1,0,0,0
0,port,36,L3_01_00,0,0,0,0,0,0,0,0,0,1,0,1,0,0,0
0,port,36,L3_01_00,1,2,0,0,0,0,0,0,0,1,0,1,0,0,0
0,port,36,L3_01_00,2,0,0,0,0,0,0,0,0,1,0,1,0,0,0
0,port,36,L3_01_00,3,0,0,0,0,0,0,0,0,1,0,1,0,0,0
0,port,36,L3_01_00,4,2,0,0,0,0,0,0,0,1,0,1,0,0,0
0,port,37,L3_01_01,0,2,0,0,0,0,0,0,0,1,0,1,0,0,0
0,port,37,L3_01_01,1,0,0,0,0,0,0,0,0,1,0,1,0,0,0
0,port,37,L3_01_01,2,0,0,0,0,0,0,0,0,1,0,1,0,0,0
0,port,37,L3_01_01,3,2,0,0,0,0,0,0,0,1,0,1,0,0,0
0,port,37,L3_01_01,4,0,0,0,0,0,0,0,0,1,0,1,0,0,0
0,port,38,L3_01_02,0,1,0,0,0,0,0,0,0,1,0,1,0,0,0
0,port,38,L3_01_02,1,3,0,0,0,0,0,0,0,1,0,1,0,0,0
0,port,38,L3_01_02,2,0,0,0,0,0,0,0,0,1,0,1,0,0,0
0,port,38,L3_01_02,3,2,0,0,0,0,0,0,0,1,0,1,0,0,0
0,port,38,L3_01_02,4,4,0,0,0,0,0,0,0,1,0,1,0,0,0
0,port,39,L3_01_03,0,3,0,0,0,0,0,0,0,1,0,1,0,0,0
0,port,39,L3_01_03,1,0,0,0,0,0,0,0,0,1,0,1,0,0,0
0,port,39,L3_01_03,2,1,0,0,0,0,0,0,0,1,0,1,0,0,0
0,port,39,L3_01_03,3,3,0,0,0,0,0,0,0,1,0,1,0,0,0
0,port,39,L3_01_03,4,0,0,0,0,0,0,0,0,1,0,1,0,0,0
0,port,2,L1_02,0,2,0,0,0,0,0,0,0,1,0,1,0,0,0
0,port,2,L1_02,1,0,0,0,0,0,0,0,0,1,0,1,0,0,0
0,port,2,L1_02,2,0,0,0,0,0,0,0,0,1,0,1,0,0,0
0,port,2,L1_02,3,2,0,0,0,0,0,0,0,1,0,1,0,0,0
0,port,2,L1_02,4,0,0,0,0,0,0,0,0,1,0,1,0,0,0
0,port,18,L2_02,0,1,0,0,0,0,0,0,0,1,0,1,0,0,0
0,port,18,L2_02,1,3,0,0,0,0,0,0,0,1,0,1,0,0,0
0,port,18,L2_02,2,0,0,0,0,0,0,0,0,1,0,1,0,0,0
0,port,18,L2_02,3,1,0,0,0,0,0,0,0,1,0,1,0,0,0
0,port,18,L2_02,4,3,0,0,0,0,0,0,0,1,0,1,0,0,0
0,port,18,L2_02,5,0,0,0,0,0,0,0,0,1,0,1,0,0,0
0,port,40,L3_02_00,0,0,0,0,0,0,0,0,0,1,0,1,0,0,0
0,port,40,L3_02_00,1,0,0,0,0,0,0,0,0,1,0,1,0,0,0
0,port,40,L3_02_00,2,2,0,0,0,0,0,0,0,1,0,1,0,0,0
0,port,40,L3_02_00,3,0,0,0,0,0,0,0,0,1,0,1,0,0,0
0,port,40,L3_02_00,4,1,0,0,0,0,0,0,0,1,0,1,0,0,0
0,port,41,L3_02_01,0,0,0,0,0,0,0,0,0,1,0,1,0,0,0
0,port,41,L3_02_01,1,2,0,0,0,0,0,0,0,1,0,1,0,0,0
0,port,41,L3_02_01,2,0,0,0,0,0,0,0,0,1,0,1,0,0,0
0,port,41,L3_02_01,3,0,0,0,0,0,0,0,0,1,0,1,0,0,0
0,port,41,L3_02_01,4,2,0,0,0,0,0,0,0,1,0,1,0,0,0
0,port,42,L3_02_02,0,0,0,0,0,0,0,0,0,1,0,1,0,0,0
0,port,42,L3_02_02,1,1,0,0,0,0,0,0,0,1,0,1,0,0,0
0,port,42,L3_02_02,2,4,0,0,0,0,0,0,0,1,0,1,0,0,0
0,port,42,L3_02_02,3,0,0,0,0,0,0,0,0,1,0,1,0,0,0
0,port,42,L3_02_02,4,2,0,0,0,0,0,0,0,1,0,1,0,0,0
0,port,43,L3_02_03,0,1,0,0,0,0,0,0,0,1,0,1,0,0,0
0,port,43,L3_02_03,1,3,0,0,0,0,0,0,0,1,0,1,0,0,0
0,port,43,L3_02_03,2,0,0,0,0,0,0,0,0,1,0,1,0,0,0
0,port,43,L3_02_03,3,1,0,0,0,0,0,0,0,1,0,1,0,0,0
0,port,43,L3_02_03,4,3,0,0,0,0,0,0,0,1,0,1,0,0,0
0,port,3,L1_03,0,2,0,0,0,0,0,0,0,1,0,1,0,0,0
0,port,3,L1_03,1,0,0,0,0,0,0,0,0,1,0,1,0,0,0
0,port,3,L1_03,2,0,0,0,0,0,0,0,0,1,0,1,0,0,0
0,port,3,L1_03,3,2,0,0,0,0,0,0,0,1,0,1,0,0,0
0,port,3,L1_03,4,0,0,0,0,0,0,0,0,1,0,1,0,0,0
0,port,19,L2_03,0,0,0,0,0,0,0,0,0,1,0,1,0,0,0
0,port,19,L2_03,1,2,0,0,0,0,0,0,0,1,0,1,0,0,0
0,port,19,L2_03,2,0,0,0,0,0,0,0,0,1,0,1,0,0,0
0,port,19,L2_03,3,0,0,0,0,0,0,0,0,1,0,1,0,0,0
0,port,19,L2_03,4,3,0,0,0,0,0,0,0,1,0,1,0,0,0
0,port,19,L2_03,5,0,0,0,0,0,0,0,0,1,0,1,0,0,0
0,port,44,L3_03_00,0,2,0,0,0,0,0,0,0,1,0,1,0,0,0
0,port,44,L3_03_00,1,0,0,0,0,0,0,0,0,1,0,1,0,0,0
0,port,44,L3_03_00,2,0,0,0,0,0,0,0,0,1,0,1,0,0,0
0,port,44,L3_03_00,3,3,0,0,0,0,0,0,0,1,0,1,0,0,0
0,port,44,L3_03_00,4,0,0,0,0,0,0,0,0,1,0,1,0,0,0
0,port,45,L3_03_01,0,0,0,0,0,0,0,0,0,1,0,1,0,0,0
0,port,45,L3_03_01,1,0,0,0,0,0,0,0,0,1,0,1,0,0,0
0,port,45,L3_03_01,2,2,0,0,0,0,0,0,0,1,0,1,0,0,0
0,port,45,L3_03_01,3,0,0,0,0,0,0,0,0,1,0,1,0,0,0
0,port,45,L3_03_01,4,0,0,0,0,0,0,0,0,1,0,1,0,0,0
0,port,46,L3_03_02,0,4,0,0,0,0,0,0,0,1,0,1,0,0,0
0,port,46,L3_03_02,1,0,0,0,0,0,0,0,0,1,0,1,0,0,0
0,port,46,L3_03_02,2,2,0,0,0,0,0,0,0,1,0,1,0,0,0
0,port,46,L3_03_02,3,0,0,0,0,0,0,0,0,1,0,1,0,0,0
0,port,46,L3_03_02,4,0,0,0,0,0,0,0,0,1,0,1,0,0,0
0,port,47,L3_03_03,0,0,0,0,0,0,0,0,0,1,0,1,0,0,0
0,port,47,L3_03_03,1,1,0,0,0,0,0,0,0,1,0,1,0,0,0
0,port,47,L3_03_03,2,3,0,0,0,0,0,0,0,1,0,1,0,0,0
0,port,47,L3_03_03,3,0,0,0,0,0,0,0,0,1,0,1,0,0,0
0,port,47,L3_03_03,4,1,0,0,0,0,0,0,0,1,0,1,0,0,0
0,port,4,L1_04,0,3,0,0,0,0,0,0,0,1,0,1,0,0,0
0,port,4,L1_04,1,0,0,0,0,0,0,0,0,1,0,1,0,0,0
0,port,4,L1_04,2,1,0,0,0,0,0,0,0,1,0,1,0,0,0
0,port,4,L1_04,3,4,0,0,0,0,0,0,0,1,0,1,0,0,0
0,port,4,L1_04,4,0,0,0,0,0,0,0,0,1,0,1,0,0,0
0,port,20,L2_04,0,2,0,0,0,0,0,0,0,1,0,1,0,0,0
0,port,20,L2_04,1,0,0,0,0,0,0,0,0,1,0,1,0,0,0
0,port,20,L2_04,2,0,0,0,0,0,0,0,0,1,0,1,0,0,0
0,port,20,L2_04,3,2,0,0,0,0,0,0,0,1,0,1,0,0,0
0,port,20,L2_04,4,0,0,0,0,0,0,0,0,1,0,1,0,0,0
0,port,20,L2_04,5,0,0,0,0,0,0,0,0,1,0,1,0,0,0
0,port,48,L3_04_00,0,0,0,0,0,0,0,0,0,1,0,1,0,0,0
0,port,48,L3_04_00,1,3,0,0,0,0,0,0,0,1,0,1,0,0,0
0,port,48,L3_04_00,2,0,0,0,0,0,0,0,0,1,0,1,0,0,0
0,port,48,L3_04_00,3,1,0,0,0,0,0,0,0,1,0,1,0,0,0
0,port,48,L3_04_00,4,3,0,0,0,0,0,0,0,1,0,1,0,0,0
0,port,49,L3_04_01,0,2,0,0,0,0,0,0,0,1,0,1,0,0,0
0,port,49,L3_04_01,1,0,0,0,0,0,0,0,0,1,0,1,0,0,0
0,port,49,L3_04_01,2,0,0,0,0,0,0,0,0,1,0,1,0,0,0
0,port,49,L3_04_01,3,2,0,0,0,0,0,0,0,1,0,1,0,0,0
0,port,49,L3_04_01,4,0,0,0,0,0,0,0,0,1,0,1,0,0,0
0,port,50,L3_04_02,0,2,0,0,0,0,0,0,0,1,0,1,0,0,0
0,port,50,L3_04_02,1,0,0,0,0,0,0,0,0,1,0,1,0,0,0
0,port,50,L3_04_02,2,0,0,0,0,0,0,0,0,1,0,1,0,0,0
0,port,50,L3_04_02,3,2,0,0,0,0,0,0,0,1,0,1,0,0,0
0,port,50,L3_04_02,4,0,0,0,0,0,0,0,0,1,0,1,0,0,0
0,port,51,L3_04_03,0,3,0,0,0,0,0,0,0,1,0,1,0,0,0
0,port,51,L3_04_03,1,0,0,0,0,0,0,0,0,1,0,1,0,0,0
0,port,51,L3_04_03,2,1,0,0,0,0,0,0,0,1,0,1,0,0,0
0,port,51,L3_04_03,3,3,0,0,0,0,0,0,0,1,0,1,0,0,0
0,port,51,L3_04_03,4,0,0,0,0,0,0,0,0,1,0,1,0,0,0
0,port,5,L1_05,0,0,0,0,0,0,0,0,0,1,0,1,0,0,0
0,port,5,L1_05,1,1,0,0,0,0,0,0,0,1,0,1,0,0,0
0,port,5,L1_05,2,3,0,0,0,0,0,0,0,1,0,1,0,0,0
0,port,5,L1_05,3,0,0,0,0,0,0,0,0,1,0,1,0,0,0
0,port,5,L1_05,4,1,0,0,0,0,0,0,0,1,0,1,0,0,0
0,port,21,L2_05,0,3,0,0,0,0,0,0,0,1,0,1,0,0,0
0,port,21,L2_05,1,0,0,0,0,0,0,0,0,1,0,1,0,0,0
0,port,21,L2_05,2,1,0,0,0,0,0,0,0,1,0,1,0,0,0
0,port,21,L2_05,3,3,0,0,0,0,0,0,0,1,0,1,0,0,0
0,port,21,L2_05,4,0,0,0,0,0,0,0,0,1,0,1,0,0,0
0,port,21,L2_05,5,2,0,0,0,0,0,0,0,1,0,1,0,0,0
0,port,52,L3_05_00,0,0,0,0,0,0,0,0,0,1,0,1,0,0,0
0,port,52,L3_05_00,1,1,0,0,0,0,0,0,0,1,0,1,0,0,0
0,port,52,L3_05_00,2,3,0,0,0,0,0,0,0,1,0,1,0,0,0
0,port,52,L3_05_00,3,0,0,0,0,0,0,0,0,1,0,1,0,0,0
0,port,52,L3_05_00,4,1,0,0,0,0,0,0,0,1,0,1,0,0,0
0,port,53,L3_05_01,0,0,0,0,0,0,0,0,0,1,0,1,0,0,0
0,port,53,L3_05_01,1,2,0,0,0,0,0,0,0,1,0,1,0,0,0
0,port,53,L3_05_01,2,0,0,0,0,0,0,0,0,1,0,1,0,0,0
0,port,53,L3_05_01,3,0,0,0,0,0,0,0,0,1,0,1,0,0,0
0,port,53,L3_05_01,4,2,0,0,0,0,0,0,0,1,0,1,0,0,0
0,port,54,L3_05_02,0,0,0,0,0,0,0,0,0,1,0,1,0,0,0
0,port,54,L3_05_02,1,2,0,0,0,0,0,0,0,1,0,1,0,0,0
0,port,54,L3_05_02,2,0,0,0,0,0,0,0,0,1,0,1,0,0,0
0,port,54,L3_05_02,3,0,0,0,0,0,0,0,0,1,0,1,0,0,0
0,port,54,L3_05_02,4,2,0,0,0,0,0,0,0,1,0,1,0,0,0
0,port,55,L3_05_03,0,1,0,0,0,0,0,0,0,1,0,1,0,0,0
0,port,55,L3_05_03,1,3,0,0,0,0,0,0,0,1,0,1,0,0,0
0,port,55,L3_05_03,2,0,0,0,0,0,0,0,0,1,0,1,0,0,0
0,port,55,L3_05_03,3,1,0,0,0,0,0,0,0,1,0,1,0,0,0
0,port,55,L3_05_03,4,3,0,0,0,0,0,0,0,1,0,1,0,0,0
0,port,6,L1_06,0,0,0,0,0,0,0,0,0,1,0,1,0,0,0
0,port,6,L1_06,1,2,0,0,0,0,0,0,0,1,0,1,0,0,0
0,port,6,L1_06,2,0,0,0,0,0,0,0,0,1,0,1,0,0,0
0,port,6,L1_06,3,0,0,0,0,0,0,0,0,1,0,1,0,0,0
0,port,6,L1_06,4,3,0,0,0,0,0,0,0,1,0,1,0,0,0
0,port,22,L2_06,0,3,0,0,0,0,0,0,0,1,0,1,0,0,0
0,port,22,L2_06,1,0,0,0,0,0,0,0,0,1,0,1,0,0,0
0,port,22,L2_06,2,1,0,0,0,0,0,0,0,1,0,1,0,0,0
0,port,22,L2_06,3,3,0,0,0,0,0,0,0,1,0,1,0,0,0
0,port,22,L2_06,4,0,0,0,0,0,0,0,0,1,0,1,0,0,0
0,port,22,L2_06,5,1,0,0,0,0,0,0,0,1,0,1,0,0,0
0,port,56,L3_06_00,0,3,0,0,0,0,0,0,0,1,0,1,0,0,0
0,port,56,L3_06_00,1,0,0,0,0,0,0,0,0,1,0,1,0,0,0
0,port,56,L3_06_00,2,1,0,0,0,0,0,0,0,1,0,1,0,0,0
0,port,56,L3_06_00,3,3,0,0,0,0,0,0,0,1,0,1,0,0,0
0,port,56,L3_06_00,4,0,0,0,0,0,0,0,0,1,0,1,0,0,0
0,port,57,L3_06_01,0,2,0,0,0,0,0,0,0,1,0,1,0,0,0
0,port,57,L3_06_01,1,0,0,0,0,0,0,0,0,1,0,1,0,0,0
0,port,57,L3_06_01,2,0,0,0,0,0,0,0,0,1,0,1,0,0,0
0,port,57,L3_06_01,3,3,0,0,0,0,0,0,0,1,0,1,0,0,0
0,port,57,L3_06_01,4,0,0,0,0,0,0,0,0,1,0,1,0,0,0
0,port,58,L3_06_02,0,0,0,0,0,0,0,0,0,1,0,1,0,0,0
0,port,58,L3_06_02,1,0,0,0,0,0,0,0,0,1,0,1,0,0,0
0,port,58,L3_06_02,2,2,0,0,0,0,0,0,0,1,0,1,0,0,0
0,port,58,L3_06_02,3,0,0,0,0,0,0,0,0,1,0,1,0,0,0
0,port,58,L3_06_02,4,0,0,0,0,0,0,0,0,1,0,1,0,0,0
0,port,59,L3_06_03,0,0,0,0,0,0,0,0,0,1,0,1,0,0,0
0,port,59,L3_06_03,1,1,0,0,0,0,0,0,0,1,0,1,0,0,0
0,port,59,L3_06_03,2,3,0,0,0,0,0,0,0,1,0,1,0,0,0
0,port,59,L3_06_03,3,0,0,0,0,0,0,0,0,1,0,1,0,0,0
0,port,59,L3_06_03,4,2,0,0,0,0,0,0,0,1,0,1,0,0,0
0,port,7,L1_07,0,0,0,0,0,0,0,0,0,1,0,1,0,0,0
0,port,7,L1_07,1,2,0,0,0,0,0,0,0,1,0,1,0,0,0
0,port,7,L1_07,2,0,0,0,0,0,0,0,0,1,0,1,0,0,0
0,port,7,L1_07,3,0,0,0,0,0,0,0,0,1,0,1,0,0,0
0,port,7,L1_07,4,2,0,0,0,0,0,0,0,1,0,1,0,0,0
0,port,23,L2_07,0,0,0,0,0,0,0,0,0,1,0,1,0,0,0
0,port,23,L2_07,1,0,0,0,0,0,0,0,0,1,0,1,0,0,0
0,port,23,L2_07,2,2,0,0,0,0,0,0,0,1,0,1,0,0,0
0,port,23,L2_07,3,0,0,0,0,0,0,0,0,1,0,1,0,0,0
0,port,23,L2_07,4,1,0,0,0,0,0,0,0,1,0,1,0,0,0
0,port,23,L2_07,5,3,0,0,0,0,0,0,0,1,0,1,0,0,0
0,port,60,L3_07_00,0,1,0,0,0,0,0,0,0,1,0,1,0,0,0
0,port,60,L3_07_00,1,3,0,0,0,0,0,0,0,1,0,1,0,0,0
0,port,60,L3_07_00,2,0,0,0,0,0,0,0,0,1,0,1,0,0,0
0,port,60,L3_07_00,3,1,0,0,0,0,0,0,0,1,0,1,0,0,0
0,port,60,L3_07_00,4,3,0,0,0,0,0,0,0,1,0,1,0,0,0
0,port,61,L3_07_01,0,0,0,0,0,0,0,0,0,1,0,1,0,0,0
0,port,61,L3_07_01,1,3,0,0,0,0,0,0,0,1,0,1,0,0,0
0,port,61,L3_07_01,2,0,0,0,0,0,0,0,0,1,0,1,0,0,0
0,port,61,L3_07_01,3,1,0,0,0,0,0,0,0,1,0,1,0,0,0
0,port,61,L3_07_01,4,3,0,0,0,0,0,0,0,1,0,1,0,0,0
0,port,62,L3_07_02,0,2,0,0,0,0,0,0,0,1,0,1,0,0,0
0,port,62,L3_07_02,1,0,0,0,0,0,0,0,0,1,0,1,0,0,0
0,port,62,L3_07_02,2,0,0,0,0,0,0,0,0,1,0,1,0,0,0
0,port,62,L3_07_02,3,2,0,0,0,0,0,0,0,1,0,1,0,0,0
0,port,62,L3_07_02,4,0,0,0,0,0,0,0,0,1,0,1,0,0,0
0,port,63,L3_07_03,0,3,0,0,0,0,0,0,0,1,0,1,0,0,0
0,port,63,L3_07_03,1,0,0,0,0,0,0,0,0,1,0,1,0,0,0
0,port,63,L3_07_03,2,2,0,0,0,0,0,0,0,1,0,1,0,0,0
0,port,63,L3_07_03,3,0,0,0,0,0,0,0,0,1,0,1,0,0,0
0,port,63,L3_07_03,4,0,0,0,0,0,0,0,0,1,0,1,0,0,0
0,port,8,L1_08,0,1,0,0,0,0,0,0,0,1,0,1,0,0,0
0,port,8,L1_08,1,3,0,0,0,0,0,0,0,1,0,1,0,0,0
0,port,8,L1_08,2,0,0,0,0,0,0,0,0,1,0,1,0,0,0
0,port,8,L1_08,3,2,0,0,0,0,0,0,0,1,0,1,0,0,0
0,port,8,L1_08,4,0,0,0,0,0,0,0,0,1,0,1,0,0,0
0,port,24,L2_08,0,0,0,0,0,0,0,0,0,1,0,1,0,0,0
0,port,24,L2_08,1,2,0,0,0,0,0,0,0,1,0,1,0,0,0
0,port,24,L2_08,2,0,0,0,0,0,0,0,0,1,0,1,0,0,0
0,port,24,L2_08,3,0,0,0,0,0,0,0,0,1,0,1,0,0,0
0,port,24,L2_08,4,2,0,0,0,0,0,0,0,1,0,1,0,0,0
0,port,24,L2_08,5,0,0,0,0,0,0,0,0,1,0,1,0,0,0
0,port,64,L3_08_00,0,0,0,0,0,0,0,0,0,1,0,1,0,0,0
0,port,64,L3_08_00,1,1,0,0,0,0,0,0,0,1,0,1,0,0,0
0,port,64,L3_08_00,2,3,0,0,0,0,0,0,0,1,0,1,0,0,0
0,port,64,L3_08_00,3,0,0,0,0,0,0,0,0,1,0,1,0,0,0
0,port,64,L3_08_00,4,1,0,0,0,0,0,0,0,1,0,1,0,0,0
0,port,65,L3_08_01,0,0,0,0,0,0,0,0,0,1,0,1,0,0,0
0,port,65,L3_08_01,1,1,0,0,0,0,0,0,0,1,0,1,0,0,0
0,port,65,L3_08_01,2,3,0,0,0,0,0,0,0,1,0,1,0,0,0
0,port,65,L3_08_01,3,0,0,0,0,0,0,0,0,1,0,1,0,0,0
0,port,65,L3_08_01,4,1,0,0,0,0,0,0,0,1,0,1,0,0,0
0,port,66,L3_08_02,0,0,0,0,0,0,0,0,0,1,0,1,0,0,0
0,port,66,L3_08_02,1,2,0,0,0,0,0,0,0,1,0,1,0,0,0
0,port,66,L3_08_02,2,0,0,0,0,0,0,0,0,1,0,1,0,0,0
0,port,66,L3_08_02,3,0,0,0,0,0,0,0,0,1,0,1,0,0,0
0,port,66,L3_08_02,4,2,0,0,0,0,0,0,0,1,0,1,0,0,0
0,port,67,L3_08_03,0,1,0,0,0,0,0,0,0,1,0,1,0,0,0
0,port,67,L3_08_03,1,4,0,0,0,0,0,0,0,1,0,1,0,0,0
0,port,67,L3_08_03,2,0,0,0,0,0,0,0,0,1,0,1,0,0,0
0,port,67,L3_08_03,3,2,0,0,0,0,0,0,0,1,0,1,0,0,0
0,port,67,L3_08_03,4,0,0,0,0,0,0,0,0,1,0,1,0,0,0
0,port,9,L1_09,0,3,0,0,0,0,0,0,0,1,0,1,0,0,0
0,port,9,L1_09,1,0,0,0,0,0,0,0,0,1,0,1,0,0,0
0,port,9,L1_09,2,1,0,0,0,0,0,0,0,1,0,1,0,0,0
0,port,9,L1_09,3,3,0,0,0,0,0,0,0,1,0,1,0,0,0
0,port,9,L1_09,4,0,0,0,0,0,0,0,0,1,0,1,0,0,0
0,port,25,L2_09,0,1,0,0,0,0,0,0,0,1,0,1,0,0,0
0,port,25,L2_09,1,3,0,0,0,0,0,0,0,1,0,1,0,0,0
0,port,25,L2_09,2,0,0,0,0,0,0,0,0,1,0,1,0,0,0
0,port,25,L2_09,3,2,0,0,0,0,0,0,0,1,0,1,0,0,0
0,port,25,L2_09,4,4,0,0,0,0,0,0,0,1,0,1,0,0,0
0,port,25,L2_09,5,0,0,0,0,0,0,0,0,1,0,1,0,0,0
0,port,68,L3_09_00,0,3,0,0,0,0,0,0,0,1,0,1,0,0,0
0,port,68,L3_09_00,1,0,0,0,0,0,0,0,0,1,0,1,0,0,0
0,port,68,L3_09_00,2,1,0,0,0,0,0,0,0,1,0,1,0,0,0
0,port,68,L3_09_00,3,3,0,0,0,0,0,0,0,1,0,1,0,0,0
0,port,68,L3_09_00,4,0,0,0,0,0,0,0,0,1,0,1,0,0,0
0,port,69,L3_09_01,0,3,0,0,0,0,0,0,0,1,0,1,0,0,0
0,port,69,L3_09_01,1,0,0,0,0,0,0,0,0,1,0,1,0,0,0
0,port,69,L3_09_01,2,1,0,0,0,0,0,0,0,1,0,1,0,0,0
0,port,69,L3_09_01,3,3,0,0,0,0,0,0,0,1,0,1,0,0,0
0,port,69,L3_09_01,4,0,0,0,0,0,0,0,0,1,0,1,0,0,0
0,port,70,L3_09_02,0,0,0,0,0,0,0,0,0,1,0,1,0,0,0
0,port,70,L3_09_02,1,0,0,0,0,0,0,0,0,1,0,1,0,0,0
0,port,70,L3_09_02,2,2,0,0,0,0,0,0,0,1,0,1,0,0,0
0,port,70,L3_09_02,3,0,0,0,0,0,0,0,0,1,0,1,0,0,0
0,port,70,L3_09_02,4,0,0,0,0,0,0,0,0,1,0,1,0,0,0
0,port,71,L3_09_03,0,0,0,0,0,0,0,0,0,1,0,1,0,0,0
0,port,71,L3_09_03,1,2,0,0,0,0,0,0,0,1,0,1,0,0,0
0,port,71,L3_09_03,2,0,0,0,0,0,0,0,0,1,0,1,0,0,0
0,port,71,L3_09_03,3,0,0,0,0,0,0,0,0,1,0,1,0,0,0
0,port,71,L3_09_03,4,2,0,0,0,0,0,0,0,1,0,1,0,0,0
0,port,10,L1_10,0,0,0,0,0,0,0,0,0,1,0,1,0,0,0
0,port,10,L1_10,1,0,0,0,0,0,0,0,0,1,0,1,0,0,0
0,port,10,L1_10,2,2,0,0,0,0,0,0,0,1,0,1,0,0,0
0,port,10,L1_10,3,0,0,0,0,0,0,0,0,1,0,1,0,0,0
0,port,10,L1_10,4,1,0,0,0,0,0,0,0,1,0,1,0,0,0
0,port,26,L2_10,0,1,0,0,0,0,0,0,0,1,0,1,0,0,0
0,port,26,L2_10,1,3,0,0,0,0,0,0,0,1,0,1,0,0,0
0,port,26,L2_10,2,0,0,0,0,0,0,0,0,1,0,1,0,0,0
0,port,26,L2_10,3,1,0,0,0,0,0,0,0,1,0,1,0,0,0
0,port,26,L2_10,4,3,0,0,0,0,0,0,0,1,0,1,0,0,0
0,port,26,L2_10,5,0,0,0,0,0,0,0,0,1,0,1,0,0,0
0,port,72,L3_10_00,0,1,0,0,0,0,0,0,0,1,0,1,0,0,0
0,port,72,L3_10_00,1,3,0,0,0,0,0,0,0,1,0,1,0,0,0
0,port,72,L3_10_00,2,0,0,0,0,0,0,0,0,1,0,1,0,0,0
0,port,72,L3_10_00,3,1,0,0,0,0,0,0,0,1,0,1,0,0,0
0,port,72,L3_10_00,4,3,0,0,0,0,0,0,0,1,0,1,0,0,0
0,port,73,L3_10_01,0,1,0,0,0,0,0,0,0,1,0,1,0,0,0
0,port,73,L3_10_01,1,3,0,0,0,0,0,0,0,1,0,1,0,0,0
0,port,73,L3_10_01,2,0,0,0,0,0,0,0,0,1,0,1,0,0,0
0,port,73,L3_10_01,3,1,0,0,0,0,0,0,0,1,0,1,0,0,0
0,port,73,L3_10_01,4,3,0,0,0,0,0,0,0,1,0,1,0,0,0
0,port,74,L3_10_02,0,2,0,0,0,0,0,0,0,1,0,1,0,0,0
0,port,74,L3_10_02,1,0,0,0,0,0,0,0,0,1,0,1,0,0,0
0,port,74,L3_10_02,2,0,0,0,0,0,0,0,0,1,0,1,0,0,0
0,port,74,L3_10_02,3,2,0,0,0,0,0,0,0,1,0,1,0,0,0
0,port,74,L3_10_02,4,0,0,0,0,0,0,0,0,1,0,1,0,0,0
0,port,75,L3_10_03,0,0,0,0,0,0,0,0,0,1,0,1,0,0,0
0,port,75,L3_10_03,1,0,0,0,0,0,0,0,0,1,0,1,0,0,0
0,port,75,L3_10_03,2,2,0,0,0,0,0,0,0,1,0,1,0,0,0
0,port,75,L3_10_03,3,0,0,0,0,0,0,0,0,1,0,1,0,0,0
0,port,75,L3_10_03,4,0,0,0,0,0,0,0,0,1,0,1,0,0,0
0,port,11,L1_11,0,0,0,0,0,0,0,0,0,1,0,1,0,0,0
0,port,11,L1_11,1,0,0,0,0,0,0,0,0,1,0,1,0,0,0
0,port,11,L1_11,2,2,0,0,0,0,0,0,0,1,0,1,0,0,0
0,port,11,L1_11,3,0,0,0,0,0,0,0,0,1,0,1,0,0,0
0,port,11,L1_11,4,0,0,0,0,0,0,0,0,1,0,1,0,0,0
0,port,27,L2_11,0,2,0,0,0,0,0,0,0,1,0,1,0,0,0
0,port,27,L2_11,1,0,0,0,0,0,0,0,0,1,0,1,0,0,0
0,port,27,L2_11,2,1,0,0,0,0,0,0,0,1,0,1,0,0,0
0,port,27,L2_11,3,3,0,0,0,0,0,0,0,1,0,1,0,0,0
0,port,27,L2_11,4,0,0,0,0,0,0,0,0,1,0,1,0,0,0
0,port,27,L2_11,5,1,0,0,0,0,0,0,0,1,0,1,0,0,0
0,port,76,L3_11_00,0,0,0,0,0,0,0,0,0,1,0,1,0,0,0
0,port,76,L3_11_00,1,1,0,0,0,0,0,0,0,1,0,1,0,0,0
0,port,76,L3_11_00,2,3,0,0,0,0,0,0,0,1,0,1,0,0,0
0,port,76,L3_11_00,3,0,0,0,0,0,0,0,0,1,0,1,0,0,0
0,port,76,L3_11_00,4,1,0,0,0,0,0,0,0,1,0,1,0,0,0
0,port,77,L3_11_01,0,0,0,0,0,0,0,0,0,1,0,1,0,0,0
0,port,77,L3_11_01,1,1,0,0,0,0,0,0,0,1,0,1,0,0,0
0,port,77,L3_11_01,2,3,0,0,0,0,0,0,0,1,0,1,0,0,0
0,port,77,L3_11_01,3,0,0,0,0,0,0,0,0,1,0,1,0,0,0
0,port,77,L3_11_01,4,1,0,0,0,0,0,0,0,1,0,1,0,0,0
0,port,78,L3_11_02,0,0,0,0,0,0,0,0,0,1,0,1,0,0,0
0,port,78,L3_11_02,1,2,0,0,0,0,0,0,0,1,0,1,0,0,0
0,port,78,L3_11_02,2,0,0,0,0,0,0,0,0,1,0,1,0,0,0
0,port,78,L3_11_02,3,1,0,0,0,0,0,0,0,1,0,1,0,0,0
0,port,78,L3_11_02,4,3,0,0,0,0,0,0,0,1,0,1,0,0,0
0,port,79,L3_11_03,0,2,0,0,0,0,0,0,0,1,0,1,0,0,0
0,port,79,L3_11_03,1,0,0,0,0,0,0,0,0,1,0,1,0,0,0
0,port,79,L3_11_03,2,0,0,0,0,0,0,0,0,1,0,1,0,0,0
0,port,79,L3_11_03,3,2,0,0,0,0,0,0,0,1,0,1,0,0,0
0,port,79,L3_11_03,4,0,0,0,0,0,0,0,0,1,0,1,0,0,0
0,port,12,L1_12,0,0,0,0,0,0,0,0,0,1,0,1,0,0,0
0,port,12,L1_12,1,2,0,0,0,0,0,0,0,1,0,1,0,0,0
0,port,12,L1_12,2,0,0,0,0,0,0,0,0,1,0,1,0,0,0
0,port,12,L1_12,3,0,0,0,0,0,0,0,0,1,0,1,0,0,0
0,port,12,L1_12,4,2,0,0,0,0,0,0,0,1,0,1,0,0,0
0,port,28,L2_12,0,0,0,0,0,0,0,0,0,1,0,1,0,0,0
0,port,28,L2_12,1,0,0,0,0,0,0,0,0,1,0,1,0,0,0
0,port,28,L2_12,2,2,0,0,0,0,0,0,0,1,0,1,0,0,0
0,port,28,L2_12,3,0,0,0,0,0,0,0,0,1,0,1,0,0,0
0,port,28,L2_12,4,0,0,0,0,0,0,0,0,1,0,1,0,0,0
0,port,28,L2_12,5,2,0,0,0,0,0,0,0,1,0,1,0,0,0
0,port,80,L3_12_00,0,3,0,0,0,0,0,0,0,1,0,1,0,0,0
0,port,80,L3_12_00,1,0,0,0,0,0,0,0,0,1,0,1,0,0,0
0,port,80,L3_12_00,2,1,0,0,0,0,0,0,0,1,0,1,0,0,0
0,port,80,L3_12_00,3,3,0,0,0,0,0,0,0,1,0,1,0,0,0
0,port,80,L3_12_00,4,0,0,0,0,0,0,0,0,1,0,1,0,0,0
0,port,81,L3_12_01,0,3,0,0,0,0,0,0,0,1,0,1,0,0,0
0,port,81,L3_12_01,1,0,0,0,0,0,0,0,0,1,0,1,0,0,0
0,port,81,L3_12_01,2,1,0,0,0,0,0,0,0,1,0,1,0,0,0
0,port,81,L3_12_01,3,3,0,0,0,0,0,0,0,1,0,1,0,0,0
0,port,81,L3_12_01,4,0,0,0,0,0,0,0,0,1,0,1,0,0,0
0,port,82,L3_12_02,0,0,0,0,0,0,0,0,0,1,0,1,0,0,0
0,port,82,L3_12_02,1,1,0,0,0,0,0,0,0,1,0,1,0,0,0
0,port,82,L3_12_02,2,3,0,0,0,0,0,0,0,1,0,1,0,0,0
0,port,82,L3_12_02,3,0,0,0,0,0,0,0,0,1,0,1,0,0,0
0,port,82,L3_12_02,4,1,0,0,0,0,0,0,0,1,0,1,0,0,0
0,port,83,L3_12_03,0,0,0,0,0,0,0,0,0,1,0,1,0,0,0
0,port,83,L3_12_03,1,2,0,0,0,0,0,0,0,1,0,1,0,0,0
0,port,83,L3_12_03,2,0,0,0,0,0,0,0,0,1,0,1,0,0,0
0,port,83,L3_12_03,3,0,0,0,0,0,0,0,0,1,0,1,0,0,0
0,port,83,L3_12_03,4,2,0,0,0,0,0,0,0,1,0,1,0,0,0
0,port,13,L1_13,0,1,0,0,0,0,0,0,0,1,0,1,0,0,0
0,port,13,L1_13,1,3,0,0,0,0,0,0,0,1,0,1,0,0,0
0,port,13,L1_13,2,0,0,0,0,0,0,0,0,1,0,1,0,0,0
0,port,13,L1_13,3,1,0,0,0,0,0,0,0,1,0,1,0,0,0
0,port,13,L1_13,4,3,0,0,0,0,0,0,0,1,0,1,0,0,0
0,port,29,L2_13,0,0,0,0,0,0,0,0,0,1,0,1,0,0,0
0,port,29,L2_13,1,1,0,0,0,0,0,0,0,1,0,1,0,0,0
0,port,29,L2_13,2,4,0,0,0,0,0,0,0,1,0,1,0,0,0
0,port,29,L2_13,3,0,0,0,0,0,0,0,0,1,0,1,0,0,0
0,port,29,L2_13,4,2,0,0,0,0,0,0,0,1,0,1,0,0,0
0,port,29,L2_13,5,0,0,0,0,0,0,0,0,1,0,1,0,0,0
0,port,84,L3_13_00,0,1,0,0,0,0,0,0,0,1,0,1,0,0,0
0,port,84,L3_13_00,1,3,0,0,0,0,0,0,0,1,0,1,0,0,0
0,port,84,L3_13_00,2,0,0,0,0,0,0,0,0,1,0,1,0,0,0
0,port,84,L3_13_00,3,2,0,0,0,0,0,0,0,1,0,1,0,0,0
0,port,84,L3_13_00,4,0,0,0,0,0,0,0,0,1,0,1,0,0,0
0,port,85,L3_13_01,0,1,0,0,0,0,0,0,0,1,0,1,0,0,0
0,port,85,L3_13_01,1,3,0,0,0,0,0,0,0,1,0,1,0,0,0
0,port,85,L3_13_01,2,0,0,0,0,0,0,0,0,1,0,1,0,0,0
0,port,85,L3_13_01,3,1,0,0,0,0,0,0,0,1,0,1,0,0,0
0,port,85,L3_13_01,4,3,0,0,0,0,0,0,0,1,0,1,0,0,0
0,port,86,L3_13_02,0,3,0,0,0,0,0,0,0,1,0,1,0,0,0
0,port,86,L3_13_02,1,0,0,0,0,0,0,0,0,1,0,1,0,0,0
0,port,86,L3_13_02,2,1,0,0,0,0,0,0,0,1,0,1,0,0,0
0,port,86,L3_13_02,3,3,0,0,0,0,0,0,0,1,0,1,0,0,0
0,port,86,L3_13_02,4,0,0,0,0,0,0,0,0,1,0,1,0,0,0
0,port,87,L3_13_03,0,0,0,0,0,0,0,0,0,1,0,1,0,0,0
0,port,87,L3_13_03,1,0,0,0,0,0,0,0,0,1,0,1,0,0,0
0,port,87,L3_13_03,2,2,0,0,0,0,0,0,0,1,0,1,0,0,0
0,port,87,L3_13_03,3,0,0,0,0,0,0,0,0,1,0,1,0,0,0
0,port,87,L3_13_03,4,0,0,0,0,0,0,0,0,1,0,1,0,0,0
0,port,14,L1_14,0,2,0,0,0,0,0,0,0,1,0,1,0,0,0
0,port,14,L1_14,1,0,0,0,0,0,0,0,0,1,0,1,0,0,0
0,port,14,L1_14,2,1,0,0,0,0,0,0,0,1,0,1,0,0,0
0,port,14,L1_14,3,3,0,0,0,0,0,0,0,1,0,1,0,0,0
0,port,14,L1_14,4,0,0,0,0,0,0,0,0,1,0,1,0,0,0
0,port,30,L2_14,0,0,0,0,0,0,0,0,0,1,0,1,0,0,0
0,port,30,L2_14,1,1,0,0,0,0,0,0,0,1,0,1,0,0,0
0,port,30,L2_14,2,3,0,0,0,0,0,0,0,1,0,1,0,0,0
0,port,30,L2_14,3,0,0,0,0,0,0,0,0,1,0,1,0,0,0
0,port,30,L2_14,4,1,0,0,0,0,0,0,0,1,0,1,0,0,0
0,port,30,L2_14,5,3,0,0,0,0,0,0,0,1,0,1,0,0,0
0,port,88,L3_14_00,0,0,0,0,0,0,0,0,0,1,0,1,0,0,0
0,port,88,L3_14_00,1,2,0,0,0,0,0,0,0,1,0,1,0,0,0
0,port,88,L3_14_00,2,0,0,0,0,0,0,0,0,1,0,1,0,0,0
0,port,88,L3_14_00,3,0,0,0,0,0,0,0,0,1,0,1,0,0,0
0,port,88,L3_14_00,4,2,0,0,0,0,0,0,0,1,0,1,0,0,0
0,port,89,L3_14_01,0,0,0,0,0,0,0,0,0,1,0,1,0,0,0
0,port,89,L3_14_01,1,1,0,0,0,0,0,0,0,1,0,1,0,0,0
0,port,89,L3_14_01,2,3,0,0,0,0,0,0,0,1,0,1,0,0,0
0,port,89,L3_14_01,3,0,0,0,0,0,0,0,0,1,0,1,0,0,0
0,port,89,L3_14_01,4,1,0,0,0,0,0,0,0,1,0,1,0,0,0
0,port,90,L3_14_02,0,1,0,0,0,0,0,0,0,1,0,1,0,0,0
0,port,90,L3_14_02,1,3,0,0,0,0,0,0,0,1,0,1,0,0,0
0,port,90,L3_14_02,2,0,0,0,0,0,0,0,0,1,0,1,0,0,0
0,port,90,L3_14_02,3,1,0,0,0,0,0,0,0,1,0,1,0,0,0
0,port,90,L3_14_02,4,3,0,0,0,0,0,0,0,1,0,1,0,0,0
0,port,91,L3_14_03,0,2,0,0,0,0,0,0,0,1,0,1,0,0,0
0,port,91,L3_14_03,1,0,0,0,0,0,0,0,0,1,0,1,0,0,0
0,port,91,L3_14_03,2,0,0,0,0,0,0,0,0,1,0,1,0,0,0
0,port,91,L3_14_03,3,2,0,0,0,0,0,0,0,1,0,1,0,0,0
0,port,91,L3_14_03,4,0,0,0,0,0,0,0,0,1,0,1,0,0,0
0,port,15,L1_15,0,2,0,0,0,0,0,0,0,1,0,1,0,0,0
0,port,15,L1_15,1,0,0,0,0,0,0,0,0,1,0,1,0,0,0
0,port,15,L1_15,2,0,0,0,0,0,0,0,0,1,0,1,0,0,0
0,port,15,L1_15,3,2,0,0,0,0,0,0,0,1,0,1,0,0,0
0,port,15,L1_15,4,0,0,0,0,0,0,0,0,1,0,1,0,0,0
0,port,31,L2_15,0,1,0,0,0,0,0,0,0,1,0,1,0,0,0
0,port,31,L2_15,1,3,0,0,0,0,0,0,0,1,0,1,0,0,0
0,port,31,L2_15,2,0,0,0,0,0,0,0,0,1,0,1,0,0,0
0,port,31,L2_15,3,1,0,0,0,0,0,0,0,1,0,1,0,0,0
0,port,31,L2_15,4,3,0,0,0,0,0,0,0,1,0,1,0,0,0
0,port,31,L2_15,5,0,0,0,0,0,0,0,0,1,0,1,0,0,0
0,port,92,L3_15_00,0,2,0,0,0,0,0,0,0,1,0,1,0,0,0
0,port,92,L3_15_00,1,0,0,0,0,0,0,0,0,1,0,1,0,0,0
0,port,92,L3_15_00,2,0,0,0,0,0,0,0,0,1,0,1,0,0,0
0,port,92,L3_15_00,3,2,0,0,0,0,0,0,0,1,0,1,0,0,0
0,port,92,L3_15_00,4,0,0,0,0,0,0,0,0,1,0,1,0,0,0
0,port,93,L3_15_01,0,3,0,0,0,0,0,0,0,1,0,1,0,0,0
0,port,93,L3_15_01,1,0,0,0,0,0,0,0,0,1,0,1,0,0,0
0,port,93,L3_15_01,2,1,0,0,0,0,0,0,0,1,0,1,0,0,0
0,port,93,L3_15_01,3,3,0,0,0,0,0,0,0,1,0,1,0,0,0
0,port,93,L3_15_01,4,0,0,0,0,0,0,0,0,1,0,1,0,0,0
0,port,94,L3_15_02,0,0,0,0,0,0,0,0,0,1,0,1,0,0,0
0,port,94,L3_15_02,1,1,0,0,0,0,0,0,0,1,0,1,0,0,0
0,port,94,L3_15_02,2,3,0,0,0,0,0,0,0,1,0,1,0,0,0
0,port,94,L3_15_02,3,0,0,0,0,0,0,0,0,1,0,1,0,0,0
0,port,94,L3_15_02,4,1,0,0,0,0,0,0,0,1,0,1,0,0,0
0,port,95,L3_15_03,0,0,0,0,0,0,0,0,0,1,0,1,0,0,0
0,port,95,L3_15_03,1,2,0,0,0,0,0,0,0,1,0,1,0,0,0
0,port,95,L3_15_03,2,0,0,0,0,0,0,0,0,1,0,1,0,0,0
0,port,95,L3_15_03,3,0,0,0,0,0,0,0,0,1,0,1,0,0,0
0,port,95,L3_15_03,4,3,0,0,0,0,0,0,0,1,0,1,0,0,0
100,router,0,L1_00,-1,61,55,18,0,0,0,0,0,0,0,0,0,7.59,7.59
100,router,16,L2_00,-1,44,41,12,0,0,0,0,0,0,0,0,0,5.8,5.8
100,shim,96,SHIM_00_00,-1,19,24,1,0,0,0,4,0,0,0,0,0,8.26,8.26
100,router,32,L3_00_00,-1,32,32,8,0,0,0,0,0,0,0,0,0,10.77,10.77
100,shim,97,SHIM_00_01,-1,25,27,1,0,0,0,1,0,0,0,0,0,9.24,9.24
100,router,33,L3_00_01,-1,25,22,10,0,0,0,0,0,0,0,0,0,8.48,8.48
100,shim,98,SHIM_00_02,-1,19,18,2,0,0,0,2,1,0,0,0,0,8.05,8.05
100,router,34,L3_00_02,-1,23,21,9,0,0,0,0,0,0,0,0,0,7.91,7.91
100,shim,99,SHIM_00_03,-1,25,21,1,0,0,0,3,7,0,0,0,0,7.2,7.2
100,router,35,L3_00_03,-1,30,25,4,0,0,0,0,0,0,0,0,0,7.05,7.05
100,router,1,L1_01,-1,55,58,25,0,0,0,0,0,0,0,0,0,9.22,9.22
100,router,17,L2_01,-1,50,44,20,0,0,0,0,0,0,0,0,0,7.4,7.4
100,shim,100,SHIM_01_00,-1,24,20,1,0,0,0,3,5,0,0,0,0,6.99,6.99
100,router,36,L3_01_00,-1,24,28,6,0,0,0,0,0,0,0,0,0,8.77,8.77
100,shim,101,SHIM_01_01,-1,30,23,1,0,0,0,4,12,0,0,0,0,7.97,7.97
100,router,37,L3_01_01,-1,30,31,7,0,0,0,0,0,0,0,0,0,10.11,10.11
100,shim,102,SHIM_01_02,-1,24,27,1,0,0,0,1,0,0,0,0,0,8.95,8.95
100,router,38,L3_01_02,-1,28,30,7,0,0,0,0,0,0,0,0,0,9.91,9.91
100,shim,103,SHIM_01_03,-1,17,17,2,0,0,0,2,0,0,0,0,0,7.77,7.77
100,router,39,L3_01_03,-1,21,20,9,0,0,0,0,0,0,0,0,0,7.62,7.62
100,router,2,L1_02,-1,48,48,32,0,0,0,0,0,0,0,0,0,10.84,10.84
100,router,18,L2_02,-1,45,48,29,0,0,0,0,0,0,0,0,0,9.06,9.06
100,shim,104,SHIM_02_00,-1,16,16,2,0,0,0,1,0,0,0,0,0,11.56,11.56
100,router,40,L3_02_00,-1,28,24,3,0,0,0,0,0,0,0,0,0,6.4,6.4
100,shim,105,SHIM_02_01,-1,22,19,0,0,0,0,2,4,0,0,0,0,4.88,4.88
100,router,41,L3_02_01,-1,34,27,5,0,0,0,0,0,0,0,0,0,8.12,8.12
100,shim,106,SHIM_02_02,-1,28,22,1,0,0,0,3,10,0,0,0,0,7.69,7.69
100,router,42,L3_02_02,-1,32,26,5,0,0,0,0,0,0,0,0,0,7.91,7.91
100,shim,107,SHIM_02_03,-1,23,26,1,0,0,0,0,0,0,0,0,0,8.67,8.67
100,router,43,L3_02_03,-1,26,29,6,0,0,0,0,0,0,0,0,0,9.26,9.26
100,router,3,L1_03,-1,59,60,30,0,0,0,0,0,0,0,0,0,10.45,10.45
100,router,19,L2_03,-1,43,47,27,0,0,0,0,0,0,0,0,0,8.71,8.71
100,shim,108,SHIM_03_00,-1,21,25,1,0,0,0,0,0,0,0,0,0,8.47,8.47
100,router,44,L3_03_00,-1,20,20,8,0,0,0,0,0,0,0,0,0,6.97,6.97
100,shim,109,SHIM_03_01,-1,27,28,1,0,0,0,1,0,0,0,0,0,9.45,9.45
100,router,45,L3_03_01,-1,26,23,3,0,0,0,0,0,0,0,0,0,6.12,6.12
100,shim,110,SHIM_03_02,-1,20,18,2,0,0,0,2,2,0,0,0,0,8.26,8.26
100,router,46,L3_03_02,-1,25,22,10,0,0,0,0,0,0,0,0,0,8.48,8.48
100,shim,111,SHIM_03_03,-1,26,21,1,0,0,0,3,8,0,0,0,0,7.41,7.41
100,router,47,L3_03_03,-1,31,25,4,0,0,0,0,0,0,0,0,0,7.26,7.26
100,router,4,L1_04,-1,53,51,37,0,0,0,0,0,0,0,0,0,8.07,8.07
100,router,20,L2_04,-1,49,50,36,0,0,0,0,0,0,0,0,0,10.37,10.37
100,shim,112,SHIM_04_00,-1,25,21,1,0,0,0,3,7,0,0,0,0,7.2,7.2
100,router,48,L3_04_00,-1,24,28,6,0,0,0,0,0,0,0,0,0,8.98,8.98
100,shim,113,SHIM_04_01,-1,31,24,1,0,0,0,4,0,0,0,0,0,8.18,8.18
100,router,49,L3_04_01,-1,31,32,8,0,0,0,0,0,0,0,0,0,10.69,10.69
100,shim,114,SHIM_04_02,-1,25,27,1,0,0,0,1,0,0,0,0,0,9.16,9.16
100,router,50,L3_04_02,-1,30,31,7,0,0,0,0,0,0,0,0,0,10.12,10.12
100,shim,115,SHIM_04_03,-1,18,17,2,0,0,0,2,0,0,0,0,0,7.97,7.97
100,router,51,L3_04_03,-1,23,21,9,0,0,0,0,0,0,0,0,0,7.83,7.83
100,router,5,L1_05,-1,59,54,16,0,0,0,0,0,0,0,0,0,7.13,7.13
100,router,21,L2_05,-1,42,40,44,0,0,0,0,0,0,0,0,0,7.97,7.97
100,shim,116,SHIM_05_00,-1,17,17,2,0,0,0,2,0,0,0,0,0,7.77,7.77
100,router,52,L3_05_00,-1,29,24,4,0,0,0,0,0,0,0,0,0,6.98,6.98
100,shim,117,SHIM_05_01,-1,23,20,1,0,0,0,3,5,0,0,0,0,6.92,6.92
100,router,53,L3_05_01,-1,23,27,5,0,0,0,0,0,0,0,0,0,8.33,8.33
100,shim,118,SHIM_05_02,-1,29,23,1,0,0,0,4,11,0,0,0,0,7.9,7.9
100,router,54,L3_05_02,-1,34,27,5,0,0,0,0,0,0,0,0,0,8.12,8.12
100,shim,119,SHIM_05_03,-1,23,26,1,0,0,0,0,0,0,0,0,0,8.88,8.88
100,router,55,L3_05_03,-1,28,30,7,0,0,0,0,0,0,0,0,0,9.83,9.83
100,router,6,L1_06,-1,53,57,23,0,0,0,0,0,0,0,0,0,8.75,8.75
100,router,22,L2_06,-1,41,40,42,0,0,0,0,0,0,0,0,0,7.61,7.61
100,shim,120,SHIM_06_00,-1,23,26,1,0,0,0,0,0,0,0,0,0,8.67,8.67
100,router,56,L3_06_00,-1,21,20,9,0,0,0,0,0,0,0,0,0,7.55,7.55
100,shim,121,SHIM_06_01,-1,29,29,2,0,0,0,1,0,0,0,0,0,11.49,11.49
100,router,57,L3_06_01,-1,20,20,8,0,0,0,0,0,0,0,0,0,6.98,6.98
100,shim,122,SHIM_06_02,-1,22,19,2,0,0,0,2,3,0,0,0,0,8.47,8.47
100,router,58,L3_06_02,-1,26,23,3,0,0,0,0,0,0,0,0,0,6.12,6.12
100,shim,123,SHIM_06_03,-1,27,22,1,0,0,0,3,9,0,0,0,0,7.61,7.61
100,router,59,L3_06_03,-1,32,26,4,0,0,0,0,0,0,0,0,0,7.47,7.47
100,router,7,L1_07,-1,63,68,48,0,0,0,0,0,0,0,0,0,10.84,10.84
100,router,23,L2_07,-1,47,43,16,0,0,0,0,0,0,0,0,0,6.6,6.6
100,shim,124,SHIM_07_00,-1,27,22,1,0,0,0,3,8,0,0,0,0,7.41,7.41
100,router,60,L3_07_00,-1,26,29,6,0,0,0,0,0,0,0,0,0,9.18,9.18
100,shim,125,SHIM_07_01,-1,21,25,1,0,0,0,4,0,0,0,0,0,8.39,8.39
100,router,61,L3_07_01,-1,24,28,6,0,0,0,0,0,0,0,0,0,8.98,8.98
100,shim,126,SHIM_07_02,-1,27,28,1,0,0,0,1,0,0,0,0,0,9.37,9.37
100,router,62,L3_07_02,-1,31,32,8,0,0,0,0,0,0,0,0,0,10.69,10.69
100,shim,127,SHIM_07_03,-1,20,18,2,0,0,0,2,1,0,0,0,0,8.18,8.18
100,router,63,L3_07_03,-1,24,22,9,0,0,0,0,0,0,0,0,0,8.04,8.04
100,router,8,L1_08,-1,57,59,28,0,0,0,0,0,0,0,0,0,9.98,9.98
100,router,24,L2_08,-1,41,46,25,0,0,0,0,0,0,0,0,0,8.27,8.27
100,shim,128,SHIM_08_00,-1,18,17,2,0,0,0,2,0,0,0,0,0,7.98,7.98
100,router,64,L3_08_00,-1,30,25,4,0,0,0,0,0,0,0,0,0,7.19,7.19
100,shim,129,SHIM_08_01,-1,25,21,1,0,0,0,3,6,0,0,0,0,7.13,7.13
100,router,65,L3_08_01,-1,29,24,4,0,0,0,0,0,0,0,0,0,6.98,6.98
100,shim,130,SHIM_08_02,-1,31,24,1,0,0,0,4,12,0,0,0,0,8.11,8.11
100,router,66,L3_08_02,-1,24,28,5,0,0,0,0,0,0,0,0,0,8.33,8.33
100,shim,131,SHIM_08_03,-1,29,23,1,0,0,0,4,11,0,0,0,0,7.9,7.9
100,router,67,L3_08_03,-1,30,31,7,0,0,0,0,0,0,0,0,0,10.04,10.04
100,router,9,L1_09,-1,51,50,35,0,0,0,0,0,0,0,0,0,7.6,7.6
100,router,25,L2_09,-1,47,49,33,0,0,0,0,0,0,0,0,0,9.86,9.86
100,shim,132,SHIM_09_00,-1,23,26,1,0,0,0,0,0,0,0,0,0,8.88,8.88
100,router,68,L3_09_00,-1,22,21,9,0,0,0,0,0,0,0,0,0,7.76,7.76
100,shim,133,SHIM_09_01,-1,16,16,2,0,0,0,1,0,0,0,0,0,7.69,7.69
100,router,69,L3_09_01,-1,21,20,9,0,0,0,0,0,0,0,0,0,7.55,7.55
100,shim,134,SHIM_09_02,-1,23,20,1,0,0,0,2,5,0,0,0,0,6.84,6.84
100,router,70,L3_09_02,-1,27,23,3,0,0,0,0,0,0,0,0,0,6.33,6.33
100,shim,135,SHIM_09_03,-1,22,19,2,0,0,0,2,3,0,0,0,0,8.47,8.47
100,router,71,L3_09_03,-1,34,27,5,0,0,0,0,0,0,0,0,0,8.05,8.05
100,router,10,L1_10,-1,57,53,13,0,0,0,0,0,0,0,0,0,6.57,6.57
100,router,26,L2_10,-1,47,49,31,0,0,0,0,0,0,0,0,0,9.5,9.5
100,shim,136,SHIM_10_00,-1,27,22,1,0,0,0,3,9,0,0,0,0,7.62,7.62
100,router,72,L3_10_00,-1,28,30,7,0,0,0,0,0,0,0,0,0,9.76,9.76
100,shim,137,SHIM_10_01,-1,21,25,1,0,0,0,0,0,0,0,0,0,8.6,8.6
100,router,73,L3_10_01,-1,26,29,6,0,0,0,0,0,0,0,0,0,9.19,9.19
100,shim,138,SHIM_10_02,-1,28,29,2,0,0,0,1,0,0,0,0,0,11.41,11.41
100,router,74,L3_10_02,-1,19,19,8,0,0,0,0,0,0,0,0,0,10.9,10.9
100,shim,139,SHIM_10_03,-1,27,28,1,0,0,0,1,0,0,0,0,0,9.37,9.37
100,router,75,L3_10_03,-1,25,22,3,0,0,0,0,0,0,0,0,0,6.05,6.05
100,router,11,L1_11,-1,68,64,39,0,0,0,0,0,0,0,0,0,8.75,8.75
100,router,27,L2_11,-1,39,39,40,0,0,0,0,0,0,0,0,0,7.17,7.17
100,shim,140,SHIM_11_00,-1,20,18,2,0,0,0,2,2,0,0,0,0,8.19,8.19
100,router,76,L3_11_00,-1,32,26,4,0,0,0,0,0,0,0,0,0,7.39,7.39
100,shim,141,SHIM_11_01,-1,26,21,1,0,0,0,3,8,0,0,0,0,7.33,7.33
100,router,77,L3_11_01,-1,30,25,4,0,0,0,0,0,0,0,0,0,7.19,7.19
100,shim,142,SHIM_11_02,-1,20,24,1,0,0,0,4,0,0,0,0,0,8.31,8.31
100,router,78,L3_11_02,-1,24,28,6,0,0,0,0,0,0,0,0,0,8.9,8.9
100,shim,143,SHIM_11_03,-1,31,24,1,0,0,0,4,12,0,0,0,0,8.11,8.11
100,router,79,L3_11_03,-1,30,31,8,0,0,0,0,0,0,0,0,0,10.62,10.62
100,router,12,L1_12,-1,62,55,19,0,0,0,0,0,0,0,0,0,7.89,7.89
100,router,28,L2_12,-1,45,42,14,0,0,0,0,0,0,0,0,0,6.17,6.17
100,shim,144,SHIM_12_00,-1,25,27,1,0,0,0,1,0,0,0,0,0,9.09,9.09
100,router,80,L3_12_00,-1,24,22,9,0,0,0,0,0,0,0,0,0,7.96,7.96
100,shim,145,SHIM_12_01,-1,18,17,2,0,0,0,2,0,0,0,0,0,7.9,7.9
100,router,81,L3_12_01,-1,23,21,9,0,0,0,0,0,0,0,0,0,7.76,7.76
100,shim,146,SHIM_12_02,-1,24,20,1,0,0,0,3,6,0,0,0,0,7.05,7.05
100,router,82,L3_12_02,-1,28,24,3,0,0,0,0,0,0,0,0,0,6.54,6.54
100,shim,147,SHIM_12_03,-1,23,20,1,0,0,0,2,5,0,0,0,0,6.85,6.85
100,router,83,L3_12_03,-1,22,27,5,0,0,0,0,0,0,0,0,0,8.25,8.25
100,router,13,L1_13,-1,57,59,26,0,0,0,0,0,0,0,0,0,9.52,9.52
100,router,29,L2_13,-1,51,45,22,0,0,0,0,0,0,0,0,0,7.76,7.76
100,shim,148,SHIM_13_00,-1,29,23,1,0,0,0,3,11,0,0,0,0,7.83,7.83
100,router,84,L3_13_00,-1,28,30,7,0,0,0,0,0,0,0,0,0,9.97,9.97
100,shim,149,SHIM_13_01,-1,23,26,1,0,0,0,0,0,0,0,0,0,8.81,8.81
100,router,85,L3_13_01,-1,28,30,7,0,0,0,0,0,0,0,0,0,9.76,9.76
100,shim,150,SHIM_13_02,-1,16,16,2,0,0,0,1,0,0,0,0,0,11.62,11.62
100,router,86,L3_13_02,-1,21,20,8,0,0,0,0,0,0,0,0,0,7.11,7.11
100,shim,151,SHIM_13_03,-1,28,29,2,0,0,0,1,0,0,0,0,0,11.41,11.41
100,router,87,L3_13_03,-1,27,23,3,0,0,0,0,0,0,0,0,0,6.26,6.26
100,router,14,L1_14,-1,49,49,33,0,0,0,0,0,0,0,0,0,7.14,7.14
100,router,30,L2_14,-1,62,56,53,0,0,0,0,0,0,0,0,0,9.92,9.92
100,shim,152,SHIM_14_00,-1,21,19,2,0,0,0,2,3,0,0,0,0,8.39,8.39
100,router,88,L3_14_00,-1,33,26,5,0,0,0,0,0,0,0,0,0,7.97,7.97
100,shim,153,SHIM_14_01,-1,27,22,1,0,0,0,3,9,0,0,0,0,7.54,7.54
100,router,89,L3_14_01,-1,32,26,4,0,0,0,0,0,0,0,0,0,7.4,7.4
100,shim,154,SHIM_14_02,-1,21,25,1,0,0,0,0,0,0,0,0,0,8.52,8.52
100,router,90,L3_14_02,-1,26,29,6,0,0,0,0,0,0,0,0,0,9.11,9.11
100,shim,155,SHIM_14_03,-1,20,24,1,0,0,0,4,0,0,0,0,0,8.32,8.32
100,router,91,L3_14_03,-1,19,19,8,0,0,0,0,0,0,0,0,0,10.83,10.83
100,router,15,L1_15,-1,48,48,32,0,0,0,0,0,0,0,0,0,10.84,10.84
100,router,31,L2_15,-1,45,48,29,0,0,0,0,0,0,0,0,0,9.07,9.07
100,shim,156,SHIM_15_00,-1,27,28,1,0,0,0,1,0,0,0,0,0,9.3,9.3
100,router,92,L3_15_00,-1,30,31,8,0,0,0,0,0,0,0,0,0,10.62,10.62
100,shim,157,SHIM_15_01,-1,19,18,2,0,0,0,2,1,0,0,0,0,8.11,8.11
100,router,93,L3_15_01,-1,24,22,9,0,0,0,0,0,0,0,0,0,7.97,7.97
100,shim,158,SHIM_15_02,-1,25,21,1,0,0,0,3,7,0,0,0,0,7.26,7.26
100,router,94,L3_15_02,-1,30,25,4,0,0,0,0,0,0,0,0,0,7.11,7.11
100,shim,159,SHIM_15_03,-1,24,20,1,0,0,0,3,6,0,0,0,0,7.05,7.05
100,router,95,L3_15_03,-1,24,28,6,0,0,0,0,0,0,0,0,0,8.83,8.83
100,endpoint,320,LLCH_00,-1,39,39,0,0,0,0,0,0,0,0,0,0,8.12,8.12
100,endpoint,324,LLCH_01,-1,52,52,0,0,0,0,0,0,0,0,0,0,7.17,7.17
100,endpoint,328,LLCH_02,-1,46,46,0,0,0,0,0,0,0,0,0,0,9.23,9.23
100,endpoint,332,LLCH_03,-1,40,40,0,0,0,0,0,0,0,0,0,0,8.28,8.28
100,endpoint,336,LLCH_04,-1,35,35,0,0,0,0,0,0,0,0,0,0,7.33,7.33
100,endpoint,340,LLCH_05,-1,47,47,0,0,0,0,0,0,0,0,0,0,9.38,9.38
100,endpoint,344,LLCH_06,-1,41,41,0,0,0,0,0,0,0,0,0,0,8.43,8.43
100,endpoint,348,LLCH_07,-1,36,36,0,0,0,0,0,0,0,0,0,0,7.49,7.49
100,endpoint,352,LLCH_08,-1,48,48,0,0,0,0,0,0,0,0,0,0,9.54,9.54
100,endpoint,356,LLCH_09,-1,42,42,0,0,0,0,0,0,0,0,0,0,8.59,8.59
100,endpoint,360,LLCH_10,-1,37,37,0,0,0,0,0,0,0,0,0,0,7.64,7.64
100,endpoint,364,LLCH_11,-1,49,49,0,0,0,0,0,0,0,0,0,0,9.69,9.69
100,endpoint,368,LLCH_12,-1,43,43,0,0,0,0,0,0,0,0,0,0,8.75,8.75
100,endpoint,372,LLCH_13,-1,38,38,0,0,0,0,0,0,0,0,0,0,7.8,7.8
100,endpoint,376,LLCH_14,-1,50,50,0,0,0,0,0,0,0,0,0,0,9.85,9.85
100,endpoint,380,LLCH_15,-1,39,39,0,0,0,0,0,0,0,0,0,0,8.01,8.01
100,port,0,L1_00,0,155,153,6,46,46,0,0,1,153,1210,153,1669,7.91,10.91
100,port,0,L1_00,1,195,197,7,54,54,0,0,2,197,1387,197,1978,7.04,10.04
100,port,0,L1_00,2,61,61,3,27,22,5,0,0,61,285,61,468,4.68,7.68
100,port,0,L1_00,3,54,52,3,25,19,5,0,1,52,285,52,441,5.49,8.49
100,port,0,L1_00,4,94,96,4,34,33,0,0,1,96,444,96,732,4.62,7.62
100,port,16,L2_00,0,128,127,5,40,40,0,0,0,127,822,127,1203,6.47,9.47
100,port,16,L2_00,1,174,171,7,49,49,0,0,1,171,1471,171,1984,8.6,11.6
100,port,16,L2_00,2,214,215,8,58,58,0,0,3,215,1664,215,2309,7.74,10.74
100,port,16,L2_00,3,80,79,4,31,28,3,0,0,79,425,79,662,5.38,8.38
100,port,16,L2_00,4,73,70,4,29,25,3,0,1,70,433,70,643,6.18,9.18
100,port,16,L2_00,5,113,114,5,38,38,0,0,2,114,606,114,948,5.32,8.32
100,port,32,L3_00_00,0,38,39,2,46,46,0,0,2,39,248,39,365,6.36,9.36
100,port,32,L3_00_00,1,37,36,1,44,44,0,0,1,36,258,36,366,7.16,10.16
100,port,32,L3_00_00,2,50,47,2,53,53,0,0,2,47,437,47,578,9.3,12.3
100,port,32,L3_00_00,3,12,13,1,26,20,5,0,1,13,51,13,90,3.94,6.94
100,port,32,L3_00_00,4,25,24,1,34,33,0,0,1,24,146,24,218,6.08,9.08
100,port,33,L3_00_01,0,44,44,2,50,50,0,0,0,44,337,44,469,7.65,10.65
100,port,33,L3_00_01,1,13,10,1,23,16,6,0,1,10,53,10,83,5.28,8.28
100,port,33,L3_00_01,2,52,53,2,57,57,0,0,3,53,402,53,561,7.59,10.59
100,port,33,L3_00_01,3,20,19,1,30,27,3,0,0,19,99,19,156,5.23,8.23
100,port,33,L3_00_01,4,33,30,1,39,39,0,0,1,30,221,30,311,7.36,10.36
100,port,34,L3_00_02,0,50,50,2,55,55,0,0,0,50,403,50,553,8.05,11.05
100,port,34,L3_00_02,1,18,16,1,28,23,4,0,1,16,91,16,139,5.68,8.68
100,port,34,L3_00_02,2,11,13,1,26,20,5,0,1,13,45,13,84,3.49,6.49
100,port,34,L3_00_02,3,24,24,1,34,33,1,0,0,24,135,24,207,5.63,8.63
100,port,34,L3_00_02,4,37,35,1,43,43,0,0,1,35,272,35,377,7.76,10.76
100,port,35,L3_00_03,0,12,10,1,23,16,7,0,0,10,48,10,78,4.83,7.83
100,port,35,L3_00_03,1,19,21,1,32,29,2,0,1,21,146,21,209,6.97,9.97
100,port,35,L3_00_03,2,32,32,1,41,41,0,0,0,32,196,32,292,6.11,9.11
100,port,35,L3_00_03,3,32,30,1,39,39,0,0,1,30,208,30,298,6.92,9.92
100,port,35,L3_00_03,4,39,41,2,48,48,0,0,2,41,371,41,494,9.05,12.05
100,port,1,L1_01,0,173,175,7,50,50,0,0,2,175,1608,175,2133,9.19,12.19
100,port,1,L1_01,1,219,219,8,59,59,0,0,0,219,1824,219,2481,8.33,11.33
100,port,1,L1_01,2,85,83,4,32,29,2,0,1,83,496,83,745,5.97,8.97
100,port,1,L1_01,3,125,127,5,40,40,0,0,2,127,1030,127,1411,8.11,11.11
100,port,1,L1_01,4,118,118,5,39,39,0,0,0,118,697,118,1051,5.91,8.91
100,port,17,L2_01,0,204,202,8,55,55,0,0,1,202,1836,202,2442,9.09,12.09
100,port,17,L2_01,1,191,193,7,54,54,0,0,2,193,1330,193,1909,6.89,9.89
100,port,17,L2_01,2,57,57,3,26,21,5,0,0,57,258,57,429,4.53,7.53
100,port,17,L2_01,3,103,101,4,35,34,0,0,1,101,674,101,977,6.67,9.67
100,port,17,L2_01,4,143,145,6,44,44,0,0,2,145,841,145,1276,5.8,8.8
100,port,17,L2_01,5,136,136,6,42,42,0,0,0,136,899,136,1307,6.61,9.61
100,port,36,L3_01_00,0,19,16,1,28,23,4,0,1,16,98,16,146,6.12,9.12
100,port,36,L3_01_00,1,26,27,1,36,36,0,0,2,27,142,27,223,5.26,8.26
100,port,36,L3_01_00,2,39,38,1,45,45,0,0,1,38,281,38,395,7.4,10.4
100,port,36,L3_01_00,3,52,49,2,54,54,0,0,2,49,467,49,614,9.54,12.54
100,port,36,L3_01_00,4,45,46,2,52,52,0,0,0,46,338,46,476,7.34,10.34
100,port,37,L3_01_01,0,34,35,1,43,43,0,0,2,35,201,35,306,5.74,8.74
100,port,37,L3_01_01,1,33,32,1,41,41,0,0,0,32,210,32,306,6.55,9.55
100,port,37,L3_01_01,2,46,43,2,50,50,0,0,1,43,374,43,503,8.69,11.69
100,port,37,L3_01_01,3,53,54,2,58,58,0,0,3,54,422,54,584,7.82,10.82
100,port,37,L3_01_01,4,21,20,1,31,28,3,0,0,20,109,20,169,5.46,8.46
100,port,38,L3_01_02,0,38,40,2,47,47,0,0,2,40,246,40,366,6.14,9.14
100,port,38,L3_01_02,1,51,51,2,56,56,0,0,0,51,422,51,575,8.28,11.28
100,port,38,L3_01_02,2,51,49,2,54,54,0,0,1,49,445,49,592,9.09,12.09
100,port,38,L3_01_02,3,14,15,1,27,22,4,0,1,15,56,15,101,3.72,6.72
100,port,38,L3_01_02,4,27,26,1,36,35,1,0,0,26,152,26,230,5.86,8.86
100,port,39,L3_01_03,0,46,46,2,51,51,0,0,0,46,342,46,480,7.43,10.43
100,port,39,L3_01_03,1,14,12,1,24,18,5,0,1,12,61,12,97,5.07,8.07
100,port,39,L3_01_03,2,52,54,2,58,58,0,0,2,54,561,54,723,10.38,13.38
100,port,39,L3_01_03,3,20,20,1,31,28,3,0,0,20,100,20,160,5.01,8.01
100,port,39,L3_01_03,4,33,31,1,40,40,0,0,1,31,222,31,315,7.15,10.15
100,port,2,L1_02,0,69,70,4,29,25,3,0,1,70,302,70,512,4.31,7.31
100,port,2,L1_02,1,62,61,3,27,22,5,0,0,61,312,61,495,5.12,8.12
100,port,2,L1_02,2,108,105,5,36,35,0,0,1,105,762,105,1077,7.26,10.26
100,port,2,L1_02,3,148,149,6,45,45,0,0,0,149,952,149,1399,6.39,9.39
100,port,2,L1_02,4,194,193,7,54,54,0,0,1,193,1646,193,2225,8.53,11.53
100,port,18,L2_02,0,48,44,3,24,17,6,0,1,44,258,44,390,5.87,8.87
100,port,18,L2_02,1,88,88,4,33,30,3,0,0,88,441,88,705,5.01,8.01
100,port,18,L2_02,2,81,79,4,31,28,2,0,1,79,460,79,697,5.82,8.82
100,port,18,L2_02,3,121,123,5,40,40,0,0,1,123,978,123,1347,7.95,10.95
100,port,18,L2_02,4,167,167,6,48,48,0,0,0,167,1184,167,1685,7.09,10.09
100,port,18,L2_02,5,160,158,6,47,47,0,0,1,158,1248,158,1722,7.9,10.9
100,port,40,L3_02_00,0,52,51,2,56,56,0,0,1,51,445,51,598,8.72,11.72
100,port,40,L3_02_00,1,20,17,1,29,24,4,0,1,17,108,17,159,6.36,9.36
100,port,40,L3_02_00,2,27,28,1,38,38,0,0,0,28,154,28,238,5.5,8.5
100,port,40,L3_02_00,3,27,26,1,36,35,0,0,1,26,164,26,242,6.3,9.3
100,port,40,L3_02_00,4,41,37,1,45,45,0,0,2,37,312,37,423,8.44,11.44
100,port,41,L3_02_01,0,15,12,1,24,18,5,0,1,12,66,12,102,5.51,8.51
100,port,41,L3_02_01,1,22,23,1,33,31,0,0,2,23,107,23,176,4.65,7.65
100,port,41,L3_02_01,2,35,34,1,42,42,0,0,1,34,231,34,333,6.78,9.78
100,port,41,L3_02_01,3,48,45,2,51,51,0,0,2,45,401,45,536,8.92,11.92
100,port,41,L3_02_01,4,41,42,2,49,49,0,0,2,42,283,42,409,6.73,9.73
100,port,42,L3_02_02,0,33,31,1,39,39,0,0,1,31,224,31,317,7.24,10.24
100,port,42,L3_02_02,1,26,28,1,38,38,0,0,2,28,141,28,225,5.05,8.05
100,port,42,L3_02_02,2,40,39,2,46,46,0,0,0,39,280,39,397,7.19,10.19
100,port,42,L3_02_02,3,53,50,2,55,55,0,0,2,50,466,50,616,9.32,12.32
100,port,42,L3_02_02,4,15,16,1,28,23,4,0,1,16,63,16,111,3.96,6.96
100,port,43,L3_02_03,0,34,36,1,44,44,0,0,2,36,307,36,415,8.53,11.53
100,port,43,L3_02_03,1,47,47,2,53,53,0,0,0,47,360,47,501,7.67,10.67
100,port,43,L3_02_03,2,47,45,2,51,51,0,0,1,45,381,45,516,8.47,11.47
100,port,43,L3_02_03,3,9,11,1,24,17,6,0,1,11,34,11,67,3.11,6.11
100,port,43,L3_02_03,4,22,22,1,32,30,2,0,0,22,116,22,182,5.25,8.25
100,port,3,L1_03,0,91,92,4,33,31,0,0,2,92,433,92,709,4.71,7.71
100,port,3,L1_03,1,84,83,4,32,29,3,0,0,83,458,83,707,5.52,8.52
100,port,3,L1_03,2,130,127,5,40,40,0,0,1,127,973,127,1354,7.66,10.66
100,port,3,L1_03,3,170,171,7,49,49,0,0,2,171,1161,171,1674,6.79,9.79
100,port,3,L1_03,4,216,215,8,58,58,0,0,1,215,1920,215,2565,8.93,11.93
100,port,19,L2_03,0,69,66,3,28,24,3,0,1,66,414,66,612,6.27,9.27
100,port,19,L2_03,1,110,111,5,37,37,0,0,0,111,601,111,934,5.41,8.41
100,port,19,L2_03,2,102,101,4,35,34,0,0,1,101,628,101,931,6.22,9.22
100,port,19,L2_03,3,148,145,6,44,44,0,0,2,145,1212,145,1647,8.36,11.36
100,port,19,L2_03,4,190,190,7,53,53,0,0,0,190,1423,190,1993,7.49,10.49
100,port,19,L2_03,5,56,54,3,26,20,6,0,0,54,277,54,439,5.13,8.13
100,port,44,L3_03_00,0,41,42,2,48,48,0,0,0,42,286,42,412,6.82,9.82
100,port,44,L3_03_00,1,54,53,2,57,57,0,0,1,53,475,53,634,8.96,11.96
100,port,44,L3_03_00,2,53,50,2,55,55,0,0,2,50,488,50,638,9.76,12.76
100,port,44,L3_03_00,3,16,16,1,28,23,5,0,0,16,70,16,118,4.4,7.4
100,port,44,L3_03_00,4,29,27,1,37,36,0,0,1,27,177,27,258,6.54,9.54
100,port,45,L3_03_01,0,48,47,2,53,53,0,0,1,47,381,47,522,8.11,11.11
100,port,45,L3_03_01,1,16,13,1,26,20,5,0,1,13,75,13,114,5.75,8.75
100,port,45,L3_03_01,2,23,24,1,34,33,0,0,2,24,117,24,189,4.88,7.88
100,port,45,L3_03_01,3,23,22,1,33,30,3,0,0,22,125,22,191,5.69,8.69
100,port,45,L3_03_01,4,36,33,1,41,41,0,0,1,33,258,33,357,7.83,10.83
100,port,46,L3_03_02,0,54,53,2,57,57,0,0,1,53,451,53,610,8.51,11.51
100,port,46,L3_03_02,1,22,19,1,30,27,2,0,1,19,117,19,174,6.15,9.15
100,port,46,L3_03_02,2,29,30,1,39,39,0,0,2,30,158,30,248,5.28,8.28
100,port,46,L3_03_02,3,42,41,2,48,48,0,0,1,41,304,41,427,7.42,10.42
100,port,46,L3_03_02,4,41,38,2,46,46,0,0,1,38,313,38,427,8.23,11.23
100,port,47,L3_03_03,0,29,27,1,36,36,0,0,1,27,179,27,260,6.63,9.63
100,port,47,L3_03_03,1,22,24,1,34,33,0,0,1,24,106,24,178,4.43,7.43
100,port,47,L3_03_03,2,35,35,1,43,43,0,0,0,35,230,35,335,6.57,9.57
100,port,47,L3_03_03,3,48,46,2,52,52,0,0,1,46,401,46,539,8.71,11.71
100,port,47,L3_03_03,4,10,12,1,25,18,6,0,1,12,40,12,76,3.35,6.35
100,port,4,L1_04,0,115,115,5,38,38,0,0,0,115,690,115,1035,6,9
100,port,4,L1_04,1,161,159,6,47,47,0,0,1,159,1294,159,1771,8.14,11.14
100,port,4,L1_04,2,147,149,6,45,45,0,0,2,149,887,149,1334,5.95,8.95
100,port,4,L1_04,3,195,194,7,54,54,0,0,1,194,1568,194,2150,8.08,11.08
100,port,4,L1_04,4,61,58,3,27,21,5,0,1,58,332,58,506,5.72,8.72
100,port,20,L2_04,0,88,89,4,33,31,1,0,1,89,406,89,673,4.56,7.56
100,port,20,L2_04,1,134,133,5,42,42,0,0,1,133,891,133,1290,6.7,9.7
100,port,20,L2_04,2,180,177,7,50,50,0,0,1,177,1565,177,2096,8.84,11.84
100,port,20,L2_04,3,167,168,6,49,49,0,0,2,168,1116,168,1620,6.64,9.64
100,port,20,L2_04,4,213,212,8,57,57,0,0,1,212,1861,212,2497,8.78,11.78
100,port,20,L2_04,5,79,76,4,30,27,2,0,1,76,488,76,716,6.42,9.42
100,port,48,L3_04_00,0,35,32,1,41,41,0,0,1,32,253,32,349,7.92,10.92
100,port,48,L3_04_00,1,43,43,2,49,49,0,0,0,43,303,43,432,7.05,10.05
100,port,48,L3_04_00,2,43,41,2,48,48,0,0,1,41,322,41,445,7.86,10.86
100,port,48,L3_04_00,3,50,52,2,56,56,0,0,2,52,520,52,676,10,13
100,port,48,L3_04_00,4,18,18,1,29,25,4,0,0,18,83,18,137,4.63,7.63
100,port,49,L3_04_01,0,37,38,1,45,45,0,0,2,38,236,38,350,6.21,9.21
100,port,49,L3_04_01,1,50,49,2,54,54,0,0,1,49,409,49,556,8.34,11.34
100,port,49,L3_04_01,2,49,46,2,52,52,0,0,2,46,421,46,559,9.15,12.15
100,port,49,L3_04_01,3,11,12,1,25,18,6,0,1,12,45,12,81,3.79,6.79
100,port,49,L3_04_01,4,24,23,1,34,32,1,0,1,23,136,23,205,5.92,8.92
100,port,50,L3_04_02,0,42,43,2,49,49,0,0,2,43,284,43,413,6.61,9.61
100,port,50,L3_04_02,1,55,54,2,58,58,0,0,1,54,472,54,634,8.74,11.74
100,port,50,L3_04_02,2,23,20,1,31,28,2,0,1,20,128,20,188,6.38,9.38
100,port,50,L3_04_02,3,17,18,1,29,25,3,0,1,18,75,18,129,4.19,7.19
100,port,50,L3_04_02,4,30,29,1,38,38,0,0,0,29,183,29,270,6.32,9.32
100,port,51,L3_04_03,0,49,49,2,54,54,0,0,0,49,387,49,534,7.89,10.89
100,port,51,L3_04_03,1,17,15,1,27,22,4,0,1,15,83,15,128,5.53,8.53
100,port,51,L3_04_03,2,24,26,1,36,35,0,0,1,26,121,26,199,4.67,7.67
100,port,51,L3_04_03,3,37,37,1,44,44,0,0,0,37,252,37,363,6.81,9.81
100,port,51,L3_04_03,4,36,34,1,43,43,0,0,1,34,259,34,361,7.61,10.61
100,port,5,L1_05,0,139,137,6,42,42,0,0,1,137,999,137,1410,7.29,10.29
100,port,5,L1_05,1,179,181,7,51,51,0,0,2,181,1707,181,2250,9.43,12.43
100,port,5,L1_05,2,45,45,3,24,17,7,0,0,45,183,45,318,4.07,7.07
100,port,5,L1_05,3,218,216,8,58,58,0,0,1,216,2024,216,2672,9.37,12.37
100,port,5,L1_05,4,78,80,4,31,28,2,0,1,80,321,80,561,4.01,7.01
100,port,21,L2_05,0,111,111,5,37,37,0,0,0,111,649,111,982,5.85,8.85
100,port,21,L2_05,1,157,155,6,46,46,0,0,1,155,1238,155,1703,7.99,10.99
100,port,21,L2_05,2,197,199,7,55,55,0,0,2,199,1419,199,2016,7.13,10.13
100,port,21,L2_05,3,63,63,3,28,23,5,0,0,63,300,63,489,4.76,7.76
100,port,21,L2_05,4,56,54,3,26,20,5,0,1,54,301,54,463,5.57,8.57
100,port,21,L2_05,5,97,98,4,35,33,0,0,2,98,462,98,756,4.71,7.71
100,port,52,L3_05_00,0,25,23,1,33,31,1,0,1,23,138,23,207,6.02,9.02
100,port,52,L3_05_00,1,18,20,1,31,28,2,0,1,20,136,20,196,6.82,9.82
100,port,52,L3_05_00,2,31,31,1,40,40,0,0,0,31,185,31,278,5.96,8.96
100,port,52,L3_05_00,3,44,42,2,49,49,0,0,1,42,340,42,466,8.1,11.1
100,port,52,L3_05_00,4,51,53,2,58,58,0,0,2,53,542,53,701,10.23,13.23
100,port,53,L3_05_01,0,31,28,1,37,37,0,0,1,28,204,28,288,7.3,10.3
100,port,53,L3_05_01,1,38,39,2,46,46,0,0,2,39,251,39,368,6.44,9.44
100,port,53,L3_05_01,2,38,37,1,44,44,0,0,1,37,268,37,379,7.25,10.25
100,port,53,L3_05_01,3,51,48,2,53,53,0,0,2,48,450,48,594,9.38,12.38
100,port,53,L3_05_01,4,13,14,1,26,21,4,0,1,14,56,14,98,4.02,7.02
100,port,54,L3_05_02,0,37,34,1,42,42,0,0,1,34,262,34,364,7.7,10.7
100,port,54,L3_05_02,1,44,45,2,51,51,0,0,2,45,308,45,443,6.84,9.84
100,port,54,L3_05_02,2,43,42,2,49,49,0,0,1,42,321,42,447,7.65,10.65
100,port,54,L3_05_02,3,56,53,2,58,58,0,0,2,53,518,53,677,9.78,12.78
100,port,54,L3_05_02,4,18,19,1,30,27,2,0,1,19,84,19,141,4.42,7.42
100,port,55,L3_05_03,0,37,39,2,46,46,0,0,2,39,234,39,351,5.99,8.99
100,port,55,L3_05_03,1,50,50,2,55,55,0,0,0,50,407,50,557,8.13,11.13
100,port,55,L3_05_03,2,18,16,1,28,23,4,0,1,16,92,16,140,5.77,8.77
100,port,55,L3_05_03,3,12,14,1,26,21,4,0,1,14,50,14,92,3.57,6.57
100,port,55,L3_05_03,4,25,25,1,35,34,1,0,0,25,143,25,218,5.71,8.71
100,port,6,L1_06,0,162,159,6,47,47,0,0,2,159,1364,159,1841,8.58,11.58
100,port,6,L1_06,1,202,203,8,56,56,0,0,0,203,1567,203,2176,7.72,10.72
100,port,6,L1_06,2,68,67,3,28,24,4,0,0,67,359,67,560,5.36,8.36
100,port,6,L1_06,3,114,111,5,37,37,0,0,1,111,831,111,1164,7.49,10.49
100,port,6,L1_06,4,102,102,4,35,34,1,0,0,102,541,102,847,5.3,8.3
100,port,22,L2_06,0,186,186,7,52,52,0,0,0,186,1410,186,1968,7.58,10.58
100,port,22,L2_06,1,179,177,7,50,50,0,0,1,177,1485,177,2016,8.39,11.39
100,port,22,L2_06,2,39,41,3,23,16,6,0,1,41,124,41,247,3.03,6.03
100,port,22,L2_06,3,85,85,4,32,29,3,0,0,85,439,85,694,5.16,8.16
100,port,22,L2_06,4,131,129,5,41,41,0,0,1,129,942,129,1329,7.3,10.3
100,port,22,L2_06,5,118,120,5,39,39,0,0,2,120,613,120,973,5.11,8.11
100,port,56,L3_06_00,0,45,45,2,51,51,0,0,0,45,328,45,463,7.28,10.28
100,port,56,L3_06_00,1,13,11,1,24,17,7,0,0,11,54,11,87,4.92,7.92
100,port,56,L3_06_00,2,20,22,1,32,30,1,0,1,22,155,22,221,7.06,10.06
100,port,56,L3_06_00,3,33,33,1,41,41,0,0,0,33,204,33,303,6.19,9.19
100,port,56,L3_06_00,4,32,30,1,39,39,0,0,1,30,210,30,300,7,10
100,port,57,L3_06_01,0,18,19,1,30,27,3,0,0,19,86,19,143,4.51,7.51
100,port,57,L3_06_01,1,17,16,1,28,23,5,0,0,16,85,16,133,5.32,8.32
100,port,57,L3_06_01,2,30,27,1,37,36,0,0,1,27,201,27,282,7.46,10.46
100,port,57,L3_06_01,3,38,38,2,46,46,0,0,0,38,250,38,364,6.59,9.59
100,port,57,L3_06_01,4,51,49,2,54,54,0,0,1,49,428,49,575,8.73,11.73
100,port,58,L3_06_02,0,25,24,1,34,33,1,0,0,24,139,24,211,5.8,8.8
100,port,58,L3_06_02,1,38,35,1,43,43,0,0,1,35,278,35,383,7.94,10.94
100,port,58,L3_06_02,2,32,33,1,41,41,0,0,2,33,190,33,289,5.75,8.75
100,port,58,L3_06_02,3,45,44,2,50,50,0,0,1,44,347,44,479,7.88,10.88
100,port,58,L3_06_02,4,58,55,2,59,59,0,0,2,55,551,55,716,10.02,13.02
100,port,59,L3_06_03,0,32,30,1,39,39,0,0,1,30,213,30,303,7.09,10.09
100,port,59,L3_06_03,1,39,41,2,47,47,0,0,2,41,255,41,378,6.23,9.23
100,port,59,L3_06_03,2,52,52,2,56,56,0,0,1,52,435,52,591,8.37,11.37
100,port,59,L3_06_03,3,51,49,2,54,54,0,0,1,49,449,49,596,9.17,12.17
100,port,59,L3_06_03,4,14,15,1,27,22,4,0,1,15,57,15,102,3.81,6.81
100,port,7,L1_07,0,57,54,3,26,20,5,0,1,54,314,54,476,5.81,8.81
100,port,7,L1_07,1,44,45,3,24,17,6,0,1,45,163,45,298,3.62,6.62
100,port,7,L1_07,2,90,89,4,33,31,2,0,0,89,513,89,780,5.76,8.76
100,port,7,L1_07,3,194,191,31,68,65,0,0,33,191,3788,191,4361,19.83,22.83
100,port,7,L1_07,4,176,177,7,50,50,0,0,2,177,1244,177,1775,7.03,10.03
100,port,23,L2_07,0,209,208,8,57,57,0,0,1,208,1845,208,2469,8.87,11.87
100,port,23,L2_07,1,75,72,4,29,25,3,0,1,72,469,72,685,6.51,9.51
100,port,23,L2_07,2,62,63,3,28,23,5,0,0,63,272,63,461,4.32,7.32
100,port,23,L2_07,3,109,107,5,36,36,0,0,1,107,690,107,1011,6.45,9.45
100,port,23,L2_07,4,149,151,6,45,45,0,0,2,151,1297,151,1750,8.59,11.59
100,port,23,L2_07,5,142,142,6,43,43,0,0,0,142,909,142,1335,6.4,9.4
100,port,60,L3_07_00,0,33,35,1,43,43,0,0,2,35,293,35,398,8.38,11.38
100,port,60,L3_07_00,1,46,46,2,52,52,0,0,0,46,346,46,484,7.52,10.52
100,port,60,L3_07_00,2,14,12,1,25,18,6,0,1,12,62,12,98,5.15,8.15
100,port,60,L3_07_00,3,53,55,2,59,59,0,0,2,55,575,55,740,10.46,13.46
100,port,60,L3_07_00,4,21,21,1,32,29,3,0,0,21,107,21,170,5.1,8.1
100,port,61,L3_07_01,0,44,41,2,48,48,0,0,2,41,360,41,483,8.78,11.78
100,port,61,L3_07_01,1,52,52,2,56,56,0,0,0,52,412,52,568,7.92,10.92
100,port,61,L3_07_01,2,20,18,1,29,25,3,0,1,18,100,18,154,5.55,8.55
100,port,61,L3_07_01,3,27,29,1,38,38,0,0,1,29,223,29,310,7.69,10.69
100,port,61,L3_07_01,4,26,26,1,36,35,1,0,0,26,143,26,221,5.5,8.5
100,port,62,L3_07_02,0,14,15,1,27,22,4,0,1,15,59,15,104,3.9,6.9
100,port,62,L3_07_02,1,13,12,1,25,18,7,0,0,12,57,12,93,4.71,7.71
100,port,62,L3_07_02,2,26,23,1,34,32,1,0,1,23,157,23,226,6.84,9.84
100,port,62,L3_07_02,3,33,34,1,42,42,0,0,2,34,203,34,305,5.98,8.98
100,port,62,L3_07_02,4,46,45,2,51,51,0,0,1,45,365,45,500,8.12,11.12
100,port,63,L3_07_03,0,20,20,1,31,28,3,0,0,20,104,20,164,5.19,8.19
100,port,63,L3_07_03,1,33,31,1,40,40,0,0,1,31,227,31,320,7.33,10.33
100,port,63,L3_07_03,2,28,29,1,38,38,0,0,2,29,149,29,236,5.13,8.13
100,port,63,L3_07_03,3,41,40,2,47,47,0,0,1,40,291,40,411,7.27,10.27
100,port,63,L3_07_03,4,54,51,2,56,56,0,0,2,51,480,51,633,9.41,12.41
100,port,8,L1_08,0,74,76,4,30,27,2,0,1,76,312,76,540,4.1,7.1
100,port,8,L1_08,1,67,67,3,28,24,4,0,0,67,329,67,530,4.91,7.91
100,port,8,L1_08,2,114,111,5,37,37,0,0,1,111,781,111,1114,7.04,10.04
100,port,8,L1_08,3,154,155,6,46,46,0,0,2,155,958,155,1423,6.18,9.18
100,port,8,L1_08,4,200,199,7,55,55,0,0,1,199,1656,199,2253,8.32,11.32
100,port,24,L2_08,0,53,50,3,25,19,5,0,1,50,283,50,433,5.66,8.66
100,port,24,L2_08,1,94,95,4,34,32,0,0,2,95,456,95,741,4.8,7.8
100,port,24,L2_08,2,86,85,4,32,29,3,0,0,85,476,85,731,5.6,8.6
100,port,24,L2_08,3,132,129,5,41,41,0,0,1,129,998,129,1385,7.74,10.74
100,port,24,L2_08,4,173,174,7,50,50,0,0,2,174,1197,174,1719,6.88,9.88
100,port,24,L2_08,5,219,218,8,59,59,0,0,1,218,1966,218,2620,9.02,12.02
100,port,64,L3_08_00,0,28,26,1,35,35,0,0,1,26,168,26,246,6.48,9.48
100,port,64,L3_08_00,1,35,37,1,44,44,0,0,2,37,319,37,430,8.61,11.61
100,port,64,L3_08_00,2,48,48,2,53,53,0,0,0,48,372,48,516,7.75,10.75
100,port,64,L3_08_00,3,47,45,2,51,51,0,0,1,45,385,45,520,8.56,11.56
100,port,64,L3_08_00,4,9,11,1,24,17,6,0,1,11,35,11,68,3.19,6.19
100,port,65,L3_08_01,0,33,31,1,40,40,0,0,1,31,213,31,306,6.88,9.88
100,port,65,L3_08_01,1,40,42,2,49,49,0,0,2,42,379,42,505,9.02,12.02
100,port,65,L3_08_01,2,53,53,2,58,58,0,0,0,53,432,53,591,8.15,11.15
100,port,65,L3_08_01,3,53,51,2,56,56,0,0,1,51,457,51,610,8.96,11.96
100,port,65,L3_08_01,4,15,17,1,29,24,4,0,1,17,112,17,163,6.6,9.6
100,port,66,L3_08_02,0,40,37,1,44,44,0,0,1,37,302,37,413,8.17,11.17
100,port,66,L3_08_02,1,47,48,2,53,53,0,0,3,48,350,48,494,7.3,10.3
100,port,66,L3_08_02,2,15,14,1,26,21,5,0,0,14,69,14,111,4.94,7.94
100,port,66,L3_08_02,3,28,25,1,35,34,0,0,1,25,177,25,252,7.08,10.08
100,port,66,L3_08_02,4,21,22,1,33,30,1,0,2,22,107,22,173,4.88,7.88
100,port,67,L3_08_03,0,8,10,1,23,16,6,0,1,10,33,10,63,3.29,6.29
100,port,67,L3_08_03,1,54,53,2,58,58,0,0,1,53,455,53,614,8.59,11.59
100,port,67,L3_08_03,2,22,19,1,30,27,2,0,1,19,118,19,175,6.23,9.23
100,port,67,L3_08_03,3,29,30,1,39,39,0,0,2,30,161,30,251,5.37,8.37
100,port,67,L3_08_03,4,42,41,2,48,48,0,0,1,41,308,41,431,7.5,10.5
100,port,9,L1_09,0,99,99,4,35,34,1,0,0,99,534,99,831,5.39,8.39
100,port,9,L1_09,1,145,143,6,44,44,0,0,1,143,1077,143,1506,7.53,10.53
100,port,9,L1_09,2,131,133,5,42,42,0,0,2,133,1108,133,1507,8.33,11.33
100,port,9,L1_09,3,178,178,7,51,51,0,0,0,178,1330,178,1864,7.47,10.47
100,port,9,L1_09,4,44,42,3,23,16,6,0,1,42,215,42,341,5.11,8.11
100,port,25,L2_09,0,71,73,4,30,26,3,0,1,73,288,73,507,3.95,6.95
100,port,25,L2_09,1,117,117,5,38,38,0,0,0,117,713,117,1064,6.09,9.09
100,port,25,L2_09,2,163,161,6,47,47,0,0,1,161,1323,161,1806,8.22,11.22
100,port,25,L2_09,3,151,152,6,45,45,0,0,2,152,917,152,1373,6.03,9.03
100,port,25,L2_09,4,197,196,7,54,54,0,0,1,196,1601,196,2189,8.17,11.17
100,port,25,L2_09,5,63,60,3,27,22,4,0,1,60,348,60,528,5.8,8.8
100,port,68,L3_09_00,0,16,16,1,28,23,5,0,0,16,73,16,121,4.57,7.57
100,port,68,L3_09_00,1,29,27,1,37,36,0,0,1,27,181,27,262,6.71,9.71
100,port,68,L3_09_00,2,23,25,1,35,34,0,0,1,25,113,25,188,4.52,7.52
100,port,68,L3_09_00,3,36,36,1,44,44,0,0,0,36,240,36,348,6.66,9.66
100,port,68,L3_09_00,4,49,47,2,52,52,0,0,1,47,413,47,554,8.79,11.79
100,port,69,L3_09_01,0,22,22,1,32,30,2,0,0,22,110,22,176,4.98,7.98
100,port,69,L3_09_01,1,35,33,1,41,41,0,0,1,33,235,33,334,7.11,10.11
100,port,69,L3_09_01,2,42,44,2,50,50,0,0,2,44,407,44,539,9.25,12.25
100,port,69,L3_09_01,3,41,41,2,48,48,0,0,0,41,289,41,412,7.06,10.06
100,port,69,L3_09_01,4,54,52,2,57,57,0,0,1,52,478,52,634,9.19,12.19
100,port,70,L3_09_02,0,28,27,1,37,36,0,0,1,27,169,27,250,6.26,9.26
100,port,70,L3_09_02,1,41,38,2,46,46,0,0,1,38,319,38,433,8.4,11.4
100,port,70,L3_09_02,2,48,49,2,54,54,0,0,3,49,369,49,516,7.54,10.54
100,port,70,L3_09_02,3,48,47,2,52,52,0,0,1,47,392,47,533,8.34,11.34
100,port,70,L3_09_02,4,16,13,1,25,19,5,0,1,13,78,13,117,5.98,8.98
100,port,71,L3_09_03,0,36,33,1,41,41,0,0,1,33,249,33,348,7.55,10.55
100,port,71,L3_09_03,1,43,44,2,50,50,0,0,2,44,294,44,426,6.69,9.69
100,port,71,L3_09_03,2,56,55,2,59,59,0,0,1,55,486,55,651,8.83,11.83
100,port,71,L3_09_03,3,24,21,1,32,29,2,0,1,21,136,21,199,6.46,9.46
100,port,71,L3_09_03,4,17,18,1,30,26,3,0,1,18,77,18,131,4.27,7.27
100,port,10,L1_10,0,122,121,5,39,39,0,0,1,121,808,121,1171,6.68,9.68
100,port,10,L1_10,1,168,165,6,48,48,0,0,2,165,1455,165,1950,8.82,11.82
100,port,10,L1_10,2,208,209,8,57,57,0,0,0,209,1662,209,2289,7.95,10.95
100,port,10,L1_10,3,202,200,7,55,55,0,0,1,200,1752,200,2352,8.76,11.76
100,port,10,L1_10,4,62,64,3,28,23,4,0,1,64,410,64,602,6.4,9.4
100,port,26,L2_10,0,93,95,4,34,32,1,0,1,95,698,95,983,7.35,10.35
100,port,26,L2_10,1,139,139,6,43,43,0,0,0,139,902,139,1319,6.49,9.49
100,port,26,L2_10,2,185,183,7,52,52,0,0,1,183,1579,183,2128,8.63,11.63
100,port,26,L2_10,3,45,47,3,24,18,5,0,1,47,153,47,294,3.26,6.26
100,port,26,L2_10,4,218,218,8,59,59,0,0,0,218,1868,218,2522,8.57,11.57
100,port,26,L2_10,5,84,82,4,31,28,2,0,1,82,509,82,755,6.21,9.21
100,port,72,L3_10_00,0,49,51,2,56,56,0,0,2,51,366,51,519,7.17,10.17
100,port,72,L3_10_00,1,49,49,2,54,54,0,0,0,49,391,49,538,7.98,10.98
100,port,72,L3_10_00,2,17,15,1,27,22,4,0,1,15,84,15,129,5.62,8.62
100,port,72,L3_10_00,3,24,26,1,36,35,0,0,1,26,124,26,202,4.75,7.75
100,port,72,L3_10_00,4,37,37,1,45,45,0,0,0,37,255,37,366,6.89,9.89
100,port,73,L3_10_01,0,10,12,1,25,18,6,0,1,12,73,12,109,6.07,9.07
100,port,73,L3_10_01,1,23,23,1,33,31,2,0,0,23,120,23,189,5.21,8.21
100,port,73,L3_10_01,2,23,21,1,32,29,2,0,1,21,126,21,189,6.02,9.02
100,port,73,L3_10_01,3,30,32,1,40,40,0,0,2,32,261,32,357,8.15,11.15
100,port,73,L3_10_01,4,43,43,2,49,49,0,0,0,43,313,43,442,7.29,10.29
100,port,74,L3_10_02,0,17,18,1,29,25,3,0,1,18,78,18,132,4.36,7.36
100,port,74,L3_10_02,1,30,29,1,38,38,0,0,1,29,189,29,276,6.5,9.5
100,port,74,L3_10_02,2,43,40,2,47,47,0,0,2,40,346,40,466,8.64,11.64
100,port,74,L3_10_02,3,36,37,1,45,45,0,0,0,37,238,37,349,6.44,9.44
100,port,74,L3_10_02,4,50,48,2,54,54,0,0,1,48,412,48,556,8.58,11.58
100,port,75,L3_10_03,0,24,23,1,33,31,2,0,0,23,130,23,199,5.65,8.65
100,port,75,L3_10_03,1,37,34,1,42,42,0,0,1,34,265,34,367,7.79,10.79
100,port,75,L3_10_03,2,44,45,2,51,51,0,0,2,45,312,45,447,6.93,9.93
100,port,75,L3_10_03,3,44,43,2,49,49,0,0,1,43,332,43,461,7.73,10.73
100,port,75,L3_10_03,4,57,54,2,58,58,0,0,2,54,533,54,695,9.87,12.87
100,port,11,L1_11,0,144,143,6,44,44,0,0,1,143,1012,143,1441,7.08,10.08
100,port,11,L1_11,1,190,187,7,52,52,0,0,2,187,1724,187,2285,9.22,12.22
100,port,11,L1_11,2,50,51,3,25,19,5,0,1,51,196,51,349,3.85,6.85
100,port,11,L1_11,3,153,152,30,60,53,0,0,29,152,2724,152,3180,17.92,20.92
100,port,11,L1_11,4,89,86,4,32,30,1,0,1,86,585,86,843,6.8,9.8
100,port,27,L2_11,0,169,170,7,49,49,0,0,0,170,1185,170,1695,6.97,9.97
100,port,27,L2_11,1,163,161,6,47,47,0,0,1,161,1253,161,1736,7.78,10.78
100,port,27,L2_11,2,209,205,8,56,56,0,0,2,205,2032,205,2647,9.91,12.91
100,port,27,L2_11,3,69,69,4,29,25,4,0,0,69,314,69,521,4.55,7.55
100,port,27,L2_11,4,115,113,5,38,38,0,0,1,113,756,113,1095,6.69,9.69
100,port,27,L2_11,5,102,104,5,36,35,0,0,1,104,779,104,1091,7.49,10.49
100,port,76,L3_11_00,0,31,29,1,38,38,0,0,1,29,201,29,288,6.94,9.94
100,port,76,L3_11_00,1,38,40,2,47,47,0,0,2,40,243,40,363,6.08,9.08
100,port,76,L3_11_00,2,51,51,2,56,56,0,0,0,51,419,51,572,8.21,11.21
100,port,76,L3_11_00,3,19,17,1,28,24,3,0,1,17,99,17,150,5.85,8.85
100,port,76,L3_11_00,4,12,14,1,27,21,5,0,1,14,51,14,93,3.66,6.66
100,port,77,L3_11_01,0,49,47,2,53,53,0,0,1,47,407,47,548,8.67,11.67
100,port,77,L3_11_01,1,43,45,2,51,51,0,0,2,45,427,45,562,9.48,12.48
100,port,77,L3_11_01,2,11,11,1,24,17,7,0,0,11,45,11,78,4.11,7.11
100,port,77,L3_11_01,3,24,22,1,33,30,2,0,1,22,138,22,204,6.25,9.25
100,port,77,L3_11_01,4,31,33,1,42,42,0,0,2,33,178,33,277,5.39,8.39
100,port,78,L3_11_02,0,56,53,2,57,57,0,0,2,53,528,53,687,9.96,12.96
100,port,78,L3_11_02,1,18,19,1,30,27,3,0,0,19,87,19,144,4.6,7.6
100,port,78,L3_11_02,2,18,17,1,28,24,3,0,1,17,92,17,143,5.4,8.4
100,port,78,L3_11_02,3,32,28,1,37,37,0,0,1,28,211,28,295,7.54,10.54
100,port,78,L3_11_02,4,39,39,2,46,46,0,0,0,39,261,39,378,6.68,9.68
100,port,79,L3_11_03,0,13,14,1,26,21,4,0,1,14,53,14,95,3.75,6.75
100,port,79,L3_11_03,1,26,25,1,35,34,1,0,0,25,147,25,222,5.89,8.89
100,port,79,L3_11_03,2,39,36,1,43,43,0,0,1,36,289,36,397,8.02,11.02
100,port,79,L3_11_03,3,32,33,1,42,42,0,0,2,33,192,33,291,5.83,8.83
100,port,79,L3_11_03,4,45,44,2,50,50,0,0,1,44,351,44,483,7.97,10.97
100,port,12,L1_12,0,221,218,8,59,59,0,0,2,218,2115,218,2769,9.7,12.7
100,port,12,L1_12,1,208,209,8,57,57,0,0,3,209,1568,209,2195,7.5,10.5
100,port,12,L1_12,2,74,73,4,30,26,4,0,0,73,375,73,594,5.14,8.14
100,port,12,L1_12,3,120,117,5,38,38,0,0,1,117,852,117,1203,7.28,10.28
100,port,12,L1_12,4,160,161,6,47,47,0,0,2,161,1034,161,1517,6.42,9.42
100,port,28,L2_12,0,193,192,7,53,53,0,0,1,192,1586,192,2162,8.26,11.26
100,port,28,L2_12,1,59,56,3,26,21,4,0,1,56,330,56,498,5.9,8.9
100,port,28,L2_12,2,46,47,3,24,18,5,0,1,47,174,47,315,3.7,6.7
100,port,28,L2_12,3,92,91,4,33,31,1,0,1,91,531,91,804,5.84,8.84
100,port,28,L2_12,4,138,135,6,42,42,0,0,1,135,1077,135,1482,7.98,10.98
100,port,28,L2_12,5,125,126,5,40,40,0,0,2,126,728,126,1106,5.78,8.78
100,port,80,L3_12_00,0,19,19,1,30,27,3,0,0,19,96,19,153,5.04,8.04
100,port,80,L3_12_00,1,32,30,1,39,39,0,0,1,30,215,30,305,7.17,10.17
100,port,80,L3_12_00,2,39,41,2,48,48,0,0,2,41,259,41,382,6.31,9.31
100,port,80,L3_12_00,3,39,39,2,46,46,0,0,0,39,278,39,395,7.12,10.12
100,port,80,L3_12_00,4,53,50,2,55,55,0,0,1,50,463,50,613,9.25,12.25
100,port,81,L3_12_01,0,25,25,1,35,34,1,0,0,25,136,25,211,5.44,8.44
100,port,81,L3_12_01,1,38,36,1,44,44,0,0,1,36,273,36,381,7.58,10.58
100,port,81,L3_12_01,2,45,47,2,52,52,0,0,2,47,315,47,456,6.71,9.71
100,port,81,L3_12_01,3,13,13,1,25,19,6,0,0,13,57,13,96,4.35,7.35
100,port,81,L3_12_01,4,12,10,1,23,16,6,0,1,10,52,10,82,5.16,8.16
100,port,82,L3_12_02,0,44,43,2,50,50,0,0,1,43,347,43,476,8.06,11.06
100,port,82,L3_12_02,1,45,41,2,48,48,0,0,2,41,363,41,486,8.86,11.86
100,port,82,L3_12_02,2,52,52,2,57,57,0,0,0,52,416,52,572,8,11
100,port,82,L3_12_02,3,20,18,1,30,26,3,0,1,18,102,18,156,5.64,8.64
100,port,82,L3_12_02,4,27,29,1,38,38,0,0,1,29,226,29,313,7.78,10.78
100,port,83,L3_12_03,0,52,49,2,54,54,0,0,2,49,458,49,605,9.35,12.35
100,port,83,L3_12_03,1,14,15,1,27,22,4,0,1,15,60,15,105,3.98,6.98
100,port,83,L3_12_03,2,14,13,1,25,19,6,0,0,13,62,13,101,4.79,7.79
100,port,83,L3_12_03,3,27,24,1,34,33,0,0,1,24,166,24,238,6.93,9.93
100,port,83,L3_12_03,4,34,35,1,43,43,0,0,2,35,212,35,317,6.06,9.06
100,port,13,L1_13,0,58,60,3,27,22,4,0,1,60,389,60,569,6.49,9.49
100,port,13,L1_13,1,51,51,3,25,19,6,0,0,51,219,51,372,4.29,7.29
100,port,13,L1_13,2,97,95,4,34,32,1,0,1,95,611,95,896,6.43,9.43
100,port,13,L1_13,3,137,139,6,43,43,0,0,2,139,774,139,1191,5.57,8.57
100,port,13,L1_13,4,183,183,7,52,52,0,0,0,183,1411,183,1960,7.71,10.71
100,port,29,L2_13,0,216,214,8,58,58,0,0,1,214,2044,214,2686,9.55,12.55
100,port,29,L2_13,1,77,79,4,31,28,2,0,1,79,331,79,568,4.19,7.19
100,port,29,L2_13,2,70,69,4,29,25,4,0,0,69,344,69,551,4.99,7.99
100,port,29,L2_13,3,116,113,5,38,38,0,0,1,113,806,113,1145,7.13,10.13
100,port,29,L2_13,4,157,158,6,47,47,0,0,2,158,991,158,1465,6.27,9.27
100,port,29,L2_13,5,203,202,7,55,55,0,0,1,202,1697,202,2303,8.4,11.4
100,port,84,L3_13_00,0,53,55,2,59,59,0,0,2,55,420,55,585,7.63,10.63
100,port,84,L3_13_00,1,21,21,1,31,29,2,0,0,21,111,21,174,5.27,8.27
100,port,84,L3_13_00,2,35,32,1,40,40,0,0,1,32,237,32,333,7.41,10.41
100,port,84,L3_13_00,3,28,29,1,38,38,0,0,2,29,151,29,238,5.22,8.22
100,port,84,L3_13_00,4,41,40,2,47,47,0,0,1,40,294,40,414,7.35,10.35
100,port,85,L3_13_01,0,13,15,1,27,22,4,0,1,15,53,15,98,3.54,6.54
100,port,85,L3_13_01,1,26,26,1,36,35,1,0,0,26,147,26,225,5.67,8.67
100,port,85,L3_13_01,2,39,37,1,45,45,0,0,1,37,289,37,400,7.81,10.81
100,port,85,L3_13_01,3,33,35,1,43,43,0,0,2,35,197,35,302,5.62,8.62
100,port,85,L3_13_01,4,46,46,2,52,52,0,0,0,46,357,46,495,7.75,10.75
100,port,86,L3_13_02,0,21,21,1,31,29,2,0,0,21,101,21,164,4.82,7.82
100,port,86,L3_13_02,1,34,32,1,40,40,0,0,1,32,223,32,319,6.96,9.96
100,port,86,L3_13_02,2,41,43,2,49,49,0,0,2,43,391,43,520,9.1,12.1
100,port,86,L3_13_02,3,54,54,2,58,58,0,0,0,54,445,54,607,8.24,11.24
100,port,86,L3_13_02,4,53,51,2,56,56,0,0,1,51,461,51,614,9.04,12.04
100,port,87,L3_13_03,0,40,39,2,47,47,0,0,1,39,290,39,407,7.44,10.44
100,port,87,L3_13_03,1,40,37,1,45,45,0,0,1,37,305,37,416,8.25,11.25
100,port,87,L3_13_03,2,47,48,2,54,54,0,0,3,48,355,48,499,7.39,10.39
100,port,87,L3_13_03,3,15,14,1,26,21,5,0,0,14,70,14,112,5.03,8.03
100,port,87,L3_13_03,4,28,25,1,35,34,0,0,1,25,179,25,254,7.16,10.16
100,port,14,L1_14,0,81,82,4,31,28,3,0,0,82,392,82,638,4.78,7.78
100,port,14,L1_14,1,129,127,5,40,40,0,0,1,127,878,127,1259,6.91,9.91
100,port,14,L1_14,2,121,117,5,38,38,0,0,1,117,903,117,1254,7.72,10.72
100,port,14,L1_14,3,162,162,6,47,47,0,0,0,162,1111,162,1597,6.86,9.86
100,port,14,L1_14,4,208,206,8,56,56,0,0,1,206,1852,206,2470,8.99,11.99
100,port,30,L2_14,0,116,114,29,53,42,0,0,25,114,1981,114,2323,17.38,20.38
100,port,30,L2_14,1,99,101,4,35,34,0,0,1,101,464,101,767,4.59,7.59
100,port,30,L2_14,2,145,145,6,44,44,0,0,0,145,974,145,1409,6.72,9.72
100,port,30,L2_14,3,138,136,6,42,42,0,0,1,136,1024,136,1432,7.53,10.53
100,port,30,L2_14,4,178,180,7,51,51,0,0,2,180,1201,180,1741,6.67,9.67
100,port,30,L2_14,5,44,44,3,24,17,7,0,0,44,189,44,321,4.3,7.3
100,port,88,L3_14_00,0,47,45,2,51,51,0,0,1,45,393,45,528,8.73,11.73
100,port,88,L3_14_00,1,10,11,1,24,17,6,0,1,11,37,11,70,3.37,6.37
100,port,88,L3_14_00,2,55,54,2,58,58,0,0,1,54,469,54,631,8.68,11.68
100,port,88,L3_14_00,3,23,20,1,31,28,2,0,1,20,126,20,186,6.31,9.31
100,port,88,L3_14_00,4,30,31,1,40,40,0,0,2,31,169,31,262,5.45,8.45
100,port,89,L3_14_01,0,53,51,2,55,55,0,0,1,51,466,51,619,9.13,12.13
100,port,89,L3_14_01,1,15,17,1,28,24,3,0,1,17,64,17,115,3.77,6.77
100,port,89,L3_14_01,2,28,28,1,37,37,0,0,0,28,165,28,249,5.91,8.91
100,port,89,L3_14_01,3,27,25,1,35,34,0,0,1,25,168,25,243,6.71,9.71
100,port,89,L3_14_01,4,34,36,1,44,44,0,0,2,36,211,36,319,5.85,8.85
100,port,90,L3_14_02,0,9,11,1,24,17,6,0,1,11,65,11,98,5.92,8.92
100,port,90,L3_14_02,1,22,22,1,33,30,3,0,0,22,111,22,177,5.06,8.06
100,port,90,L3_14_02,2,35,33,1,42,42,0,0,1,33,238,33,337,7.2,10.2
100,port,90,L3_14_02,3,29,31,1,40,40,0,0,2,31,248,31,341,8,11
100,port,90,L3_14_02,4,42,42,2,48,48,0,0,0,42,300,42,426,7.14,10.14
100,port,91,L3_14_03,0,16,17,1,28,24,3,0,1,17,72,17,123,4.21,7.21
100,port,91,L3_14_03,1,29,28,1,37,37,0,0,1,28,178,28,262,6.35,9.35
100,port,91,L3_14_03,2,42,39,2,46,46,0,0,2,39,331,39,448,8.49,11.49
100,port,91,L3_14_03,3,49,50,2,55,55,0,0,0,50,381,50,531,7.62,10.62
100,port,91,L3_14_03,4,48,47,2,53,53,0,0,1,47,396,47,537,8.43,11.43
100,port,15,L1_15,0,104,105,5,36,35,0,0,2,105,544,105,859,5.18,8.18
100,port,15,L1_15,1,150,149,6,45,45,0,0,1,149,1089,149,1536,7.31,10.31
100,port,15,L1_15,2,196,193,7,54,54,0,0,2,193,1824,193,2403,9.45,12.45
100,port,15,L1_15,3,183,184,7,52,52,0,0,0,184,1336,184,1888,7.26,10.26
100,port,15,L1_15,4,49,48,3,25,18,7,0,0,48,235,48,379,4.89,7.89
100,port,31,L2_15,0,83,79,4,31,28,2,0,1,79,532,79,769,6.74,9.74
100,port,31,L2_15,1,123,123,5,40,40,0,0,0,123,722,123,1091,5.87,8.87
100,port,31,L2_15,2,169,167,6,48,48,0,0,1,167,1338,167,1839,8.01,11.01
100,port,31,L2_15,3,209,211,8,57,57,0,0,2,211,2142,211,2775,10.15,13.15
100,port,31,L2_15,4,202,202,7,55,55,0,0,0,202,1606,202,2212,7.95,10.95
100,port,31,L2_15,5,68,66,3,28,24,3,0,1,66,369,66,567,5.59,8.59
100,port,92,L3_15_00,0,34,35,1,43,43,0,0,2,35,208,35,313,5.94,8.94
100,port,92,L3_15_00,1,34,33,1,42,42,0,0,1,33,223,33,322,6.75,9.75
100,port,92,L3_15_00,2,47,44,2,50,50,0,0,2,44,391,44,523,8.89,11.89
100,port,92,L3_15_00,3,9,10,1,23,16,6,0,1,10,35,10,65,3.52,6.52
100,port,92,L3_15_00,4,22,21,1,32,29,3,0,0,21,119,21,182,5.66,8.66
100,port,93,L3_15_01,0,41,41,2,48,48,0,0,0,41,296,41,419,7.23,10.23
100,port,93,L3_15_01,1,54,52,2,57,57,0,0,1,52,487,52,643,9.37,12.37
100,port,93,L3_15_01,2,48,50,2,55,55,0,0,2,50,359,50,509,7.17,10.17
100,port,93,L3_15_01,3,16,16,1,28,23,5,0,0,16,77,16,125,4.81,7.81
100,port,93,L3_15_01,4,30,27,1,36,36,0,0,1,27,188,27,269,6.95,9.95
100,port,94,L3_15_02,0,49,47,2,52,52,0,0,1,47,400,47,541,8.52,11.52
100,port,94,L3_15_02,1,11,13,1,25,19,5,0,1,13,80,13,119,6.16,9.16
100,port,94,L3_15_02,2,24,24,1,34,33,1,0,0,24,127,24,199,5.29,8.29
100,port,94,L3_15_02,3,23,21,1,32,29,2,0,1,21,128,21,191,6.1,9.1
100,port,94,L3_15_02,4,30,32,1,41,41,0,0,2,32,168,32,264,5.24,8.24
100,port,95,L3_15_03,0,55,52,2,57,57,0,0,2,52,510,52,666,9.81,12.81
100,port,95,L3_15_03,1,17,18,1,29,25,3,0,1,18,80,18,134,4.45,7.45
100,port,95,L3_15_03,2,30,29,1,38,38,0,0,1,29,191,29,278,6.58,9.58
100,port,95,L3_15_03,3,43,40,2,47,47,0,0,2,40,349,40,469,8.72,11.72
100,port,95,L3_15_03,4,38,38,1,45,45,0,0,0,38,248,38,362,6.53,9.53
200,router,0,L1_00,-1,48,48,32,0,0,0,0,0,0,0,0,0,10.88,10.88
200,router,16,L2_00,-1,45,48,29,0,0,0,0,0,0,0,0,0,9.1,9.1
200,shim,96,SHIM_00_00,-1,19,18,2,0,0,0,8,0,0,0,0,0,8.09,8.09
200,router,32,L3_00_00,-1,31,25,4,0,0,0,0,0,0,0,0,0,7.3,7.3
200,shim,97,SHIM_00_01,-1,25,21,1,0,0,0,2,0,0,0,0,0,7.24,7.24
200,router,33,L3_00_01,-1,26,29,6,0,0,0,0,0,0,0,0,0,9.01,9.01
200,shim,98,SHIM_00_02,-1,19,24,1,0,0,0,4,1,0,0,0,0,8.22,8.22
200,router,34,L3_00_02,-1,24,28,6,0,0,0,0,0,0,0,0,0,8.81,8.81
200,shim,99,SHIM_00_03,-1,25,27,1,0,0,0,6,14,0,0,0,0,9.2,9.2
200,router,35,L3_00_03,-1,30,31,7,0,0,0,0,0,0,0,0,0,10.15,10.15
200,router,1,L1_01,-1,54,51,10,0,0,0,0,0,0,0,0,0,5.84,5.84
200,router,17,L2_01,-1,51,51,38,0,0,0,0,0,0,0,0,0,10.77,10.77
200,shim,100,SHIM_01_00,-1,25,27,1,0,0,0,5,11,0,0,0,0,8.99,8.99
200,router,36,L3_01_00,-1,23,21,9,0,0,0,0,0,0,0,0,0,7.87,7.87
200,shim,101,SHIM_01_01,-1,18,17,2,0,0,0,7,23,0,0,0,0,7.81,7.81
200,router,37,L3_01_01,-1,29,24,4,0,0,0,0,0,0,0,0,0,7.01,7.01
200,shim,102,SHIM_01_02,-1,23,20,1,0,0,0,1,0,0,0,0,0,6.95,6.95
200,router,38,L3_01_02,-1,28,24,3,0,0,0,0,0,0,0,0,0,6.44,6.44
200,shim,103,SHIM_01_03,-1,29,23,1,0,0,0,3,0,0,0,0,0,7.93,7.93
200,router,39,L3_01_03,-1,34,27,5,0,0,0,0,0,0,0,0,0,8.16,8.16
200,router,2,L1_02,-1,61,55,17,0,0,0,0,0,0,0,0,0,7.46,7.46
200,router,18,L2_02,-1,44,41,12,0,0,0,0,0,0,0,0,0,5.76,5.76
200,shim,104,SHIM_02_00,-1,29,23,1,0,0,0,3,0,0,0,0,0,7.73,7.73
200,router,40,L3_02_00,-1,28,30,7,0,0,0,0,0,0,0,0,0,9.87,9.87
200,shim,105,SHIM_02_01,-1,23,26,1,0,0,0,5,7,0,0,0,0,8.71,8.71
200,router,41,L3_02_01,-1,21,20,9,0,0,0,0,0,0,0,0,0,7.58,7.58
200,shim,106,SHIM_02_02,-1,29,29,2,0,0,0,7,20,0,0,0,0,11.52,11.52
200,router,42,L3_02_02,-1,20,20,8,0,0,0,0,0,0,0,0,0,7.01,7.01
200,shim,107,SHIM_02_03,-1,22,19,2,0,0,0,1,0,0,0,0,0,8.5,8.5
200,router,43,L3_02_03,-1,26,23,3,0,0,0,0,0,0,0,0,0,6.16,6.16
200,router,3,L1_03,-1,59,54,16,0,0,0,0,0,0,0,0,0,7.17,7.17
200,router,19,L2_03,-1,42,40,44,0,0,0,0,0,0,0,0,0,8.01,8.01
200,shim,108,SHIM_03_00,-1,20,18,2,0,0,0,0,0,0,0,0,0,8.3,8.3
200,router,44,L3_03_00,-1,32,26,5,0,0,0,0,0,0,0,0,0,7.87,7.87
200,shim,109,SHIM_03_01,-1,27,22,1,0,0,0,2,0,0,0,0,0,7.45,7.45
200,router,45,L3_03_01,-1,26,29,6,0,0,0,0,0,0,0,0,0,9.22,9.22
200,shim,110,SHIM_03_02,-1,21,25,1,0,0,0,4,4,0,0,0,0,8.43,8.43
200,router,46,L3_03_02,-1,26,29,6,0,0,0,0,0,0,0,0,0,9.02,9.02
200,shim,111,SHIM_03_03,-1,27,28,1,0,0,0,6,16,0,0,0,0,9.41,9.41
200,router,47,L3_03_03,-1,32,32,8,0,0,0,0,0,0,0,0,0,10.73,10.73
200,router,4,L1_04,-1,53,57,23,0,0,0,0,0,0,0,0,0,8.79,8.79
200,router,20,L2_04,-1,49,44,18,0,0,0,0,0,0,0,0,0,7,7
200,shim,112,SHIM_04_00,-1,25,27,1,0,0,0,6,14,0,0,0,0,9.2,9.2
200,router,48,L3_04_00,-1,24,22,9,0,0,0,0,0,0,0,0,0,8.08,8.08
200,shim,113,SHIM_04_01,-1,19,18,2,0,0,0,8,0,0,0,0,0,8.01,8.01
200,router,49,L3_04_01,-1,30,25,4,0,0,0,0,0,0,0,0,0,7.22,7.22
200,shim,114,SHIM_04_02,-1,25,21,1,0,0,0,2,0,0,0,0,0,7.16,7.16
200,router,50,L3_04_02,-1,29,24,4,0,0,0,0,0,0,0,0,0,7.02,7.02
200,shim,115,SHIM_04_03,-1,31,24,1,0,0,0,3,0,0,0,0,0,8.14,8.14
200,router,51,L3_04_03,-1,24,28,5,0,0,0,0,0,0,0,0,0,8.37,8.37
200,router,5,L1_05,-1,59,60,30,0,0,0,0,0,0,0,0,0,10.41,10.41
200,router,21,L2_05,-1,43,47,27,0,0,0,0,0,0,0,0,0,8.67,8.67
200,shim,116,SHIM_05_00,-1,29,23,1,0,0,0,3,0,0,0,0,0,7.94,7.94
200,router,52,L3_05_00,-1,30,31,7,0,0,0,0,0,0,0,0,0,10.08,10.08
200,shim,117,SHIM_05_01,-1,23,26,1,0,0,0,5,10,0,0,0,0,8.92,8.92
200,router,53,L3_05_01,-1,23,21,9,0,0,0,0,0,0,0,0,0,7.79,7.79
200,shim,118,SHIM_05_02,-1,17,17,2,0,0,0,7,22,0,0,0,0,7.73,7.73
200,router,54,L3_05_02,-1,21,20,9,0,0,0,0,0,0,0,0,0,7.59,7.59
200,shim,119,SHIM_05_03,-1,23,20,1,0,0,0,1,0,0,0,0,0,6.88,6.88
200,router,55,L3_05_03,-1,28,24,3,0,0,0,0,0,0,0,0,0,6.37,6.37
200,router,6,L1_06,-1,52,50,37,0,0,0,0,0,0,0,0,0,8.03,8.03
200,router,22,L2_06,-1,41,46,25,0,0,0,0,0,0,0,0,0,8.31,8.31
200,shim,120,SHIM_06_00,-1,22,19,0,0,0,0,1,0,0,0,0,0,4.84,4.84
200,router,56,L3_06_00,-1,34,27,5,0,0,0,0,0,0,0,0,0,8.08,8.08
200,shim,121,SHIM_06_01,-1,28,22,1,0,0,0,3,0,0,0,0,0,7.65,7.65
200,router,57,L3_06_01,-1,32,26,5,0,0,0,0,0,0,0,0,0,7.88,7.88
200,shim,122,SHIM_06_02,-1,22,25,1,0,0,0,4,7,0,0,0,0,8.63,8.63
200,router,58,L3_06_02,-1,26,29,6,0,0,0,0,0,0,0,0,0,9.22,9.22
200,shim,123,SHIM_06_03,-1,28,29,2,0,0,0,6,19,0,0,0,0,11.45,11.45
200,router,59,L3_06_03,-1,19,19,8,0,0,0,0,0,0,0,0,0,6.94,6.94
200,router,7,L1_07,-1,73,72,90,0,0,0,0,2,0,0,0,0,12.69,12.69
200,router,23,L2_07,-1,47,49,33,0,0,0,0,0,0,0,0,0,9.9,9.9
200,shim,124,SHIM_07_00,-1,27,28,1,0,0,0,6,16,0,0,0,0,9.41,9.41
200,router,60,L3_07_00,-1,26,23,3,0,0,0,0,0,0,0,0,0,6.08,6.08
200,shim,125,SHIM_07_01,-1,20,18,2,0,0,0,8,0,0,0,0,0,8.22,8.22
200,router,61,L3_07_01,-1,24,22,9,0,0,0,0,0,0,0,0,0,8.08,8.08
200,shim,126,SHIM_07_02,-1,26,21,1,0,0,0,2,0,0,0,0,0,7.37,7.37
200,router,62,L3_07_02,-1,30,25,4,0,0,0,0,0,0,0,0,0,7.23,7.23
200,shim,127,SHIM_07_03,-1,21,25,1,0,0,0,4,3,0,0,0,0,8.35,8.35
200,router,63,L3_07_03,-1,24,28,6,0,0,0,0,0,0,0,0,0,8.94,8.94
200,router,8,L1_08,-1,57,53,14,0,0,0,0,0,0,0,0,0,6.7,6.7
200,router,24,L2_08,-1,41,40,42,0,0,0,0,0,0,0,0,0,7.57,7.57
200,shim,128,SHIM_08_00,-1,31,24,1,0,0,0,4,0,0,0,0,0,8.15,8.15
200,router,64,L3_08_00,-1,30,31,8,0,0,0,0,0,0,0,0,0,10.65,10.65
200,shim,129,SHIM_08_01,-1,25,27,1,0,0,0,5,13,0,0,0,0,9.13,9.13
200,router,65,L3_08_01,-1,30,31,7,0,0,0,0,0,0,0,0,0,10.08,10.08
200,shim,130,SHIM_08_02,-1,18,17,2,0,0,0,7,25,0,0,0,0,7.94,7.94
200,router,66,L3_08_02,-1,23,21,9,0,0,0,0,0,0,0,0,0,7.8,7.8
200,shim,131,SHIM_08_03,-1,17,17,2,0,0,0,7,22,0,0,0,0,7.73,7.73
200,router,67,L3_08_03,-1,29,24,4,0,0,0,0,0,0,0,0,0,6.94,6.94
200,router,9,L1_09,-1,51,56,21,0,0,0,0,0,0,0,0,0,8.32,8.32
200,router,25,L2_09,-1,47,43,16,0,0,0,0,0,0,0,0,0,6.56,6.56
200,shim,132,SHIM_09_00,-1,23,20,1,0,0,0,1,0,0,0,0,0,6.88,6.88
200,router,68,L3_09_00,-1,22,27,5,0,0,0,0,0,0,0,0,0,8.29,8.29
200,shim,133,SHIM_09_01,-1,29,23,1,0,0,0,3,0,0,0,0,0,7.86,7.86
200,router,69,L3_09_01,-1,34,27,5,0,0,0,0,0,0,0,0,0,8.09,8.09
200,shim,134,SHIM_09_02,-1,23,26,1,0,0,0,5,9,0,0,0,0,8.84,8.84
200,router,70,L3_09_02,-1,28,30,7,0,0,0,0,0,0,0,0,0,9.8,9.8
200,shim,135,SHIM_09_03,-1,23,26,1,0,0,0,4,7,0,0,0,0,8.64,8.64
200,router,71,L3_09_03,-1,21,20,8,0,0,0,0,0,0,0,0,0,7.15,7.15
200,router,10,L1_10,-1,57,59,28,0,0,0,0,0,0,0,0,0,9.94,9.94
200,router,26,L2_10,-1,46,42,14,0,0,0,0,0,0,0,0,0,6.21,6.21
200,shim,136,SHIM_10_00,-1,28,29,2,0,0,0,6,19,0,0,0,0,11.45,11.45
200,router,72,L3_10_00,-1,27,23,3,0,0,0,0,0,0,0,0,0,6.29,6.29
200,shim,137,SHIM_10_01,-1,21,19,2,0,0,0,0,0,0,0,0,0,8.43,8.43
200,router,73,L3_10_01,-1,26,23,3,0,0,0,0,0,0,0,0,0,6.09,6.09
200,shim,138,SHIM_10_02,-1,27,22,1,0,0,0,2,0,0,0,0,0,7.58,7.58
200,router,74,L3_10_02,-1,32,26,4,0,0,0,0,0,0,0,0,0,7.43,7.43
200,shim,139,SHIM_10_03,-1,26,21,1,0,0,0,2,0,0,0,0,0,7.37,7.37
200,router,75,L3_10_03,-1,26,29,6,0,0,0,0,0,0,0,0,0,9.15,9.15
200,router,11,L1_11,-1,79,81,81,0,0,0,0,2,0,0,0,0,14.6,14.6
200,router,27,L2_11,-1,51,45,23,0,0,0,0,0,0,0,0,0,7.87,7.87
200,shim,140,SHIM_11_00,-1,21,25,1,0,0,0,4,3,0,0,0,0,8.35,8.35
200,router,76,L3_11_00,-1,19,19,8,0,0,0,0,0,0,0,0,0,10.86,10.86
200,shim,141,SHIM_11_01,-1,27,28,1,0,0,0,6,15,0,0,0,0,9.33,9.33
200,router,77,L3_11_01,-1,30,31,8,0,0,0,0,0,0,0,0,0,10.66,10.66
200,shim,142,SHIM_11_02,-1,20,18,2,0,0,0,8,0,0,0,0,0,8.15,8.15
200,router,78,L3_11_02,-1,24,22,9,0,0,0,0,0,0,0,0,0,8,8
200,shim,143,SHIM_11_03,-1,18,17,2,0,0,0,7,25,0,0,0,0,7.94,7.94
200,router,79,L3_11_03,-1,30,25,4,0,0,0,0,0,0,0,0,0,7.15,7.15
200,router,12,L1_12,-1,50,49,33,0,0,0,0,0,0,0,0,0,7.18,7.18
200,router,28,L2_12,-1,45,48,31,0,0,0,0,0,0,0,0,0,9.46,9.46
200,shim,144,SHIM_12_00,-1,24,20,1,0,0,0,1,0,0,0,0,0,7.09,7.09
200,router,80,L3_12_00,-1,24,28,6,0,0,0,0,0,0,0,0,0,8.86,8.86
200,shim,145,SHIM_12_01,-1,31,24,1,0,0,0,3,0,0,0,0,0,8.07,8.07
200,router,81,L3_12_01,-1,23,27,5,0,0,0,0,0,0,0,0,0,8.29,8.29
200,shim,146,SHIM_12_02,-1,25,27,1,0,0,0,5,12,0,0,0,0,9.05,9.05
200,router,82,L3_12_02,-1,29,31,7,0,0,0,0,0,0,0,0,0,10.01,10.01
200,shim,147,SHIM_12_03,-1,23,26,1,0,0,0,5,9,0,0,0,0,8.85,8.85
200,router,83,L3_12_03,-1,22,21,9,0,0,0,0,0,0,0,0,0,7.72,7.72
200,router,13,L1_13,-1,56,52,12,0,0,0,0,0,0,0,0,0,6.23,6.23
200,router,29,L2_13,-1,39,39,39,0,0,0,0,0,0,0,0,0,7.06,7.06
200,shim,148,SHIM_13_00,-1,16,16,2,0,0,0,7,21,0,0,0,0,11.66,11.66
200,router,84,L3_13_00,-1,28,24,3,0,0,0,0,0,0,0,0,0,6.5,6.5
200,shim,149,SHIM_13_01,-1,23,20,1,0,0,0,1,0,0,0,0,0,6.81,6.81
200,router,85,L3_13_01,-1,27,23,3,0,0,0,0,0,0,0,0,0,6.3,6.3
200,shim,150,SHIM_13_02,-1,29,23,1,0,0,0,3,0,0,0,0,0,7.79,7.79
200,router,86,L3_13_02,-1,33,26,5,0,0,0,0,0,0,0,0,0,8.01,8.01
200,shim,151,SHIM_13_03,-1,27,22,1,0,0,0,2,0,0,0,0,0,7.58,7.58
200,router,87,L3_13_03,-1,28,30,7,0,0,0,0,0,0,0,0,0,9.72,9.72
200,router,14,L1_14,-1,61,55,19,0,0,0,0,0,0,0,0,0,7.85,7.85
200,router,30,L2_14,-1,74,74,103,0,0,0,0,2,0,0,0,0,15.74,15.74
200,shim,152,SHIM_14_00,-1,21,25,1,0,0,0,4,6,0,0,0,0,8.56,8.56
200,router,88,L3_14_00,-1,21,20,8,0,0,0,0,0,0,0,0,0,7.07,7.07
200,shim,153,SHIM_14_01,-1,27,28,2,0,0,0,6,18,0,0,0,0,11.37,11.37
200,router,89,L3_14_01,-1,19,19,8,0,0,0,0,0,0,0,0,0,10.87,10.87
200,shim,154,SHIM_14_02,-1,21,19,2,0,0,0,0,0,0,0,0,0,8.35,8.35
200,router,90,L3_14_02,-1,25,22,3,0,0,0,0,0,0,0,0,0,6.01,6.01
200,shim,155,SHIM_14_03,-1,20,18,2,0,0,0,8,0,0,0,0,0,8.15,8.15
200,router,91,L3_14_03,-1,32,26,4,0,0,0,0,0,0,0,0,0,7.36,7.36
200,router,15,L1_15,-1,61,55,17,0,0,0,0,0,0,0,0,0,7.47,7.47
200,router,31,L2_15,-1,44,41,12,0,0,0,0,0,0,0,0,0,5.77,5.77
200,shim,156,SHIM_15_00,-1,26,21,1,0,0,0,2,0,0,0,0,0,7.3,7.3
200,router,92,L3_15_00,-1,30,25,4,0,0,0,0,0,0,0,0,0,7.15,7.15
200,shim,157,SHIM_15_01,-1,19,24,1,0,0,0,4,2,0,0,0,0,8.28,8.28
200,router,93,L3_15_01,-1,24,28,6,0,0,0,0,0,0,0,0,0,8.87,8.87
200,shim,158,SHIM_15_02,-1,26,28,1,0,0,0,6,14,0,0,0,0,9.26,9.26
200,router,94,L3_15_02,-1,30,31,7,0,0,0,0,0,0,0,0,0,10.21,10.21
200,shim,159,SHIM_15_03,-1,25,27,1,0,0,0,5,12,0,0,0,0,9.05,9.05
200,router,95,L3_15_03,-1,23,21,9,0,0,0,0,0,0,0,0,0,7.93,7.93
200,endpoint,320,LLCH_00,-1,48,48,0,0,0,0,0,0,0,0,0,0,9.62,9.62
200,endpoint,324,LLCH_01,-1,43,43,0,0,0,0,0,0,0,0,0,0,8.67,8.67
200,endpoint,328,LLCH_02,-1,37,37,0,0,0,0,0,0,0,0,0,0,7.73,7.73
200,endpoint,332,LLCH_03,-1,49,49,0,0,0,0,0,0,0,0,0,0,9.78,9.78
200,endpoint,336,LLCH_04,-1,44,44,0,0,0,0,0,0,0,0,0,0,8.83,8.83
200,endpoint,340,LLCH_05,-1,38,38,0,0,0,0,0,0,0,0,0,0,7.88,7.88
200,endpoint,344,LLCH_06,-1,50,50,0,0,0,0,0,0,0,0,0,0,9.93,9.93
200,endpoint,348,LLCH_07,-1,45,45,0,0,0,0,0,0,0,0,0,0,8.99,8.99
200,endpoint,352,LLCH_08,-1,39,39,0,0,0,0,0,0,0,0,0,0,8.04,8.04
200,endpoint,356,LLCH_09,-1,51,51,0,0,0,0,0,0,0,0,0,0,7.09,7.09
200,endpoint,360,LLCH_10,-1,46,46,0,0,0,0,0,0,0,0,0,0,9.14,9.14
200,endpoint,364,LLCH_11,-1,40,40,0,0,0,0,0,0,0,0,0,0,8.19,8.19
200,endpoint,368,LLCH_12,-1,34,34,0,0,0,0,0,0,0,0,0,0,7.25,7.25
200,endpoint,372,LLCH_13,-1,47,47,0,0,0,0,0,0,0,0,0,0,9.3,9.3
200,endpoint,376,LLCH_14,-1,41,41,0,0,0,0,0,0,0,0,0,0,8.35,8.35
200,endpoint,380,LLCH_15,-1,48,48,0,0,0,0,0,0,0,0,0,0,9.51,9.51
200,port,0,L1_00,0,62,63,3,28,23,4,0,1,63,262,63,451,4.16,7.16
200,port,0,L1_00,1,108,107,5,36,36,0,0,1,107,673,107,994,6.29,9.29
200,port,0,L1_00,2,154,151,6,45,45,0,0,2,151,1273,151,1726,8.43,11.43
200,port,0,L1_00,3,141,142,6,43,43,0,0,0,142,886,142,1312,6.24,9.24
200,port,0,L1_00,4,187,186,7,52,52,0,0,1,186,1557,186,2115,8.37,11.37
200,port,16,L2_00,0,215,217,8,58,58,0,0,2,217,2216,217,2867,10.21,13.21
200,port,16,L2_00,1,81,81,4,31,28,3,0,0,81,393,81,636,4.85,7.85
200,port,16,L2_00,2,127,125,5,40,40,0,0,1,125,874,125,1249,6.99,9.99
200,port,16,L2_00,3,167,169,7,49,49,0,0,2,169,1543,169,2050,9.13,12.13
200,port,16,L2_00,4,160,160,6,47,47,0,0,0,160,1109,160,1589,6.93,9.93
200,port,16,L2_00,5,206,204,8,56,56,0,0,1,204,1850,204,2462,9.07,12.07
200,port,32,L3_00_00,0,18,16,1,28,23,4,0,1,16,90,16,138,5.61,8.61
200,port,32,L3_00_00,1,12,14,1,26,21,4,0,1,14,48,14,90,3.41,6.41
200,port,32,L3_00_00,2,25,25,1,35,34,1,0,0,25,139,25,214,5.55,8.55
200,port,32,L3_00_00,3,38,36,1,44,44,0,0,1,36,277,36,385,7.69,10.69
200,port,32,L3_00_00,4,45,47,2,52,52,0,0,2,47,321,47,462,6.82,9.82
200,port,33,L3_00_01,0,25,22,1,32,30,1,0,1,22,152,22,218,6.9,9.9
200,port,33,L3_00_01,1,33,33,1,41,41,0,0,0,33,199,33,298,6.03,9.03
200,port,33,L3_00_01,2,32,30,1,39,39,0,0,1,30,205,30,295,6.84,9.84
200,port,33,L3_00_01,3,39,41,2,48,48,0,0,2,41,368,41,491,8.98,11.98
200,port,33,L3_00_01,4,52,52,2,57,57,0,0,0,52,422,52,578,8.11,11.11
200,port,34,L3_00_02,0,30,27,1,37,36,0,0,1,27,197,27,278,7.3,10.3
200,port,34,L3_00_02,1,37,38,2,46,46,0,0,2,38,244,38,358,6.43,9.43
200,port,34,L3_00_02,2,37,36,1,44,44,0,0,1,36,261,36,369,7.24,10.24
200,port,34,L3_00_02,3,50,47,2,52,52,0,0,2,47,441,47,582,9.38,12.38
200,port,34,L3_00_02,4,12,13,1,25,19,6,0,0,13,52,13,91,4.01,7.01
200,port,35,L3_00_03,0,32,33,1,41,41,0,0,2,33,184,33,283,5.58,8.58
200,port,35,L3_00_03,1,45,44,2,50,50,0,0,1,44,340,44,472,7.72,10.72
200,port,35,L3_00_03,2,58,55,2,59,59,0,0,2,55,542,55,707,9.86,12.86
200,port,35,L3_00_03,3,51,52,2,57,57,0,0,3,52,399,52,555,7.67,10.67
200,port,35,L3_00_03,4,19,18,1,30,26,4,0,0,18,95,18,149,5.3,8.3
200,port,1,L1_01,0,86,85,4,32,29,3,0,0,85,462,85,717,5.44,8.44
200,port,1,L1_01,1,132,129,5,41,41,0,0,1,129,978,129,1365,7.58,10.58
200,port,1,L1_01,2,172,173,7,50,50,0,0,2,173,1163,173,1682,6.72,9.72
200,port,1,L1_01,3,218,217,8,58,58,0,0,1,217,1923,217,2574,8.86,11.86
200,port,1,L1_01,4,211,208,8,57,57,0,0,2,208,2009,208,2633,9.66,12.66
200,port,17,L2_01,0,111,112,5,37,37,0,0,2,112,598,112,934,5.34,8.34
200,port,17,L2_01,1,104,103,5,36,35,0,0,1,103,632,103,941,6.14,9.14
200,port,17,L2_01,2,150,147,6,44,44,0,0,1,147,1217,147,1658,8.28,11.28
200,port,17,L2_01,3,190,191,7,53,53,0,0,3,191,1417,191,1990,7.42,10.42
200,port,17,L2_01,4,56,55,3,26,20,6,0,0,55,278,55,443,5.05,8.05
200,port,17,L2_01,5,49,46,3,24,18,5,0,1,46,270,46,408,5.86,8.86
200,port,36,L3_01_00,0,38,38,2,46,46,0,0,0,38,261,38,375,6.87,9.87
200,port,36,L3_01_00,1,51,49,2,54,54,0,0,1,49,441,49,588,9.01,12.01
200,port,36,L3_01_00,2,13,15,1,27,22,4,0,1,15,55,15,100,3.65,6.65
200,port,36,L3_01_00,3,26,26,1,36,35,1,0,0,26,151,26,229,5.79,8.79
200,port,36,L3_01_00,4,26,24,1,34,33,0,0,1,24,158,24,230,6.59,9.59
200,port,37,L3_01_01,0,14,12,1,25,18,7,0,0,12,60,12,96,4.99,7.99
200,port,37,L3_01_01,1,53,55,2,59,59,0,0,2,55,567,55,732,10.3,13.3
200,port,37,L3_01_01,2,21,21,1,32,29,3,0,0,21,104,21,167,4.94,7.94
200,port,37,L3_01_01,3,34,32,1,40,40,0,0,1,32,226,32,322,7.07,10.07
200,port,37,L3_01_01,4,41,43,2,49,49,0,0,2,43,396,43,525,9.21,12.21
200,port,38,L3_01_02,0,19,18,1,29,25,4,0,0,18,97,18,151,5.39,8.39
200,port,38,L3_01_02,1,32,29,1,38,38,0,0,1,29,218,29,305,7.53,10.53
200,port,38,L3_01_02,2,25,26,1,36,35,1,0,0,26,139,26,217,5.34,8.34
200,port,38,L3_01_02,3,39,37,1,45,45,0,0,1,37,276,37,387,7.47,10.47
200,port,38,L3_01_02,4,52,48,2,54,54,0,0,2,48,461,48,605,9.61,12.61
200,port,39,L3_01_03,0,26,23,1,33,31,1,0,1,23,154,23,223,6.68,9.68
200,port,39,L3_01_03,1,33,34,1,42,42,0,0,2,34,198,34,300,5.82,8.82
200,port,39,L3_01_03,2,33,32,1,40,40,0,0,1,32,212,32,308,6.63,9.63
200,port,39,L3_01_03,3,46,43,2,49,49,0,0,1,43,377,43,506,8.76,11.76
200,port,39,L3_01_03,4,53,54,2,58,58,0,0,3,54,427,54,589,7.9,10.9
200,port,2,L1_02,0,162,160,6,47,47,0,0,1,160,1290,160,1770,8.06,11.06
200,port,2,L1_02,1,149,151,6,45,45,0,0,2,151,886,151,1339,5.87,8.87
200,port,2,L1_02,2,195,195,7,54,54,0,0,0,195,1562,195,2147,8.01,11.01
200,port,2,L1_02,3,61,59,3,27,22,4,0,1,59,333,59,510,5.64,8.64
200,port,2,L1_02,4,101,103,5,36,35,0,0,2,103,492,103,801,4.78,7.78
200,port,18,L2_02,0,135,134,5,42,42,0,0,0,134,887,134,1289,6.62,9.62
200,port,18,L2_02,1,181,178,7,51,51,0,0,1,178,1559,178,2093,8.76,11.76
200,port,18,L2_02,2,168,169,7,49,49,0,0,2,169,1110,169,1617,6.57,9.57
200,port,18,L2_02,3,214,213,8,58,58,0,0,1,213,1853,213,2492,8.7,11.7
200,port,18,L2_02,4,80,77,4,30,27,2,0,1,77,488,77,719,6.34,9.34
200,port,18,L2_02,5,67,68,3,29,24,4,0,1,68,282,68,486,4.15,7.15
200,port,40,L3_02_00,0,27,29,1,38,38,0,0,2,29,144,29,231,4.97,7.97
200,port,40,L3_02_00,1,40,40,2,47,47,0,0,0,40,284,40,404,7.11,10.11
200,port,40,L3_02_00,2,53,51,2,56,56,0,0,1,51,472,51,625,9.25,12.25
200,port,40,L3_02_00,3,46,48,2,54,54,0,0,2,48,338,48,482,7.05,10.05
200,port,40,L3_02_00,4,15,14,1,27,21,6,0,0,14,66,14,108,4.69,7.69
200,port,41,L3_02_01,0,34,34,1,42,42,0,0,0,34,213,34,315,6.26,9.26
200,port,41,L3_02_01,1,47,45,2,51,51,0,0,1,45,378,45,513,8.4,11.4
200,port,41,L3_02_01,2,9,11,1,24,17,6,0,1,11,66,11,99,6.03,9.03
200,port,41,L3_02_01,3,22,22,1,33,30,3,0,0,22,114,22,180,5.17,8.17
200,port,41,L3_02_01,4,22,20,1,31,28,2,0,1,20,120,20,180,5.98,8.98
200,port,42,L3_02_02,0,52,53,2,57,57,0,0,0,53,423,53,582,7.99,10.99
200,port,42,L3_02_02,1,52,51,2,56,56,0,0,1,51,449,51,602,8.8,11.8
200,port,42,L3_02_02,2,21,17,1,28,24,3,0,1,17,109,17,160,6.44,9.44
200,port,42,L3_02_02,3,28,28,1,37,37,0,0,0,28,156,28,240,5.57,8.57
200,port,42,L3_02_02,4,41,39,2,46,46,0,0,1,39,301,39,418,7.71,10.71
200,port,43,L3_02_03,0,15,14,1,26,21,5,0,0,14,67,14,109,4.78,7.78
200,port,43,L3_02_03,1,28,25,1,35,34,0,0,1,25,173,25,248,6.92,9.92
200,port,43,L3_02_03,2,21,22,1,33,30,1,0,2,22,104,22,170,4.72,7.72
200,port,43,L3_02_03,3,34,33,1,42,42,0,0,1,33,226,33,325,6.86,9.86
200,port,43,L3_02_03,4,47,44,2,50,50,0,0,2,44,396,44,528,9,12
200,port,3,L1_03,0,184,182,7,51,51,0,0,1,182,1540,182,2086,8.46,11.46
200,port,3,L1_03,1,171,173,7,50,50,0,0,2,173,1604,173,2123,9.27,12.27
200,port,3,L1_03,2,217,217,8,58,58,0,0,0,217,1825,217,2476,8.41,11.41
200,port,3,L1_03,3,83,81,4,31,28,2,0,1,81,489,81,732,6.04,9.04
200,port,3,L1_03,4,123,125,5,40,40,0,0,2,125,648,125,1023,5.18,8.18
200,port,19,L2_03,0,156,156,6,46,46,0,0,0,156,1095,156,1563,7.02,10.02
200,port,19,L2_03,1,203,201,7,55,55,0,0,1,201,1841,201,2444,9.16,12.16
200,port,19,L2_03,2,189,191,7,53,53,0,0,2,191,1331,191,1904,6.97,9.97
200,port,19,L2_03,3,55,55,3,26,20,6,0,0,55,254,55,419,4.61,7.61
200,port,19,L2_03,4,103,100,4,35,34,0,0,1,100,674,100,974,6.74,9.74
200,port,19,L2_03,5,143,144,6,44,44,0,0,2,144,847,144,1279,5.88,8.88
200,port,44,L3_03_00,0,21,19,1,30,27,2,0,1,19,115,19,172,6.07,9.07
200,port,44,L3_03_00,1,28,30,1,39,39,0,0,2,30,156,30,246,5.21,8.21
200,port,44,L3_03_00,2,28,28,1,37,37,0,0,0,28,168,28,252,6.01,9.01
200,port,44,L3_03_00,3,42,39,2,46,46,0,0,1,39,318,39,435,8.15,11.15
200,port,44,L3_03_00,4,49,50,2,55,55,0,0,2,50,365,50,515,7.29,10.29
200,port,45,L3_03_01,0,23,25,1,35,34,0,0,1,25,184,25,259,7.36,10.36
200,port,45,L3_03_01,1,36,36,1,44,44,0,0,0,36,234,36,342,6.5,9.5
200,port,45,L3_03_01,2,49,47,2,52,52,0,0,1,47,406,47,547,8.63,11.63
200,port,45,L3_03_01,3,42,44,2,51,51,0,0,2,44,283,44,415,6.44,9.44
200,port,45,L3_03_01,4,10,10,1,23,16,7,0,0,10,41,10,71,4.08,7.08
200,port,46,L3_03_02,0,34,30,1,39,39,0,0,1,30,233,30,323,7.76,10.76
200,port,46,L3_03_02,1,41,41,2,48,48,0,0,0,41,283,41,406,6.9,9.9
200,port,46,L3_03_02,2,54,52,2,57,57,0,0,1,52,470,52,626,9.03,12.03
200,port,46,L3_03_02,3,16,18,1,30,26,3,0,1,18,120,18,174,6.67,9.67
200,port,46,L3_03_02,4,16,16,1,28,23,5,0,0,16,72,16,120,4.48,7.48
200,port,47,L3_03_03,0,48,49,2,54,54,0,0,3,49,362,49,509,7.38,10.38
200,port,47,L3_03_03,1,48,47,2,52,52,0,0,1,47,384,47,525,8.18,11.18
200,port,47,L3_03_03,2,16,13,1,25,19,5,0,1,13,76,13,115,5.82,8.82
200,port,47,L3_03_03,3,23,24,1,34,33,0,0,2,24,119,24,191,4.96,7.96
200,port,47,L3_03_03,4,36,35,1,43,43,0,0,1,35,249,35,354,7.1,10.1
200,port,4,L1_04,0,208,205,8,56,56,0,0,2,205,1999,205,2614,9.75,12.75
200,port,4,L1_04,1,68,69,3,29,25,4,0,0,69,303,69,510,4.39,7.39
200,port,4,L1_04,2,60,59,3,27,22,5,0,0,59,307,59,484,5.2,8.2
200,port,4,L1_04,3,108,104,5,36,35,0,0,1,104,762,104,1074,7.33,10.33
200,port,4,L1_04,4,148,148,6,45,45,0,0,0,148,958,148,1402,6.47,9.47
200,port,20,L2_04,0,181,179,7,51,51,0,0,1,179,1487,179,2024,8.31,11.31
200,port,20,L2_04,1,41,43,3,24,17,6,0,1,43,256,43,385,5.95,8.95
200,port,20,L2_04,2,87,87,4,32,30,2,0,0,87,443,87,704,5.09,8.09
200,port,20,L2_04,3,80,78,4,31,27,3,0,1,78,459,78,693,5.89,8.89
200,port,20,L2_04,4,120,122,5,39,39,0,0,2,122,980,122,1346,8.03,11.03
200,port,20,L2_04,5,166,166,6,48,48,0,0,0,166,1190,166,1688,7.17,10.17
200,port,48,L3_04_00,0,55,55,2,59,59,0,0,1,55,477,55,642,8.67,11.67
200,port,48,L3_04_00,1,24,21,1,31,29,1,0,1,21,132,21,195,6.3,9.3
200,port,48,L3_04_00,2,17,18,1,30,26,3,0,1,18,74,18,128,4.11,7.11
200,port,48,L3_04_00,3,30,29,1,38,38,0,0,0,29,181,29,268,6.25,9.25
200,port,48,L3_04_00,4,43,40,2,47,47,0,0,1,40,335,40,455,8.38,11.38
200,port,49,L3_04_01,0,17,15,1,27,22,4,0,1,15,82,15,127,5.46,8.46
200,port,49,L3_04_01,1,24,26,1,36,35,0,0,1,26,197,26,275,7.59,10.59
200,port,49,L3_04_01,2,24,24,1,34,33,1,0,0,24,130,24,202,5.4,8.4
200,port,49,L3_04_01,3,37,35,1,43,43,0,0,1,35,264,35,369,7.54,10.54
200,port,49,L3_04_01,4,44,46,2,52,52,0,0,2,46,307,46,445,6.67,9.67
200,port,50,L3_04_02,0,23,21,1,31,29,1,0,1,21,123,21,186,5.86,8.86
200,port,50,L3_04_02,1,30,32,1,40,40,0,0,1,32,256,32,352,7.99,10.99
200,port,50,L3_04_02,2,43,43,2,49,49,0,0,0,43,307,43,436,7.13,10.13
200,port,50,L3_04_02,3,42,40,2,47,47,0,0,1,40,318,40,438,7.94,10.94
200,port,50,L3_04_02,4,49,51,2,56,56,0,0,2,51,514,51,667,10.07,13.07
200,port,51,L3_04_03,0,29,26,1,36,35,0,0,1,26,186,26,264,7.14,10.14
200,port,51,L3_04_03,1,36,37,1,45,45,0,0,2,37,232,37,343,6.28,9.28
200,port,51,L3_04_03,2,49,48,2,54,54,0,0,1,48,404,48,548,8.42,11.42
200,port,51,L3_04_03,3,17,14,1,26,21,4,0,1,14,85,14,127,6.06,9.06
200,port,51,L3_04_03,4,11,12,1,25,18,7,0,0,12,46,12,82,3.86,6.86
200,port,5,L1_05,0,46,47,3,24,18,5,0,1,47,166,47,307,3.54,6.54
200,port,5,L1_05,1,92,91,4,33,31,2,0,0,91,517,91,790,5.68,8.68
200,port,5,L1_05,2,138,135,5,42,42,0,0,1,135,1056,135,1461,7.82,10.82
200,port,5,L1_05,3,125,126,5,40,40,0,0,2,126,708,126,1086,5.62,8.62
200,port,5,L1_05,4,171,170,7,49,49,0,0,1,170,1319,170,1829,7.76,10.76
200,port,21,L2_05,0,204,201,7,55,55,0,0,2,201,1930,201,2533,9.6,12.6
200,port,21,L2_05,1,64,65,3,28,23,4,0,1,65,276,65,471,4.24,7.24
200,port,21,L2_05,2,110,109,5,37,37,0,0,1,109,695,109,1022,6.38,9.38
200,port,21,L2_05,3,156,153,6,46,46,0,0,2,153,1302,153,1761,8.51,11.51
200,port,21,L2_05,4,143,144,6,44,44,0,0,0,144,910,144,1342,6.32,9.32
200,port,21,L2_05,5,190,188,7,53,53,0,0,1,188,1590,188,2154,8.46,11.46
200,port,52,L3_05_00,0,44,45,2,51,51,0,0,2,45,305,45,440,6.77,9.77
200,port,52,L3_05_00,1,44,43,2,49,49,0,0,1,43,326,43,455,7.57,10.57
200,port,52,L3_05_00,2,57,54,2,58,58,0,0,2,54,524,54,686,9.71,12.71
200,port,52,L3_05_00,3,19,20,1,31,28,2,0,1,20,87,20,147,4.35,7.35
200,port,52,L3_05_00,4,32,31,1,40,40,0,0,1,31,201,31,294,6.48,9.48
200,port,53,L3_05_01,0,51,51,2,55,55,0,0,0,51,411,51,564,8.05,11.05
200,port,53,L3_05_01,1,19,17,1,28,24,3,0,1,17,97,17,148,5.69,8.69
200,port,53,L3_05_01,2,12,14,1,26,21,4,0,1,14,49,14,91,3.5,6.5
200,port,53,L3_05_01,3,25,25,1,35,34,1,0,0,25,141,25,216,5.63,8.63
200,port,53,L3_05_01,4,38,36,1,44,44,0,0,1,36,280,36,388,7.77,10.77
200,port,54,L3_05_02,0,11,11,1,24,17,7,0,0,11,43,11,76,3.95,6.95
200,port,54,L3_05_02,1,24,22,1,33,30,2,0,1,22,134,22,200,6.09,9.09
200,port,54,L3_05_02,2,18,20,1,31,28,2,0,1,20,138,20,198,6.9,9.9
200,port,54,L3_05_02,3,31,31,1,40,40,0,0,0,31,187,31,280,6.03,9.03
200,port,54,L3_05_02,4,44,42,2,48,48,0,0,1,42,343,42,469,8.17,11.17
200,port,55,L3_05_03,0,18,17,1,28,24,4,0,0,17,89,17,140,5.24,8.24
200,port,55,L3_05_03,1,31,28,1,37,37,0,0,1,28,207,28,291,7.38,10.38
200,port,55,L3_05_03,2,38,39,2,46,46,0,0,0,39,254,39,371,6.52,9.52
200,port,55,L3_05_03,3,37,36,1,44,44,0,0,1,36,264,36,372,7.32,10.32
200,port,55,L3_05_03,4,50,47,2,53,53,0,0,2,47,445,47,586,9.46,12.46
200,port,6,L1_06,0,69,69,4,29,25,4,0,0,69,333,69,540,4.83,7.83
200,port,6,L1_06,1,115,113,5,38,38,0,0,1,113,788,113,1127,6.97,9.97
200,port,6,L1_06,2,155,157,6,46,46,0,0,2,157,959,157,1430,6.11,9.11
200,port,6,L1_06,3,201,201,7,55,55,0,0,1,201,1656,201,2259,8.24,11.24
200,port,6,L1_06,4,195,192,7,53,53,0,0,1,192,1738,192,2314,9.05,12.05
200,port,22,L2_06,0,99,96,4,34,33,0,0,1,96,656,96,944,6.83,9.83
200,port,22,L2_06,1,86,87,4,32,30,0,0,2,87,404,87,665,4.64,7.64
200,port,22,L2_06,2,132,131,5,41,41,0,0,1,131,888,131,1281,6.78,9.78
200,port,22,L2_06,3,178,175,7,50,50,0,0,2,175,1559,175,2084,8.91,11.91
200,port,22,L2_06,4,218,219,8,59,59,0,0,3,219,1763,219,2420,8.05,11.05
200,port,22,L2_06,5,211,210,8,57,57,0,0,1,210,1861,210,2491,8.86,11.86
200,port,56,L3_06_00,0,25,22,1,33,30,2,0,1,22,144,22,210,6.53,9.53
200,port,56,L3_06_00,1,32,33,1,42,42,0,0,2,33,187,33,286,5.67,8.67
200,port,56,L3_06_00,2,45,44,2,50,50,0,0,1,44,344,44,476,7.81,10.81
200,port,56,L3_06_00,3,13,10,1,23,16,6,0,1,10,54,10,84,5.44,8.44
200,port,56,L3_06_00,4,52,53,2,57,57,0,0,3,53,411,53,570,7.75,10.75
200,port,57,L3_06_01,0,43,41,2,48,48,0,0,1,41,339,41,462,8.26,11.26
200,port,57,L3_06_01,1,37,39,2,46,46,0,0,2,39,237,39,354,6.07,9.07
200,port,57,L3_06_01,2,50,50,2,55,55,0,0,1,50,411,50,561,8.21,11.21
200,port,57,L3_06_01,3,19,16,1,28,23,4,0,1,16,93,16,141,5.84,8.84
200,port,57,L3_06_01,4,26,27,1,36,36,0,0,2,27,134,27,215,4.98,7.98
200,port,58,L3_06_02,0,45,47,2,52,52,0,0,2,47,449,47,590,9.55,12.55
200,port,58,L3_06_02,1,13,13,1,25,19,6,0,0,13,54,13,93,4.19,7.19
200,port,58,L3_06_02,2,12,10,1,23,16,6,0,1,10,50,10,80,5,8
200,port,58,L3_06_02,3,19,21,1,32,29,2,0,1,21,87,21,150,4.13,7.13
200,port,58,L3_06_02,4,32,32,1,41,41,0,0,0,32,201,32,297,6.27,9.27
200,port,59,L3_06_03,0,51,52,2,57,57,0,0,3,52,408,52,564,7.84,10.84
200,port,59,L3_06_03,1,19,18,1,29,25,4,0,0,18,99,18,153,5.48,8.48
200,port,59,L3_06_03,2,32,29,1,38,38,0,0,1,29,221,29,308,7.62,10.62
200,port,59,L3_06_03,3,26,27,1,36,36,0,0,0,27,146,27,227,5.42,8.42
200,port,59,L3_06_03,4,40,38,1,45,45,0,0,1,38,287,38,401,7.56,10.56
200,port,7,L1_07,0,144,144,6,44,44,0,0,0,144,945,144,1377,6.56,9.56
200,port,7,L1_07,1,137,135,5,42,42,0,0,1,135,995,135,1400,7.37,10.37
200,port,7,L1_07,2,177,179,7,51,51,0,0,2,179,1165,179,1702,6.51,9.51
200,port,7,L1_07,3,158,158,30,62,55,0,0,30,158,4426,158,4900,28.01,31.01
200,port,7,L1_07,4,89,87,4,32,30,1,0,1,87,546,87,807,6.28,9.28
200,port,23,L2_07,0,116,118,5,39,39,0,0,2,118,604,118,958,5.12,8.12
200,port,23,L2_07,1,162,162,6,47,47,0,0,0,162,1176,162,1662,7.26,10.26
200,port,23,L2_07,2,155,153,6,46,46,0,0,1,153,1235,153,1694,8.07,11.07
200,port,23,L2_07,3,196,197,7,54,54,0,0,2,197,1418,197,2009,7.2,10.2
200,port,23,L2_07,4,62,61,3,27,22,5,0,0,61,295,61,478,4.84,7.84
200,port,23,L2_07,5,55,52,3,25,19,5,0,1,52,294,52,450,5.65,8.65
200,port,60,L3_07_00,0,14,13,1,25,19,6,0,0,13,60,13,99,4.63,7.63
200,port,60,L3_07_00,1,27,24,1,34,33,0,0,1,24,162,24,234,6.77,9.77
200,port,60,L3_07_00,2,34,35,1,43,43,0,0,2,35,207,35,312,5.9,8.9
200,port,60,L3_07_00,3,33,32,1,41,41,0,0,1,32,215,32,311,6.71,9.71
200,port,60,L3_07_00,4,46,43,2,50,50,0,0,2,43,381,43,510,8.85,11.85
200,port,61,L3_07_01,0,18,18,1,30,26,4,0,0,18,91,18,145,5.03,8.03
200,port,61,L3_07_01,1,32,29,1,38,38,0,0,1,29,208,29,295,7.17,10.17
200,port,61,L3_07_01,2,39,40,2,47,47,0,0,2,40,252,40,372,6.3,9.3
200,port,61,L3_07_01,3,52,51,2,56,56,0,0,1,51,430,51,583,8.44,11.44
200,port,61,L3_07_01,4,52,49,2,54,54,0,0,2,49,453,49,600,9.25,12.25
200,port,62,L3_07_02,0,39,37,1,45,45,0,0,1,37,283,37,394,7.65,10.65
200,port,62,L3_07_02,1,33,35,1,43,43,0,0,2,35,296,35,401,8.46,11.46
200,port,62,L3_07_02,2,46,46,2,52,52,0,0,0,46,349,46,487,7.59,10.59
200,port,62,L3_07_02,3,14,12,1,24,18,5,0,1,12,63,12,99,5.23,8.23
200,port,62,L3_07_02,4,21,23,1,33,31,1,0,1,23,101,23,170,4.37,7.37
200,port,63,L3_07_03,0,46,43,2,49,49,0,0,2,43,384,43,513,8.94,11.94
200,port,63,L3_07_03,1,53,54,2,58,58,0,0,0,54,436,54,598,8.08,11.08
200,port,63,L3_07_03,2,53,51,2,56,56,0,0,1,51,453,51,606,8.88,11.88
200,port,63,L3_07_03,3,15,17,1,29,24,4,0,1,17,111,17,162,6.52,9.52
200,port,63,L3_07_03,4,28,28,1,38,38,0,0,0,28,158,28,242,5.66,8.66
200,port,8,L1_08,0,167,166,6,48,48,0,0,1,166,1303,166,1801,7.85,10.85
200,port,8,L1_08,1,160,157,6,46,46,0,0,2,157,1360,157,1831,8.66,11.66
200,port,8,L1_08,2,201,201,7,55,55,0,0,0,201,1566,201,2169,7.79,10.79
200,port,8,L1_08,3,67,65,3,28,23,4,0,1,65,353,65,548,5.43,8.43
200,port,8,L1_08,4,107,109,5,37,37,0,0,1,109,825,109,1152,7.57,10.57
200,port,24,L2_08,0,140,140,6,43,43,0,0,0,140,897,140,1317,6.41,9.41
200,port,24,L2_08,1,187,185,7,52,52,0,0,1,185,1582,185,2137,8.55,11.55
200,port,24,L2_08,2,173,175,7,50,50,0,0,2,175,1636,175,2161,9.35,12.35
200,port,24,L2_08,3,219,219,8,59,59,0,0,0,219,1859,219,2516,8.49,11.49
200,port,24,L2_08,4,86,84,4,32,29,2,0,1,84,515,84,767,6.13,9.13
200,port,24,L2_08,5,126,128,5,41,41,0,0,2,128,675,128,1059,5.27,8.27
200,port,64,L3_08_00,0,47,48,2,53,53,0,0,2,48,347,48,491,7.23,10.23
200,port,64,L3_08_00,1,15,14,1,26,21,5,0,0,14,68,14,110,4.86,7.86
200,port,64,L3_08_00,2,28,25,1,35,34,0,0,1,25,175,25,250,7,10
200,port,64,L3_08_00,3,22,23,1,33,31,0,0,2,23,111,23,180,4.81,7.81
200,port,64,L3_08_00,4,35,34,1,42,42,0,0,1,34,236,34,338,6.95,9.95
200,port,65,L3_08_01,0,53,54,2,58,58,0,0,3,54,412,54,574,7.63,10.63
200,port,65,L3_08_01,1,21,20,1,31,28,3,0,0,20,105,20,165,5.27,8.27
200,port,65,L3_08_01,2,34,31,1,40,40,0,0,1,31,229,31,322,7.4,10.4
200,port,65,L3_08_01,3,27,28,1,38,38,0,0,2,28,146,28,230,5.21,8.21
200,port,65,L3_08_01,4,40,39,2,47,47,0,0,1,39,287,39,404,7.35,10.35
200,port,66,L3_08_02,0,14,14,1,26,21,5,0,0,14,62,14,104,4.42,7.42
200,port,66,L3_08_02,1,27,25,1,35,34,0,0,1,25,164,25,239,6.55,9.55
200,port,66,L3_08_02,2,34,36,1,44,44,0,0,2,36,205,36,313,5.69,8.69
200,port,66,L3_08_02,3,47,47,2,53,53,0,0,0,47,368,47,509,7.83,10.83
200,port,66,L3_08_02,4,47,45,2,51,51,0,0,1,45,388,45,523,8.63,11.63
200,port,67,L3_08_03,0,34,33,1,41,41,0,0,1,33,232,33,331,7.04,10.04
200,port,67,L3_08_03,1,35,31,1,40,40,0,0,1,31,243,31,336,7.84,10.84
200,port,67,L3_08_03,2,42,42,2,48,48,0,0,0,42,293,42,419,6.98,9.98
200,port,67,L3_08_03,3,55,53,2,57,57,0,0,1,53,483,53,642,9.12,12.12
200,port,67,L3_08_03,4,17,19,1,30,27,2,0,1,19,128,19,185,6.75,9.75
200,port,9,L1_09,0,191,188,7,53,53,0,0,2,188,1718,188,2282,9.14,12.14
200,port,9,L1_09,1,52,53,3,26,20,5,0,1,53,200,53,359,3.78,6.78
200,port,9,L1_09,2,44,43,3,24,17,7,0,0,43,197,43,326,4.58,7.58
200,port,9,L1_09,3,91,88,4,33,30,2,0,1,88,591,88,855,6.72,9.72
200,port,9,L1_09,4,131,132,5,41,41,0,0,2,132,774,132,1170,5.86,8.86
200,port,25,L2_09,0,164,163,6,48,48,0,0,1,163,1255,163,1744,7.7,10.7
200,port,25,L2_09,1,210,207,8,56,56,0,0,2,207,2037,207,2658,9.84,12.84
200,port,25,L2_09,2,70,71,4,29,25,4,0,0,71,317,71,530,4.47,7.47
200,port,25,L2_09,3,64,62,3,27,22,5,0,0,62,327,62,513,5.28,8.28
200,port,25,L2_09,4,110,106,5,36,36,0,0,1,106,787,106,1105,7.42,10.42
200,port,25,L2_09,5,150,150,6,45,45,0,0,0,150,984,150,1434,6.56,9.56
200,port,68,L3_09_00,0,42,39,2,46,46,0,0,1,39,324,39,441,8.32,11.32
200,port,68,L3_09_00,1,49,50,2,55,55,0,0,3,50,373,50,523,7.46,10.46
200,port,68,L3_09_00,2,48,47,2,53,53,0,0,1,47,389,47,530,8.27,11.27
200,port,68,L3_09_00,3,16,13,1,26,20,5,0,1,13,77,13,116,5.91,8.91
200,port,68,L3_09_00,4,23,24,1,34,33,0,0,2,24,121,24,193,5.04,8.04
200,port,69,L3_09_01,0,47,44,2,50,50,0,0,1,44,384,44,516,8.73,11.73
200,port,69,L3_09_01,1,9,10,1,23,16,6,0,1,10,34,10,64,3.36,6.36
200,port,69,L3_09_01,2,22,21,1,32,29,3,0,0,21,116,21,179,5.5,8.5
200,port,69,L3_09_01,3,22,19,1,30,27,2,0,1,19,120,19,177,6.31,9.31
200,port,69,L3_09_01,4,29,30,1,39,39,0,0,2,30,163,30,253,5.44,8.44
200,port,70,L3_09_02,0,48,50,2,55,55,0,0,2,50,351,50,501,7.01,10.01
200,port,70,L3_09_02,1,16,16,1,28,23,5,0,0,16,74,16,122,4.65,7.65
200,port,70,L3_09_02,2,29,27,1,36,36,0,0,1,27,183,27,264,6.79,9.79
200,port,70,L3_09_02,3,22,24,1,34,33,0,0,1,24,110,24,182,4.59,7.59
200,port,70,L3_09_02,4,35,35,1,43,43,0,0,0,35,236,35,341,6.73,9.73
200,port,71,L3_09_03,0,10,10,1,23,16,7,0,0,10,38,10,68,3.8,6.8
200,port,71,L3_09_03,1,23,21,1,32,29,2,0,1,21,125,21,188,5.94,8.94
200,port,71,L3_09_03,2,30,32,1,41,41,0,0,2,32,259,32,355,8.08,11.08
200,port,71,L3_09_03,3,43,43,2,50,50,0,0,0,43,310,43,439,7.22,10.22
200,port,71,L3_09_03,4,43,41,2,48,48,0,0,1,41,329,41,452,8.02,11.02
200,port,10,L1_10,0,209,211,8,57,57,0,0,2,211,1568,211,2201,7.43,10.43
200,port,10,L1_10,1,75,75,4,30,26,4,0,0,75,380,75,605,5.07,8.07
200,port,10,L1_10,2,121,119,5,39,39,0,0,1,119,857,119,1214,7.2,10.2
200,port,10,L1_10,3,109,110,5,37,37,0,0,2,110,551,110,881,5.01,8.01
200,port,10,L1_10,4,155,154,6,46,46,0,0,1,154,1101,154,1563,7.15,10.15
200,port,26,L2_10,0,186,185,7,52,52,0,0,1,185,1499,185,2054,8.1,11.1
200,port,26,L2_10,1,52,49,3,25,19,5,0,1,49,281,49,428,5.74,8.74
200,port,26,L2_10,2,92,93,4,34,32,0,0,2,93,454,93,733,4.88,7.88
200,port,26,L2_10,3,138,137,6,42,42,0,0,1,137,960,137,1371,7.01,10.01
200,port,26,L2_10,4,131,128,5,41,41,0,0,1,128,1001,128,1385,7.82,10.82
200,port,26,L2_10,5,171,172,7,49,49,0,0,0,172,1197,172,1713,6.96,9.96
200,port,72,L3_10_00,0,30,29,1,38,38,0,0,1,29,186,29,273,6.42,9.42
200,port,72,L3_10_00,1,30,27,1,36,36,0,0,1,27,195,27,276,7.23,10.23
200,port,72,L3_10_00,2,37,38,1,45,45,0,0,2,38,242,38,356,6.37,9.37
200,port,72,L3_10_00,3,50,49,2,54,54,0,0,1,49,417,49,564,8.5,11.5
200,port,72,L3_10_00,4,18,15,1,27,22,4,0,1,15,92,15,137,6.14,9.14
200,port,73,L3_10_01,0,36,35,1,43,43,0,0,1,35,239,35,344,6.82,9.82
200,port,73,L3_10_01,1,49,46,2,51,51,0,0,1,46,412,46,550,8.96,11.96
200,port,73,L3_10_01,2,42,43,2,50,50,0,0,2,43,291,43,420,6.77,9.77
200,port,73,L3_10_01,3,55,54,2,58,58,0,0,1,54,481,54,643,8.9,11.9
200,port,73,L3_10_01,4,23,20,1,31,28,2,0,1,20,131,20,191,6.54,9.54
200,port,74,L3_10_02,0,42,40,2,47,47,0,0,1,40,324,40,444,8.11,11.11
200,port,74,L3_10_02,1,49,51,2,56,56,0,0,2,51,370,51,523,7.25,10.25
200,port,74,L3_10_02,2,17,17,1,29,24,5,0,0,17,83,17,134,4.89,7.89
200,port,74,L3_10_02,3,17,15,1,27,22,4,0,1,15,85,15,130,5.69,8.69
200,port,74,L3_10_02,4,25,26,1,36,35,0,0,2,26,126,26,204,4.83,7.83
200,port,75,L3_10_03,0,44,46,2,51,51,0,0,2,46,432,46,570,9.4,12.4
200,port,75,L3_10_03,1,12,12,1,24,18,6,0,0,12,48,12,84,4.04,7.04
200,port,75,L3_10_03,2,25,23,1,33,31,1,0,1,23,142,23,211,6.18,9.18
200,port,75,L3_10_03,3,18,20,1,31,28,2,0,1,20,140,20,200,6.98,9.98
200,port,75,L3_10_03,4,31,31,1,40,40,0,0,0,31,190,31,283,6.12,9.12
200,port,11,L1_11,0,51,53,3,26,20,5,0,1,53,176,53,335,3.33,6.33
200,port,11,L1_11,1,97,97,4,34,33,1,0,0,97,531,97,822,5.47,8.47
200,port,11,L1_11,2,143,141,6,43,43,0,0,1,141,1072,141,1495,7.6,10.6
200,port,11,L1_11,3,298,300,34,90,90,0,0,43,300,9183,300,10083,30.61,33.61
200,port,11,L1_11,4,176,176,7,50,50,0,0,0,176,1329,176,1857,7.55,10.55
200,port,27,L2_11,0,82,80,4,31,28,2,0,1,80,498,80,738,6.22,9.22
200,port,27,L2_11,1,70,71,4,29,25,3,0,1,71,286,71,499,4.03,7.03
200,port,27,L2_11,2,116,115,5,38,38,0,0,0,115,708,115,1053,6.16,9.16
200,port,27,L2_11,3,162,159,6,47,47,0,0,1,159,1320,159,1797,8.3,11.3
200,port,27,L2_11,4,202,203,8,56,56,0,0,3,203,1510,203,2119,7.44,10.44
200,port,27,L2_11,5,195,194,7,54,54,0,0,1,194,1599,194,2181,8.24,11.24
200,port,76,L3_11_00,0,50,51,2,56,56,0,0,3,51,392,51,545,7.69,10.69
200,port,76,L3_11_00,1,18,17,1,29,24,5,0,0,17,91,17,142,5.33,8.33
200,port,76,L3_11_00,2,31,28,1,38,38,0,0,1,28,209,28,293,7.46,10.46
200,port,76,L3_11_00,3,38,39,2,46,46,0,0,0,39,257,39,374,6.6,9.6
200,port,76,L3_11_00,4,38,37,1,45,45,0,0,1,37,274,37,385,7.41,10.41
200,port,77,L3_11_01,0,24,25,1,35,34,0,0,2,25,123,25,198,4.92,7.92
200,port,77,L3_11_01,1,24,23,1,33,31,2,0,0,23,132,23,201,5.73,8.73
200,port,77,L3_11_01,2,37,34,1,42,42,0,0,1,34,267,34,369,7.86,10.86
200,port,77,L3_11_01,3,44,45,2,51,51,0,0,2,45,315,45,450,7,10
200,port,77,L3_11_01,4,12,11,1,24,17,7,0,0,11,51,11,84,4.64,7.64
200,port,78,L3_11_02,0,31,31,1,39,39,0,0,0,31,193,31,286,6.21,9.21
200,port,78,L3_11_02,1,44,42,2,48,48,0,0,1,42,351,42,477,8.35,11.35
200,port,78,L3_11_02,2,37,39,2,46,46,0,0,2,39,240,39,357,6.15,9.15
200,port,78,L3_11_02,3,51,50,2,55,55,0,0,1,50,414,50,565,8.29,11.29
200,port,78,L3_11_02,4,19,16,1,28,23,4,0,1,16,95,16,143,5.93,8.93
200,port,79,L3_11_03,0,38,36,1,44,44,0,0,1,36,270,36,378,7.5,10.5
200,port,79,L3_11_03,1,45,47,2,53,53,0,0,2,47,453,47,594,9.64,12.64
200,port,79,L3_11_03,2,13,13,1,25,19,6,0,0,13,56,13,95,4.27,7.27
200,port,79,L3_11_03,3,13,11,1,24,17,6,0,1,11,56,11,89,5.08,8.08
200,port,79,L3_11_03,4,20,22,1,32,30,1,0,1,22,93,22,159,4.22,7.22
200,port,12,L1_12,0,128,128,5,41,41,0,0,0,128,762,128,1146,5.95,8.95
200,port,12,L1_12,1,121,119,5,39,39,0,0,1,119,803,119,1160,6.75,9.75
200,port,12,L1_12,2,161,163,6,48,48,0,0,2,163,1449,163,1938,8.89,11.89
200,port,12,L1_12,3,207,207,8,56,56,0,0,0,207,1662,207,2283,8.03,11.03
200,port,12,L1_12,4,73,71,4,29,25,3,0,1,71,403,71,616,5.67,8.67
200,port,28,L2_12,0,100,102,5,35,34,0,0,1,102,766,102,1072,7.51,10.51
200,port,28,L2_12,1,146,146,6,44,44,0,0,0,146,971,146,1409,6.65,9.65
200,port,28,L2_12,2,139,137,6,42,42,0,0,1,137,1021,137,1432,7.45,10.45
200,port,28,L2_12,3,179,181,7,51,51,0,0,2,181,1193,181,1736,6.59,9.59
200,port,28,L2_12,4,45,45,3,24,17,7,0,0,45,190,45,325,4.23,7.23
200,port,28,L2_12,5,218,216,8,58,58,0,0,1,216,2058,216,2706,9.53,12.53
200,port,80,L3_12_00,0,45,42,2,48,48,0,0,2,42,369,42,495,8.79,11.79
200,port,80,L3_12_00,1,52,53,2,57,57,0,0,0,53,420,53,579,7.92,10.92
200,port,80,L3_12_00,2,20,19,1,30,27,2,0,1,19,106,19,163,5.56,8.56
200,port,80,L3_12_00,3,19,16,1,28,23,4,0,1,16,102,16,150,6.37,9.37
200,port,80,L3_12_00,4,27,27,1,37,36,1,0,0,27,149,27,230,5.5,8.5
200,port,81,L3_12_01,0,50,47,2,53,53,0,0,2,47,432,47,573,9.19,12.19
200,port,81,L3_12_01,1,12,13,1,26,20,5,0,1,13,50,13,89,3.83,6.83
200,port,81,L3_12_01,2,25,24,1,34,33,0,0,1,24,143,24,215,5.96,8.96
200,port,81,L3_12_01,3,38,35,1,43,43,0,0,1,35,284,35,389,8.1,11.1
200,port,81,L3_12_01,4,32,33,1,41,41,0,0,2,33,195,33,294,5.91,8.91
200,port,82,L3_12_02,0,19,21,1,32,29,2,0,1,21,91,21,154,4.31,7.31
200,port,82,L3_12_02,1,20,19,1,30,27,3,0,0,19,97,19,154,5.11,8.11
200,port,82,L3_12_02,2,33,30,1,39,39,0,0,1,30,218,30,308,7.25,10.25
200,port,82,L3_12_02,3,40,41,2,48,48,0,0,2,41,262,41,385,6.39,9.39
200,port,82,L3_12_02,4,53,52,2,56,56,0,0,1,52,444,52,600,8.53,11.53
200,port,83,L3_12_03,0,27,27,1,36,36,0,0,0,27,151,27,232,5.6,8.6
200,port,83,L3_12_03,1,40,38,1,45,45,0,0,1,38,294,38,408,7.73,10.73
200,port,83,L3_12_03,2,33,35,1,43,43,0,0,2,35,194,35,299,5.54,8.54
200,port,83,L3_12_03,3,46,46,2,52,52,0,0,0,46,353,46,491,7.68,10.68
200,port,83,L3_12_03,4,14,12,1,25,18,6,0,1,12,64,12,100,5.31,8.31
200,port,13,L1_13,0,151,150,6,45,45,0,0,1,150,1086,150,1536,7.24,10.24
200,port,13,L1_13,1,144,141,6,43,43,0,0,1,141,1134,141,1557,8.04,11.04
200,port,13,L1_13,2,184,185,7,52,52,0,0,3,185,1328,185,1883,7.18,10.18
200,port,13,L1_13,3,50,49,3,25,19,6,0,0,49,236,49,383,4.82,7.82
200,port,13,L1_13,4,96,93,4,34,32,1,0,1,93,647,93,926,6.96,9.96
200,port,29,L2_13,0,123,124,5,40,40,0,0,0,124,719,124,1091,5.8,8.8
200,port,29,L2_13,1,170,169,6,49,49,0,0,1,169,1342,169,1849,7.94,10.94
200,port,29,L2_13,2,163,159,6,47,47,0,0,2,159,1390,159,1867,8.74,11.74
200,port,29,L2_13,3,203,203,8,56,56,0,0,0,203,1600,203,2209,7.88,10.88
200,port,29,L2_13,4,70,68,3,29,24,4,0,1,68,375,68,579,5.52,8.52
200,port,29,L2_13,5,110,112,5,37,37,0,0,1,112,857,112,1193,7.65,10.65
200,port,84,L3_13_00,0,33,32,1,41,41,0,0,1,32,220,32,316,6.88,9.88
200,port,84,L3_13_00,1,46,43,2,49,49,0,0,2,43,388,43,517,9.02,12.02
200,port,84,L3_13_00,2,54,54,2,58,58,0,0,0,54,441,54,603,8.16,11.16
200,port,84,L3_13_00,3,54,52,2,56,56,0,0,1,52,466,52,622,8.97,11.97
200,port,84,L3_13_00,4,16,18,1,29,25,3,0,1,18,119,18,173,6.6,9.6
200,port,85,L3_13_01,0,39,38,1,45,45,0,0,1,38,277,38,391,7.29,10.29
200,port,85,L3_13_01,1,52,49,2,54,54,0,0,2,49,462,49,609,9.42,12.42
200,port,85,L3_13_01,2,14,15,1,27,22,4,0,1,15,61,15,106,4.06,7.06
200,port,85,L3_13_01,3,13,12,1,25,18,7,0,0,12,58,12,94,4.87,7.87
200,port,85,L3_13_01,4,26,23,1,34,32,1,0,1,23,161,23,230,7,10
200,port,86,L3_13_02,0,46,43,2,49,49,0,0,1,43,369,43,498,8.57,11.57
200,port,86,L3_13_02,1,53,54,2,58,58,0,0,3,54,416,54,578,7.71,10.71
200,port,86,L3_13_02,2,21,20,1,31,28,3,0,0,20,107,20,167,5.35,8.35
200,port,86,L3_13_02,3,34,31,1,40,40,0,0,1,31,232,31,325,7.49,10.49
200,port,86,L3_13_02,4,28,29,1,38,38,0,0,2,29,153,29,240,5.29,8.29
200,port,87,L3_13_03,0,15,17,1,29,24,4,0,1,17,114,17,165,6.69,9.69
200,port,87,L3_13_03,1,15,15,1,27,22,5,0,0,15,68,15,113,4.5,7.5
200,port,87,L3_13_03,2,28,26,1,36,35,0,0,1,26,173,26,251,6.64,9.64
200,port,87,L3_13_03,3,35,37,1,44,44,0,0,2,37,214,37,325,5.78,8.78
200,port,87,L3_13_03,4,48,48,2,53,53,0,0,0,48,380,48,524,7.91,10.91
200,port,14,L1_14,0,174,172,7,49,49,0,0,1,172,1467,172,1983,8.53,11.53
200,port,14,L1_14,1,216,217,8,58,58,0,0,3,217,1662,217,2313,7.66,10.66
200,port,14,L1_14,2,208,207,8,56,56,0,0,1,207,1753,207,2374,8.47,11.47
200,port,14,L1_14,3,75,72,4,29,25,3,0,1,72,440,72,656,6.11,9.11
200,port,14,L1_14,4,115,116,5,38,38,0,0,2,116,608,116,956,5.24,8.24
200,port,30,L2_14,0,260,261,33,82,82,0,0,39,261,7846,261,8629,30.06,33.06
200,port,30,L2_14,1,192,191,7,53,53,0,0,1,191,1593,191,2166,8.34,11.34
200,port,30,L2_14,2,58,55,3,26,20,5,0,1,55,328,55,493,5.97,8.97
200,port,30,L2_14,3,45,46,3,24,18,5,0,1,46,174,46,312,3.78,6.78
200,port,30,L2_14,4,91,90,4,33,31,1,0,1,90,533,90,803,5.92,8.92
200,port,30,L2_14,5,137,134,5,42,42,0,0,1,134,1079,134,1481,8.05,11.05
200,port,88,L3_14_00,0,22,23,1,33,31,2,0,0,23,115,23,184,4.98,7.98
200,port,88,L3_14_00,1,36,34,1,42,42,0,0,1,34,242,34,344,7.12,10.12
200,port,88,L3_14_00,2,29,31,1,40,40,0,0,1,31,246,31,339,7.93,10.93
200,port,88,L3_14_00,3,42,42,2,49,49,0,0,0,42,297,42,423,7.06,10.06
200,port,88,L3_14_00,4,55,53,2,58,58,0,0,1,53,488,53,647,9.2,12.2
200,port,89,L3_14_01,0,27,28,1,37,37,0,0,2,28,151,28,235,5.38,8.38
200,port,89,L3_14_01,1,40,39,2,46,46,0,0,1,39,293,39,410,7.52,10.52
200,port,89,L3_14_01,2,53,50,2,55,55,0,0,2,50,483,50,633,9.66,12.66
200,port,89,L3_14_01,3,47,48,2,53,53,0,0,0,48,358,48,502,7.46,10.46
200,port,89,L3_14_01,4,15,14,1,26,21,5,0,0,14,71,14,113,5.1,8.1
200,port,90,L3_14_02,0,35,34,1,42,42,0,0,0,34,227,34,329,6.67,9.67
200,port,90,L3_14_02,1,48,45,2,51,51,0,0,1,45,396,45,531,8.81,11.81
200,port,90,L3_14_02,2,10,11,1,24,17,6,0,1,11,38,11,71,3.45,6.45
200,port,90,L3_14_02,3,54,53,2,58,58,0,0,1,53,464,53,623,8.75,11.75
200,port,90,L3_14_02,4,22,19,1,30,27,2,0,1,19,121,19,178,6.39,9.39
200,port,91,L3_14_03,0,41,39,2,46,46,0,0,1,39,310,39,427,7.96,10.96
200,port,91,L3_14_03,1,48,50,2,55,55,0,0,2,50,355,50,505,7.1,10.1
200,port,91,L3_14_03,2,16,16,1,28,23,5,0,0,16,76,16,124,4.74,7.74
200,port,91,L3_14_03,3,29,27,1,37,36,0,0,1,27,185,27,266,6.87,9.87
200,port,91,L3_14_03,4,23,25,1,35,34,0,0,1,25,117,25,192,4.68,7.68
200,port,15,L1_15,0,197,195,7,54,54,0,0,1,195,1741,195,2326,8.93,11.93
200,port,15,L1_15,1,57,59,3,27,22,4,0,1,59,210,59,387,3.56,6.56
200,port,15,L1_15,2,103,103,5,36,35,1,0,0,103,587,103,896,5.7,8.7
200,port,15,L1_15,3,96,94,4,34,32,1,0,1,94,612,94,894,6.51,9.51
200,port,15,L1_15,4,136,138,6,43,43,0,0,2,138,778,138,1192,5.64,8.64
200,port,31,L2_15,0,170,169,7,49,49,0,0,1,169,1266,169,1773,7.49,10.49
200,port,31,L2_15,1,216,213,8,58,58,0,0,2,213,2049,213,2688,9.62,12.62
200,port,31,L2_15,2,76,77,4,30,27,2,0,1,77,328,77,559,4.26,7.26
200,port,31,L2_15,3,122,121,5,39,39,0,0,0,121,774,121,1137,6.4,9.4
200,port,31,L2_15,4,115,112,5,37,37,0,0,1,112,806,112,1142,7.2,10.2
200,port,31,L2_15,5,155,156,6,46,46,0,0,2,156,989,156,1457,6.34,9.34
200,port,92,L3_15_00,0,15,13,1,25,19,5,0,1,13,67,13,106,5.19,8.19
200,port,92,L3_15_00,1,9,11,1,24,17,6,0,1,11,66,11,99,6,9
200,port,92,L3_15_00,2,22,22,1,32,30,2,0,0,22,113,22,179,5.14,8.14
200,port,92,L3_15_00,3,35,33,1,41,41,0,0,1,33,240,33,339,7.27,10.27
200,port,92,L3_15_00,4,42,44,2,50,50,0,0,2,44,282,44,414,6.41,9.41
200,port,93,L3_15_01,0,22,19,1,30,27,2,0,1,19,123,19,180,6.48,9.48
200,port,93,L3_15_01,1,29,30,1,39,39,0,0,0,30,169,30,259,5.62,8.62
200,port,93,L3_15_01,2,28,27,1,37,36,0,0,1,27,173,27,254,6.42,9.42
200,port,93,L3_15_01,3,41,38,2,46,46,0,0,2,38,325,38,439,8.56,11.56
200,port,93,L3_15_01,4,49,49,2,54,54,0,0,0,49,377,49,524,7.7,10.7
200,port,94,L3_15_02,0,23,24,1,34,33,0,0,2,24,114,24,186,4.77,7.77
200,port,94,L3_15_02,1,36,35,1,43,43,0,0,1,35,242,35,347,6.91,9.91
200,port,94,L3_15_02,2,49,46,2,52,52,0,0,2,46,416,46,554,9.05,12.05
200,port,94,L3_15_02,3,43,44,2,50,50,0,0,2,44,301,44,433,6.85,9.85
200,port,94,L3_15_02,4,56,55,2,59,59,0,0,1,55,494,55,659,8.99,11.99
200,port,95,L3_15_03,0,30,30,1,39,39,0,0,0,30,182,30,272,6.06,9.06
200,port,95,L3_15_03,1,43,41,2,47,47,0,0,1,41,336,41,459,8.2,11.2
200,port,95,L3_15_03,2,50,52,2,56,56,0,0,2,52,381,52,537,7.33,10.33
200,port,95,L3_15_03,3,18,18,1,29,25,4,0,0,18,89,18,143,4.97,7.97
200,port,95,L3_15_03,4,18,15,1,27,22,4,0,1,15,87,15,132,5.78,8.78
300,router,0,L1_00,-1,61,55,18,0,0,0,0,0,0,0,0,0,7.59,7.59
300,router,16,L2_00,-1,44,41,12,0,0,0,0,0,0,0,0,0,5.8,5.8
300,shim,96,SHIM_00_00,-1,19,24,1,0,0,0,12,0,0,0,0,0,8.26,8.26
300,router,32,L3_00_00,-1,32,32,8,0,0,0,0,0,0,0,0,0,10.77,10.77
300,shim,97,SHIM_00_01,-1,25,27,1,0,0,0,3,0,0,0,0,0,9.24,9.24
300,router,33,L3_00_01,-1,25,22,10,0,0,0,0,0,0,0,0,0,8.48,8.48
300,shim,98,SHIM_00_02,-1,19,18,2,0,0,0,5,2,0,0,0,0,8.05,8.05
300,router,34,L3_00_02,-1,23,21,9,0,0,0,0,0,0,0,0,0,7.91,7.91
300,shim,99,SHIM_00_03,-1,25,21,1,0,0,0,8,20,0,0,0,0,7.2,7.2
300,router,35,L3_00_03,-1,30,25,4,0,0,0,0,0,0,0,0,0,7.05,7.05
300,router,1,L1_01,-1,55,58,25,0,0,0,0,0,0,0,0,0,9.22,9.22
300,router,17,L2_01,-1,50,44,20,0,0,0,0,0,0,0,0,0,7.4,7.4
300,shim,100,SHIM_01_00,-1,24,20,1,0,0,0,8,16,0,0,0,0,6.99,6.99
300,router,36,L3_01_00,-1,24,28,6,0,0,0,0,0,0,0,0,0,8.77,8.77
300,shim,101,SHIM_01_01,-1,30,23,1,0,0,0,11,35,0,0,0,0,7.97,7.97
300,router,37,L3_01_01,-1,30,31,7,0,0,0,0,0,0,0,0,0,10.11,10.11
300,shim,102,SHIM_01_02,-1,24,27,1,0,0,0,2,0,0,0,0,0,8.95,8.95
300,router,38,L3_01_02,-1,28,30,7,0,0,0,0,0,0,0,0,0,9.91,9.91
300,shim,103,SHIM_01_03,-1,17,17,2,0,0,0,5,0,0,0,0,0,7.77,7.77
300,router,39,L3_01_03,-1,21,20,9,0,0,0,0,0,0,0,0,0,7.62,7.62
300,router,2,L1_02,-1,48,48,32,0,0,0,0,0,0,0,0,0,10.84,10.84
300,router,18,L2_02,-1,45,48,29,0,0,0,0,0,0,0,0,0,9.06,9.06
300,shim,104,SHIM_02_00,-1,16,16,2,0,0,0,4,0,0,0,0,0,11.56,11.56
300,router,40,L3_02_00,-1,28,24,3,0,0,0,0,0,0,0,0,0,6.4,6.4
300,shim,105,SHIM_02_01,-1,22,19,0,0,0,0,7,11,0,0,0,0,4.88,4.88
300,router,41,L3_02_01,-1,34,27,5,0,0,0,0,0,0,0,0,0,8.12,8.12
300,shim,106,SHIM_02_02,-1,28,22,1,0,0,0,10,30,0,0,0,0,7.69,7.69
300,router,42,L3_02_02,-1,32,26,5,0,0,0,0,0,0,0,0,0,7.91,7.91
300,shim,107,SHIM_02_03,-1,23,26,1,0,0,0,1,0,0,0,0,0,8.67,8.67
300,router,43,L3_02_03,-1,26,29,6,0,0,0,0,0,0,0,0,0,9.26,9.26
300,router,3,L1_03,-1,59,60,30,0,0,0,0,0,0,0,0,0,10.45,10.45
300,router,19,L2_03,-1,43,47,27,0,0,0,0,0,0,0,0,0,8.71,8.71
300,shim,108,SHIM_03_00,-1,21,25,1,0,0,0,0,0,0,0,0,0,8.47,8.47
300,router,44,L3_03_00,-1,20,20,8,0,0,0,0,0,0,0,0,0,6.97,6.97
300,shim,109,SHIM_03_01,-1,27,28,1,0,0,0,3,0,0,0,0,0,9.45,9.45
300,router,45,L3_03_01,-1,26,23,3,0,0,0,0,0,0,0,0,0,6.12,6.12
300,shim,110,SHIM_03_02,-1,20,18,2,0,0,0,6,6,0,0,0,0,8.26,8.26
300,router,46,L3_03_02,-1,25,22,10,0,0,0,0,0,0,0,0,0,8.48,8.48
300,shim,111,SHIM_03_03,-1,26,21,1,0,0,0,9,24,0,0,0,0,7.41,7.41
300,router,47,L3_03_03,-1,31,25,4,0,0,0,0,0,0,0,0,0,7.26,7.26
300,router,4,L1_04,-1,53,51,37,0,0,0,0,0,0,0,0,0,8.07,8.07
300,router,20,L2_04,-1,49,50,36,0,0,0,0,0,0,0,0,0,10.37,10.37
300,shim,112,SHIM_04_00,-1,25,21,1,0,0,0,8,20,0,0,0,0,7.2,7.2
300,router,48,L3_04_00,-1,24,28,6,0,0,0,0,0,0,0,0,0,8.98,8.98
300,shim,113,SHIM_04_01,-1,31,24,1,0,0,0,11,0,0,0,0,0,8.18,8.18
300,router,49,L3_04_01,-1,31,32,8,0,0,0,0,0,0,0,0,0,10.69,10.69
300,shim,114,SHIM_04_02,-1,25,27,1,0,0,0,2,0,0,0,0,0,9.16,9.16
300,router,50,L3_04_02,-1,30,31,7,0,0,0,0,0,0,0,0,0,10.12,10.12
300,shim,115,SHIM_04_03,-1,18,17,2,0,0,0,5,1,0,0,0,0,7.97,7.97
300,router,51,L3_04_03,-1,23,21,9,0,0,0,0,0,0,0,0,0,7.83,7.83
300,router,5,L1_05,-1,59,54,16,0,0,0,0,0,0,0,0,0,7.13,7.13
300,router,21,L2_05,-1,42,40,44,0,0,0,0,0,0,0,0,0,7.97,7.97
300,shim,116,SHIM_05_00,-1,17,17,2,0,0,0,5,0,0,0,0,0,7.77,7.77
300,router,52,L3_05_00,-1,29,24,4,0,0,0,0,0,0,0,0,0,6.98,6.98
300,shim,117,SHIM_05_01,-1,23,20,1,0,0,0,8,15,0,0,0,0,6.92,6.92
300,router,53,L3_05_01,-1,23,27,5,0,0,0,0,0,0,0,0,0,8.33,8.33
300,shim,118,SHIM_05_02,-1,29,23,1,0,0,0,11,33,0,0,0,0,7.9,7.9
300,router,54,L3_05_02,-1,34,27,5,0,0,0,0,0,0,0,0,0,8.12,8.12
300,shim,119,SHIM_05_03,-1,23,26,1,0,0,0,1,0,0,0,0,0,8.88,8.88
300,router,55,L3_05_03,-1,28,30,7,0,0,0,0,0,0,0,0,0,9.83,9.83
300,router,6,L1_06,-1,53,57,23,0,0,0,0,0,0,0,0,0,8.75,8.75
300,router,22,L2_06,-1,41,40,42,0,0,0,0,0,0,0,0,0,7.61,7.61
300,shim,120,SHIM_06_00,-1,23,26,1,0,0,0,1,0,0,0,0,0,8.67,8.67
300,router,56,L3_06_00,-1,21,20,9,0,0,0,0,0,0,0,0,0,7.55,7.55
300,shim,121,SHIM_06_01,-1,29,29,2,0,0,0,4,0,0,0,0,0,11.49,11.49
300,router,57,L3_06_01,-1,20,20,8,0,0,0,0,0,0,0,0,0,6.98,6.98
300,shim,122,SHIM_06_02,-1,22,19,2,0,0,0,7,10,0,0,0,0,8.47,8.47
300,router,58,L3_06_02,-1,26,23,3,0,0,0,0,0,0,0,0,0,6.12,6.12
300,shim,123,SHIM_06_03,-1,27,22,1,0,0,0,10,28,0,0,0,0,7.61,7.61
300,router,59,L3_06_03,-1,32,26,4,0,0,0,0,0,0,0,0,0,7.47,7.47
300,router,7,L1_07,-1,85,90,103,0,0,0,0,6,0,0,0,0,15.88,15.88
300,router,23,L2_07,-1,47,43,16,0,0,0,0,0,0,0,0,0,6.6,6.6
300,shim,124,SHIM_07_00,-1,27,22,1,0,0,0,9,24,0,0,0,0,7.41,7.41
300,router,60,L3_07_00,-1,26,29,6,0,0,0,0,0,0,0,0,0,9.18,9.18
300,shim,125,SHIM_07_01,-1,21,25,1,0,0,0,12,0,0,0,0,0,8.39,8.39
300,router,61,L3_07_01,-1,24,28,6,0,0,0,0,0,0,0,0,0,8.98,8.98
300,shim,126,SHIM_07_02,-1,27,28,1,0,0,0,3,0,0,0,0,0,9.37,9.37
300,router,62,L3_07_02,-1,31,32,8,0,0,0,0,0,0,0,0,0,10.69,10.69
300,shim,127,SHIM_07_03,-1,20,18,2,0,0,0,6,4,0,0,0,0,8.18,8.18
300,router,63,L3_07_03,-1,24,22,9,0,0,0,0,0,0,0,0,0,8.04,8.04
300,router,8,L1_08,-1,57,59,28,0,0,0,0,0,0,0,0,0,9.98,9.98
300,router,24,L2_08,-1,41,46,25,0,0,0,0,0,0,0,0,0,8.27,8.27
300,shim,128,SHIM_08_00,-1,18,17,2,0,0,0,5,1,0,0,0,0,7.98,7.98
300,router,64,L3_08_00,-1,30,25,4,0,0,0,0,0,0,0,0,0,7.19,7.19
300,shim,129,SHIM_08_01,-1,25,21,1,0,0,0,8,19,0,0,0,0,7.13,7.13
300,router,65,L3_08_01,-1,29,24,4,0,0,0,0,0,0,0,0,0,6.98,6.98
300,shim,130,SHIM_08_02,-1,31,24,1,0,0,0,11,37,0,0,0,0,8.11,8.11
300,router,66,L3_08_02,-1,24,28,5,0,0,0,0,0,0,0,0,0,8.33,8.33
300,shim,131,SHIM_08_03,-1,29,23,1,0,0,0,11,34,0,0,0,0,7.9,7.9
300,router,67,L3_08_03,-1,30,31,7,0,0,0,0,0,0,0,0,0,10.04,10.04
300,router,9,L1_09,-1,51,50,35,0,0,0,0,0,0,0,0,0,7.6,7.6
300,router,25,L2_09,-1,47,49,33,0,0,0,0,0,0,0,0,0,9.86,9.86
300,shim,132,SHIM_09_00,-1,23,26,1,0,0,0,1,0,0,0,0,0,8.88,8.88
300,router,68,L3_09_00,-1,22,21,9,0,0,0,0,0,0,0,0,0,7.76,7.76
300,shim,133,SHIM_09_01,-1,16,16,2,0,0,0,4,0,0,0,0,0,7.69,7.69
300,router,69,L3_09_01,-1,21,20,9,0,0,0,0,0,0,0,0,0,7.55,7.55
300,shim,134,SHIM_09_02,-1,23,20,1,0,0,0,7,14,0,0,0,0,6.84,6.84
300,router,70,L3_09_02,-1,27,23,3,0,0,0,0,0,0,0,0,0,6.33,6.33
300,shim,135,SHIM_09_03,-1,22,19,2,0,0,0,7,10,0,0,0,0,8.47,8.47
300,router,71,L3_09_03,-1,34,27,5,0,0,0,0,0,0,0,0,0,8.05,8.05
300,router,10,L1_10,-1,57,53,13,0,0,0,0,0,0,0,0,0,6.57,6.57
300,router,26,L2_10,-1,47,49,31,0,0,0,0,0,0,0,0,0,9.5,9.5
300,shim,136,SHIM_10_00,-1,27,22,1,0,0,0,10,28,0,0,0,0,7.62,7.62
300,router,72,L3_10_00,-1,28,30,7,0,0,0,0,0,0,0,0,0,9.76,9.76
300,shim,137,SHIM_10_01,-1,21,25,1,0,0,0,1,0,0,0,0,0,8.6,8.6
300,router,73,L3_10_01,-1,26,29,6,0,0,0,0,0,0,0,0,0,9.19,9.19
300,shim,138,SHIM_10_02,-1,28,29,2,0,0,0,4,0,0,0,0,0,11.41,11.41
300,router,74,L3_10_02,-1,19,19,8,0,0,0,0,0,0,0,0,0,10.9,10.9
300,shim,139,SHIM_10_03,-1,27,28,1,0,0,0,3,0,0,0,0,0,9.37,9.37
300,router,75,L3_10_03,-1,25,22,3,0,0,0,0,0,0,0,0,0,6.05,6.05
300,router,11,L1_11,-1,90,86,94,0,0,0,0,6,0,0,0,0,13.79,13.79
300,router,27,L2_11,-1,39,39,40,0,0,0,0,0,0,0,0,0,7.17,7.17
300,shim,140,SHIM_11_00,-1,20,18,2,0,0,0,6,5,0,0,0,0,8.19,8.19
300,router,76,L3_11_00,-1,32,26,4,0,0,0,0,0,0,0,0,0,7.39,7.39
300,shim,141,SHIM_11_01,-1,26,21,1,0,0,0,9,23,0,0,0,0,7.33,7.33
300,router,77,L3_11_01,-1,30,25,4,0,0,0,0,0,0,0,0,0,7.19,7.19
300,shim,142,SHIM_11_02,-1,20,24,1,0,0,0,12,0,0,0,0,0,8.31,8.31
300,router,78,L3_11_02,-1,24,28,6,0,0,0,0,0,0,0,0,0,8.9,8.9
300,shim,143,SHIM_11_03,-1,31,24,1,0,0,0,11,37,0,0,0,0,8.11,8.11
300,router,79,L3_11_03,-1,30,31,8,0,0,0,0,0,0,0,0,0,10.62,10.62
300,router,12,L1_12,-1,62,55,19,0,0,0,0,0,0,0,0,0,7.89,7.89
300,router,28,L2_12,-1,45,42,14,0,0,0,0,0,0,0,0,0,6.17,6.17
300,shim,144,SHIM_12_00,-1,25,27,1,0,0,0,2,0,0,0,0,0,9.09,9.09
300,router,80,L3_12_00,-1,24,22,9,0,0,0,0,0,0,0,0,0,7.96,7.96
300,shim,145,SHIM_12_01,-1,18,17,2,0,0,0,5,0,0,0,0,0,7.9,7.9
300,router,81,L3_12_01,-1,23,21,9,0,0,0,0,0,0,0,0,0,7.76,7.76
300,shim,146,SHIM_12_02,-1,24,20,1,0,0,0,8,18,0,0,0,0,7.05,7.05
300,router,82,L3_12_02,-1,28,24,3,0,0,0,0,0,0,0,0,0,6.54,6.54
300,shim,147,SHIM_12_03,-1,23,20,1,0,0,0,7,14,0,0,0,0,6.85,6.85
300,router,83,L3_12_03,-1,22,27,5,0,0,0,0,0,0,0,0,0,8.25,8.25
300,router,13,L1_13,-1,57,59,26,0,0,0,0,0,0,0,0,0,9.52,9.52
300,router,29,L2_13,-1,51,45,22,0,0,0,0,0,0,0,0,0,7.76,7.76
300,shim,148,SHIM_13_00,-1,29,23,1,0,0,0,10,32,0,0,0,0,7.83,7.83
300,router,84,L3_13_00,-1,28,30,7,0,0,0,0,0,0,0,0,0,9.97,9.97
300,shim,149,SHIM_13_01,-1,23,26,1,0,0,0,1,0,0,0,0,0,8.81,8.81
300,router,85,L3_13_01,-1,28,30,7,0,0,0,0,0,0,0,0,0,9.76,9.76
300,shim,150,SHIM_13_02,-1,16,16,2,0,0,0,4,0,0,0,0,0,11.62,11.62
300,router,86,L3_13_02,-1,21,20,8,0,0,0,0,0,0,0,0,0,7.11,7.11
300,shim,151,SHIM_13_03,-1,28,29,2,0,0,0,4,0,0,0,0,0,11.41,11.41
300,router,87,L3_13_03,-1,27,23,3,0,0,0,0,0,0,0,0,0,6.26,6.26
300,router,14,L1_14,-1,49,49,33,0,0,0,0,0,0,0,0,0,7.14,7.14
300,router,30,L2_14,-1,84,78,118,0,0,0,0,6,0,0,0,0,14.89,14.89
300,shim,152,SHIM_14_00,-1,21,19,2,0,0,0,7,8,0,0,0,0,8.39,8.39
300,router,88,L3_14_00,-1,33,26,5,0,0,0,0,0,0,0,0,0,7.97,7.97
300,shim,153,SHIM_14_01,-1,27,22,1,0,0,0,9,27,0,0,0,0,7.54,7.54
300,router,89,L3_14_01,-1,32,26,4,0,0,0,0,0,0,0,0,0,7.4,7.4
300,shim,154,SHIM_14_02,-1,21,25,1,0,0,0,0,0,0,0,0,0,8.52,8.52
300,router,90,L3_14_02,-1,26,29,6,0,0,0,0,0,0,0,0,0,9.11,9.11
300,shim,155,SHIM_14_03,-1,20,24,1,0,0,0,12,0,0,0,0,0,8.32,8.32
300,router,91,L3_14_03,-1,19,19,8,0,0,0,0,0,0,0,0,0,10.83,10.83
300,router,15,L1_15,-1,48,48,32,0,0,0,0,0,0,0,0,0,10.84,10.84
300,router,31,L2_15,-1,45,48,29,0,0,0,0,0,0,0,0,0,9.07,9.07
300,shim,156,SHIM_15_00,-1,27,28,1,0,0,0,3,0,0,0,0,0,9.3,9.3
300,router,92,L3_15_00,-1,30,31,8,0,0,0,0,0,0,0,0,0,10.62,10.62
300,shim,157,SHIM_15_01,-1,19,18,2,0,0,0,6,3,0,0,0,0,8.11,8.11
300,router,93,L3_15_01,-1,24,22,9,0,0,0,0,0,0,0,0,0,7.97,7.97
300,shim,158,SHIM_15_02,-1,25,21,1,0,0,0,9,21,0,0,0,0,7.26,7.26
300,router,94,L3_15_02,-1,30,25,4,0,0,0,0,0,0,0,0,0,7.11,7.11
300,shim,159,SHIM_15_03,-1,24,20,1,0,0,0,8,18,0,0,0,0,7.05,7.05
300,router,95,L3_15_03,-1,24,28,6,0,0,0,0,0,0,0,0,0,8.83,8.83
300,endpoint,320,LLCH_00,-1,39,39,0,0,0,0,0,0,0,0,0,0,8.12,8.12
300,endpoint,324,LLCH_01,-1,52,52,0,0,0,0,0,0,0,0,0,0,7.17,7.17
300,endpoint,328,LLCH_02,-1,46,46,0,0,0,0,0,0,0,0,0,0,9.23,9.23
300,endpoint,332,LLCH_03,-1,40,40,0,0,0,0,0,0,0,0,0,0,8.28,8.28
300,endpoint,336,LLCH_04,-1,35,35,0,0,0,0,0,0,0,0,0,0,7.33,7.33
300,endpoint,340,LLCH_05,-1,47,47,0,0,0,0,0,0,0,0,0,0,9.38,9.38
300,endpoint,344,LLCH_06,-1,41,41,0,0,0,0,0,0,0,0,0,0,8.43,8.43
300,endpoint,348,LLCH_07,-1,36,36,0,0,0,0,0,0,0,0,0,0,7.49,7.49
300,endpoint,352,LLCH_08,-1,48,48,0,0,0,0,0,0,0,0,0,0,9.54,9.54
300,endpoint,356,LLCH_09,-1,42,42,0,0,0,0,0,0,0,0,0,0,8.59,8.59
300,endpoint,360,LLCH_10,-1,37,37,0,0,0,0,0,0,0,0,0,0,7.64,7.64
300,endpoint,364,LLCH_11,-1,49,49,0,0,0,0,0,0,0,0,0,0,9.69,9.69
300,endpoint,368,LLCH_12,-1,43,43,0,0,0,0,0,0,0,0,0,0,8.75,8.75
300,endpoint,372,LLCH_13,-1,38,38,0,0,0,0,0,0,0,0,0,0,7.8,7.8
300,endpoint,376,LLCH_14,-1,50,50,0,0,0,0,0,0,0,0,0,0,9.85,9.85
300,endpoint,380,LLCH_15,-1,39,39,0,0,0,0,0,0,0,0,0,0,8.01,8.01
300,port,0,L1_00,0,155,153,6,46,46,0,0,1,153,1210,153,1669,7.91,10.91
300,port,0,L1_00,1,195,197,7,54,54,0,0,2,197,1387,197,1978,7.04,10.04
300,port,0,L1_00,2,61,61,3,27,22,5,0,0,61,285,61,468,4.68,7.68
300,port,0,L1_00,3,54,52,3,25,19,5,0,1,52,285,52,441,5.49,8.49
300,port,0,L1_00,4,94,96,4,34,33,0,0,1,96,444,96,732,4.62,7.62
300,port,16,L2_00,0,128,127,5,40,40,0,0,0,127,822,127,1203,6.47,9.47
300,port,16,L2_00,1,174,171,7,49,49,0,0,1,171,1471,171,1984,8.6,11.6
300,port,16,L2_00,2,214,215,8,58,58,0,0,3,215,1664,215,2309,7.74,10.74
300,port,16,L2_00,3,80,79,4,31,28,3,0,0,79,425,79,662,5.38,8.38
300,port,16,L2_00,4,73,70,4,29,25,3,0,1,70,433,70,643,6.18,9.18
300,port,16,L2_00,5,113,114,5,38,38,0,0,2,114,606,114,948,5.32,8.32
300,port,32,L3_00_00,0,38,39,2,46,46,0,0,2,39,248,39,365,6.36,9.36
300,port,32,L3_00_00,1,37,36,1,44,44,0,0,1,36,258,36,366,7.16,10.16
300,port,32,L3_00_00,2,50,47,2,53,53,0,0,2,47,437,47,578,9.3,12.3
300,port,32,L3_00_00,3,12,13,1,26,20,5,0,1,13,51,13,90,3.94,6.94
300,port,32,L3_00_00,4,25,24,1,34,33,0,0,1,24,146,24,218,6.08,9.08
300,port,33,L3_00_01,0,44,44,2,50,50,0,0,0,44,337,44,469,7.65,10.65
300,port,33,L3_00_01,1,13,10,1,23,16,6,0,1,10,53,10,83,5.28,8.28
300,port,33,L3_00_01,2,52,53,2,57,57,0,0,3,53,402,53,561,7.59,10.59
300,port,33,L3_00_01,3,20,19,1,30,27,3,0,0,19,99,19,156,5.23,8.23
300,port,33,L3_00_01,4,33,30,1,39,39,0,0,1,30,221,30,311,7.36,10.36
300,port,34,L3_00_02,0,50,50,2,55,55,0,0,0,50,403,50,553,8.05,11.05
300,port,34,L3_00_02,1,18,16,1,28,23,4,0,1,16,91,16,139,5.68,8.68
300,port,34,L3_00_02,2,11,13,1,26,20,5,0,1,13,45,13,84,3.49,6.49
300,port,34,L3_00_02,3,24,24,1,34,33,1,0,0,24,135,24,207,5.63,8.63
300,port,34,L3_00_02,4,37,35,1,43,43,0,0,1,35,272,35,377,7.76,10.76
300,port,35,L3_00_03,0,12,10,1,23,16,7,0,0,10,48,10,78,4.83,7.83
300,port,35,L3_00_03,1,19,21,1,32,29,2,0,1,21,146,21,209,6.97,9.97
300,port,35,L3_00_03,2,32,32,1,41,41,0,0,0,32,196,32,292,6.11,9.11
300,port,35,L3_00_03,3,32,30,1,39,39,0,0,1,30,208,30,298,6.92,9.92
300,port,35,L3_00_03,4,39,41,2,48,48,0,0,2,41,371,41,494,9.05,12.05
300,port,1,L1_01,0,173,175,7,50,50,0,0,2,175,1608,175,2133,9.19,12.19
300,port,1,L1_01,1,219,219,8,59,59,0,0,0,219,1824,219,2481,8.33,11.33
300,port,1,L1_01,2,85,83,4,32,29,2,0,1,83,496,83,745,5.97,8.97
300,port,1,L1_01,3,125,127,5,40,40,0,0,2,127,1030,127,1411,8.11,11.11
300,port,1,L1_01,4,118,118,5,39,39,0,0,0,118,697,118,1051,5.91,8.91
300,port,17,L2_01,0,204,202,8,55,55,0,0,1,202,1836,202,2442,9.09,12.09
300,port,17,L2_01,1,191,193,7,54,54,0,0,2,193,1330,193,1909,6.89,9.89
300,port,17,L2_01,2,57,57,3,26,21,5,0,0,57,258,57,429,4.53,7.53
300,port,17,L2_01,3,103,101,4,35,34,0,0,1,101,674,101,977,6.67,9.67
300,port,17,L2_01,4,143,145,6,44,44,0,0,2,145,841,145,1276,5.8,8.8
300,port,17,L2_01,5,136,136,6,42,42,0,0,0,136,899,136,1307,6.61,9.61
300,port,36,L3_01_00,0,19,16,1,28,23,4,0,1,16,98,16,146,6.12,9.12
300,port,36,L3_01_00,1,26,27,1,36,36,0,0,2,27,142,27,223,5.26,8.26
300,port,36,L3_01_00,2,39,38,1,45,45,0,0,1,38,281,38,395,7.4,10.4
300,port,36,L3_01_00,3,52,49,2,54,54,0,0,2,49,467,49,614,9.54,12.54
300,port,36,L3_01_00,4,45,46,2,52,52,0,0,0,46,338,46,476,7.34,10.34
300,port,37,L3_01_01,0,34,35,1,43,43,0,0,2,35,201,35,306,5.74,8.74
300,port,37,L3_01_01,1,33,32,1,41,41,0,0,0,32,210,32,306,6.55,9.55
300,port,37,L3_01_01,2,46,43,2,50,50,0,0,1,43,374,43,503,8.69,11.69
300,port,37,L3_01_01,3,53,54,2,58,58,0,0,3,54,422,54,584,7.82,10.82
300,port,37,L3_01_01,4,21,20,1,31,28,3,0,0,20,109,20,169,5.46,8.46
300,port,38,L3_01_02,0,38,40,2,47,47,0,0,2,40,246,40,366,6.14,9.14
300,port,38,L3_01_02,1,51,51,2,56,56,0,0,0,51,422,51,575,8.28,11.28
300,port,38,L3_01_02,2,51,49,2,54,54,0,0,1,49,445,49,592,9.09,12.09
300,port,38,L3_01_02,3,14,15,1,27,22,4,0,1,15,56,15,101,3.72,6.72
300,port,38,L3_01_02,4,27,26,1,36,35,1,0,0,26,152,26,230,5.86,8.86
300,port,39,L3_01_03,0,46,46,2,51,51,0,0,0,46,342,46,480,7.43,10.43
300,port,39,L3_01_03,1,14,12,1,24,18,5,0,1,12,61,12,97,5.07,8.07
300,port,39,L3_01_03,2,52,54,2,58,58,0,0,2,54,561,54,723,10.38,13.38
300,port,39,L3_01_03,3,20,20,1,31,28,3,0,0,20,100,20,160,5.01,8.01
300,port,39,L3_01_03,4,33,31,1,40,40,0,0,1,31,222,31,315,7.15,10.15
300,port,2,L1_02,0,69,70,4,29,25,3,0,1,70,302,70,512,4.31,7.31
300,port,2,L1_02,1,62,61,3,27,22,5,0,0,61,312,61,495,5.12,8.12
300,port,2,L1_02,2,108,105,5,36,35,0,0,1,105,762,105,1077,7.26,10.26
300,port,2,L1_02,3,148,149,6,45,45,0,0,0,149,952,149,1399,6.39,9.39
300,port,2,L1_02,4,194,193,7,54,54,0,0,1,193,1646,193,2225,8.53,11.53
300,port,18,L2_02,0,48,44,3,24,17,6,0,1,44,258,44,390,5.87,8.87
300,port,18,L2_02,1,88,88,4,33,30,3,0,0,88,441,88,705,5.01,8.01
300,port,18,L2_02,2,81,79,4,31,28,2,0,1,79,460,79,697,5.82,8.82
300,port,18,L2_02,3,121,123,5,40,40,0,0,1,123,978,123,1347,7.95,10.95
300,port,18,L2_02,4,167,167,6,48,48,0,0,0,167,1184,167,1685,7.09,10.09
300,port,18,L2_02,5,160,158,6,47,47,0,0,1,158,1248,158,1722,7.9,10.9
300,port,40,L3_02_00,0,52,51,2,56,56,0,0,1,51,445,51,598,8.72,11.72
300,port,40,L3_02_00,1,20,17,1,29,24,4,0,1,17,108,17,159,6.36,9.36
300,port,40,L3_02_00,2,27,28,1,38,38,0,0,0,28,154,28,238,5.5,8.5
300,port,40,L3_02_00,3,27,26,1,36,35,0,0,1,26,164,26,242,6.3,9.3
300,port,40,L3_02_00,4,41,37,1,45,45,0,0,2,37,312,37,423,8.44,11.44
300,port,41,L3_02_01,0,15,12,1,24,18,5,0,1,12,66,12,102,5.51,8.51
300,port,41,L3_02_01,1,22,23,1,33,31,0,0,2,23,107,23,176,4.65,7.65
300,port,41,L3_02_01,2,35,34,1,42,42,0,0,1,34,231,34,333,6.78,9.78
300,port,41,L3_02_01,3,48,45,2,51,51,0,0,2,45,401,45,536,8.92,11.92
300,port,41,L3_02_01,4,41,42,2,49,49,0,0,2,42,283,42,409,6.73,9.73
300,port,42,L3_02_02,0,33,31,1,39,39,0,0,1,31,224,31,317,7.24,10.24
300,port,42,L3_02_02,1,26,28,1,38,38,0,0,2,28,141,28,225,5.05,8.05
300,port,42,L3_02_02,2,40,39,2,46,46,0,0,0,39,280,39,397,7.19,10.19
300,port,42,L3_02_02,3,53,50,2,55,55,0,0,2,50,466,50,616,9.32,12.32
300,port,42,L3_02_02,4,15,16,1,28,23,4,0,1,16,63,16,111,3.96,6.96
300,port,43,L3_02_03,0,34,36,1,44,44,0,0,2,36,307,36,415,8.53,11.53
300,port,43,L3_02_03,1,47,47,2,53,53,0,0,0,47,360,47,501,7.67,10.67
300,port,43,L3_02_03,2,47,45,2,51,51,0,0,1,45,381,45,516,8.47,11.47
300,port,43,L3_02_03,3,9,11,1,24,17,6,0,1,11,34,11,67,3.11,6.11
300,port,43,L3_02_03,4,22,22,1,32,30,2,0,0,22,116,22,182,5.25,8.25
300,port,3,L1_03,0,91,92,4,33,31,0,0,2,92,433,92,709,4.71,7.71
300,port,3,L1_03,1,84,83,4,32,29,3,0,0,83,458,83,707,5.52,8.52
300,port,3,L1_03,2,130,127,5,40,40,0,0,1,127,973,127,1354,7.66,10.66
300,port,3,L1_03,3,170,171,7,49,49,0,0,2,171,1161,171,1674,6.79,9.79
300,port,3,L1_03,4,216,215,8,58,58,0,0,1,215,1920,215,2565,8.93,11.93
300,port,19,L2_03,0,69,66,3,28,24,3,0,1,66,414,66,612,6.27,9.27
300,port,19,L2_03,1,110,111,5,37,37,0,0,0,111,601,111,934,5.41,8.41
300,port,19,L2_03,2,102,101,4,35,34,0,0,1,101,628,101,931,6.22,9.22
300,port,19,L2_03,3,148,145,6,44,44,0,0,2,145,1212,145,1647,8.36,11.36
300,port,19,L2_03,4,190,190,7,53,53,0,0,0,190,1423,190,1993,7.49,10.49
300,port,19,L2_03,5,56,54,3,26,20,6,0,0,54,277,54,439,5.13,8.13
300,port,44,L3_03_00,0,41,42,2,48,48,0,0,0,42,286,42,412,6.82,9.82
300,port,44,L3_03_00,1,54,53,2,57,57,0,0,1,53,475,53,634,8.96,11.96
300,port,44,L3_03_00,2,53,50,2,55,55,0,0,2,50,488,50,638,9.76,12.76
300,port,44,L3_03_00,3,16,16,1,28,23,5,0,0,16,70,16,118,4.4,7.4
300,port,44,L3_03_00,4,29,27,1,37,36,0,0,1,27,177,27,258,6.54,9.54
300,port,45,L3_03_01,0,48,47,2,53,53,0,0,1,47,381,47,522,8.11,11.11
300,port,45,L3_03_01,1,16,13,1,26,20,5,0,1,13,75,13,114,5.75,8.75
300,port,45,L3_03_01,2,23,24,1,34,33,0,0,2,24,117,24,189,4.88,7.88
300,port,45,L3_03_01,3,23,22,1,33,30,3,0,0,22,125,22,191,5.69,8.69
300,port,45,L3_03_01,4,36,33,1,41,41,0,0,1,33,258,33,357,7.83,10.83
300,port,46,L3_03_02,0,54,53,2,57,57,0,0,1,53,451,53,610,8.51,11.51
300,port,46,L3_03_02,1,22,19,1,30,27,2,0,1,19,117,19,174,6.15,9.15
300,port,46,L3_03_02,2,29,30,1,39,39,0,0,2,30,158,30,248,5.28,8.28
300,port,46,L3_03_02,3,42,41,2,48,48,0,0,1,41,304,41,427,7.42,10.42
300,port,46,L3_03_02,4,41,38,2,46,46,0,0,1,38,313,38,427,8.23,11.23
300,port,47,L3_03_03,0,29,27,1,36,36,0,0,1,27,179,27,260,6.63,9.63
300,port,47,L3_03_03,1,22,24,1,34,33,0,0,1,24,106,24,178,4.43,7.43
300,port,47,L3_03_03,2,35,35,1,43,43,0,0,0,35,230,35,335,6.57,9.57
300,port,47,L3_03_03,3,48,46,2,52,52,0,0,1,46,401,46,539,8.71,11.71
300,port,47,L3_03_03,4,10,12,1,25,18,6,0,1,12,40,12,76,3.35,6.35
300,port,4,L1_04,0,115,115,5,38,38,0,0,0,115,690,115,1035,6,9
300,port,4,L1_04,1,161,159,6,47,47,0,0,1,159,1294,159,1771,8.14,11.14
300,port,4,L1_04,2,147,149,6,45,45,0,0,2,149,887,149,1334,5.95,8.95
300,port,4,L1_04,3,195,194,7,54,54,0,0,1,194,1568,194,2150,8.08,11.08
300,port,4,L1_04,4,61,58,3,27,21,5,0,1,58,332,58,506,5.72,8.72
300,port,20,L2_04,0,88,89,4,33,31,1,0,1,89,406,89,673,4.56,7.56
300,port,20,L2_04,1,134,133,5,42,42,0,0,1,133,891,133,1290,6.7,9.7
300,port,20,L2_04,2,180,177,7,50,50,0,0,1,177,1565,177,2096,8.84,11.84
300,port,20,L2_04,3,167,168,6,49,49,0,0,2,168,1116,168,1620,6.64,9.64
300,port,20,L2_04,4,213,212,8,57,57,0,0,1,212,1861,212,2497,8.78,11.78
300,port,20,L2_04,5,79,76,4,30,27,2,0,1,76,488,76,716,6.42,9.42
300,port,48,L3_04_00,0,35,32,1,41,41,0,0,1,32,253,32,349,7.92,10.92
300,port,48,L3_04_00,1,43,43,2,49,49,0,0,0,43,303,43,432,7.05,10.05
300,port,48,L3_04_00,2,43,41,2,48,48,0,0,1,41,322,41,445,7.86,10.86
300,port,48,L3_04_00,3,50,52,2,56,56,0,0,2,52,520,52,676,10,13
300,port,48,L3_04_00,4,18,18,1,29,25,4,0,0,18,83,18,137,4.63,7.63
300,port,49,L3_04_01,0,37,38,1,45,45,0,0,2,38,236,38,350,6.21,9.21
300,port,49,L3_04_01,1,50,49,2,54,54,0,0,1,49,409,49,556,8.34,11.34
300,port,49,L3_04_01,2,49,46,2,52,52,0,0,2,46,421,46,559,9.15,12.15
300,port,49,L3_04_01,3,11,12,1,25,18,6,0,1,12,45,12,81,3.79,6.79
300,port,49,L3_04_01,4,24,23,1,34,32,1,0,1,23,136,23,205,5.92,8.92
300,port,50,L3_04_02,0,42,43,2,49,49,0,0,2,43,284,43,413,6.61,9.61
300,port,50,L3_04_02,1,55,54,2,58,58,0,0,1,54,472,54,634,8.74,11.74
300,port,50,L3_04_02,2,23,20,1,31,28,2,0,1,20,128,20,188,6.38,9.38
300,port,50,L3_04_02,3,17,18,1,29,25,3,0,1,18,75,18,129,4.19,7.19
300,port,50,L3_04_02,4,30,29,1,38,38,0,0,0,29,183,29,270,6.32,9.32
300,port,51,L3_04_03,0,49,49,2,54,54,0,0,0,49,387,49,534,7.89,10.89
300,port,51,L3_04_03,1,17,15,1,27,22,4,0,1,15,83,15,128,5.53,8.53
300,port,51,L3_04_03,2,24,26,1,36,35,0,0,1,26,121,26,199,4.67,7.67
300,port,51,L3_04_03,3,37,37,1,44,44,0,0,0,37,252,37,363,6.81,9.81
300,port,51,L3_04_03,4,36,34,1,43,43,0,0,1,34,259,34,361,7.61,10.61
300,port,5,L1_05,0,139,137,6,42,42,0,0,1,137,999,137,1410,7.29,10.29
300,port,5,L1_05,1,179,181,7,51,51,0,0,2,181,1707,181,2250,9.43,12.43
300,port,5,L1_05,2,45,45,3,24,17,7,0,0,45,183,45,318,4.07,7.07
300,port,5,L1_05,3,218,216,8,58,58,0,0,1,216,2024,216,2672,9.37,12.37
300,port,5,L1_05,4,78,80,4,31,28,2,0,1,80,321,80,561,4.01,7.01
300,port,21,L2_05,0,111,111,5,37,37,0,0,0,111,649,111,982,5.85,8.85
300,port,21,L2_05,1,157,155,6,46,46,0,0,1,155,1238,155,1703,7.99,10.99
300,port,21,L2_05,2,197,199,7,55,55,0,0,2,199,1419,199,2016,7.13,10.13
300,port,21,L2_05,3,63,63,3,28,23,5,0,0,63,300,63,489,4.76,7.76
300,port,21,L2_05,4,56,54,3,26,20,5,0,1,54,301,54,463,5.57,8.57
300,port,21,L2_05,5,97,98,4,35,33,0,0,2,98,462,98,756,4.71,7.71
300,port,52,L3_05_00,0,25,23,1,33,31,1,0,1,23,138,23,207,6.02,9.02
300,port,52,L3_05_00,1,18,20,1,31,28,2,0,1,20,136,20,196,6.82,9.82
300,port,52,L3_05_00,2,31,31,1,40,40,0,0,0,31,185,31,278,5.96,8.96
300,port,52,L3_05_00,3,44,42,2,49,49,0,0,1,42,340,42,466,8.1,11.1
300,port,52,L3_05_00,4,51,53,2,58,58,0,0,2,53,542,53,701,10.23,13.23
300,port,53,L3_05_01,0,31,28,1,37,37,0,0,1,28,204,28,288,7.3,10.3
300,port,53,L3_05_01,1,38,39,2,46,46,0,0,2,39,251,39,368,6.44,9.44
300,port,53,L3_05_01,2,38,37,1,44,44,0,0,1,37,268,37,379,7.25,10.25
300,port,53,L3_05_01,3,51,48,2,53,53,0,0,2,48,450,48,594,9.38,12.38
300,port,53,L3_05_01,4,13,14,1,26,21,4,0,1,14,56,14,98,4.02,7.02
300,port,54,L3_05_02,0,37,34,1,42,42,0,0,1,34,262,34,364,7.7,10.7
300,port,54,L3_05_02,1,44,45,2,51,51,0,0,2,45,308,45,443,6.84,9.84
300,port,54,L3_05_02,2,43,42,2,49,49,0,0,1,42,321,42,447,7.65,10.65
300,port,54,L3_05_02,3,56,53,2,58,58,0,0,2,53,518,53,677,9.78,12.78
300,port,54,L3_05_02,4,18,19,1,30,27,2,0,1,19,84,19,141,4.42,7.42
300,port,55,L3_05_03,0,37,39,2,46,46,0,0,2,39,234,39,351,5.99,8.99
300,port,55,L3_05_03,1,50,50,2,55,55,0,0,0,50,407,50,557,8.13,11.13
300,port,55,L3_05_03,2,18,16,1,28,23,4,0,1,16,92,16,140,5.77,8.77
300,port,55,L3_05_03,3,12,14,1,26,21,4,0,1,14,50,14,92,3.57,6.57
300,port,55,L3_05_03,4,25,25,1,35,34,1,0,0,25,143,25,218,5.71,8.71
300,port,6,L1_06,0,162,159,6,47,47,0,0,2,159,1364,159,1841,8.58,11.58
300,port,6,L1_06,1,202,203,8,56,56,0,0,0,203,1567,203,2176,7.72,10.72
300,port,6,L1_06,2,68,67,3,28,24,4,0,0,67,359,67,560,5.36,8.36
300,port,6,L1_06,3,114,111,5,37,37,0,0,1,111,831,111,1164,7.49,10.49
300,port,6,L1_06,4,102,102,4,35,34,1,0,0,102,541,102,847,5.3,8.3
300,port,22,L2_06,0,186,186,7,52,52,0,0,0,186,1410,186,1968,7.58,10.58
300,port,22,L2_06,1,179,177,7,50,50,0,0,1,177,1485,177,2016,8.39,11.39
300,port,22,L2_06,2,39,41,3,23,16,6,0,1,41,124,41,247,3.03,6.03
300,port,22,L2_06,3,85,85,4,32,29,3,0,0,85,439,85,694,5.16,8.16
300,port,22,L2_06,4,131,129,5,41,41,0,0,1,129,942,129,1329,7.3,10.3
300,port,22,L2_06,5,118,120,5,39,39,0,0,2,120,613,120,973,5.11,8.11
300,port,56,L3_06_00,0,45,45,2,51,51,0,0,0,45,328,45,463,7.28,10.28
300,port,56,L3_06_00,1,13,11,1,24,17,7,0,0,11,54,11,87,4.92,7.92
300,port,56,L3_06_00,2,20,22,1,32,30,1,0,1,22,155,22,221,7.06,10.06
300,port,56,L3_06_00,3,33,33,1,41,41,0,0,0,33,204,33,303,6.19,9.19
300,port,56,L3_06_00,4,32,30,1,39,39,0,0,1,30,210,30,300,7,10
300,port,57,L3_06_01,0,18,19,1,30,27,3,0,0,19,86,19,143,4.51,7.51
300,port,57,L3_06_01,1,17,16,1,28,23,5,0,0,16,85,16,133,5.32,8.32
300,port,57,L3_06_01,2,30,27,1,37,36,0,0,1,27,201,27,282,7.46,10.46
300,port,57,L3_06_01,3,38,38,2,46,46,0,0,0,38,250,38,364,6.59,9.59
300,port,57,L3_06_01,4,51,49,2,54,54,0,0,1,49,428,49,575,8.73,11.73
300,port,58,L3_06_02,0,25,24,1,34,33,1,0,0,24,139,24,211,5.8,8.8
300,port,58,L3_06_02,1,38,35,1,43,43,0,0,1,35,278,35,383,7.94,10.94
300,port,58,L3_06_02,2,32,33,1,41,41,0,0,2,33,190,33,289,5.75,8.75
300,port,58,L3_06_02,3,45,44,2,50,50,0,0,1,44,347,44,479,7.88,10.88
300,port,58,L3_06_02,4,58,55,2,59,59,0,0,2,55,551,55,716,10.02,13.02
300,port,59,L3_06_03,0,32,30,1,39,39,0,0,1,30,213,30,303,7.09,10.09
300,port,59,L3_06_03,1,39,41,2,47,47,0,0,2,41,255,41,378,6.23,9.23
300,port,59,L3_06_03,2,52,52,2,56,56,0,0,1,52,435,52,591,8.37,11.37
300,port,59,L3_06_03,3,51,49,2,54,54,0,0,1,49,449,49,596,9.17,12.17
300,port,59,L3_06_03,4,14,15,1,27,22,4,0,1,15,57,15,102,3.81,6.81
300,port,7,L1_07,0,57,54,3,26,20,5,0,1,54,314,54,476,5.81,8.81
300,port,7,L1_07,1,44,45,3,24,17,6,0,1,45,163,45,298,3.62,6.62
300,port,7,L1_07,2,90,89,4,33,31,2,0,0,89,513,89,780,5.76,8.76
300,port,7,L1_07,3,308,305,35,91,91,0,0,44,305,13325,305,14240,43.69,46.69
300,port,7,L1_07,4,176,177,7,50,50,0,0,2,177,1244,177,1775,7.03,10.03
300,port,23,L2_07,0,209,208,8,57,57,0,0,1,208,1845,208,2469,8.87,11.87
300,port,23,L2_07,1,75,72,4,29,25,3,0,1,72,469,72,685,6.51,9.51
300,port,23,L2_07,2,62,63,3,28,23,5,0,0,63,272,63,461,4.32,7.32
300,port,23,L2_07,3,109,107,5,36,36,0,0,1,107,690,107,1011,6.45,9.45
300,port,23,L2_07,4,149,151,6,45,45,0,0,2,151,1297,151,1750,8.59,11.59
300,port,23,L2_07,5,142,142,6,43,43,0,0,0,142,909,142,1335,6.4,9.4
300,port,60,L3_07_00,0,33,35,1,43,43,0,0,2,35,293,35,398,8.38,11.38
300,port,60,L3_07_00,1,46,46,2,52,52,0,0,0,46,346,46,484,7.52,10.52
300,port,60,L3_07_00,2,14,12,1,25,18,6,0,1,12,62,12,98,5.15,8.15
300,port,60,L3_07_00,3,53,55,2,59,59,0,0,2,55,575,55,740,10.46,13.46
300,port,60,L3_07_00,4,21,21,1,32,29,3,0,0,21,107,21,170,5.1,8.1
300,port,61,L3_07_01,0,44,41,2,48,48,0,0,2,41,360,41,483,8.78,11.78
300,port,61,L3_07_01,1,52,52,2,56,56,0,0,0,52,412,52,568,7.92,10.92
300,port,61,L3_07_01,2,20,18,1,29,25,3,0,1,18,100,18,154,5.55,8.55
300,port,61,L3_07_01,3,27,29,1,38,38,0,0,1,29,223,29,310,7.69,10.69
300,port,61,L3_07_01,4,26,26,1,36,35,1,0,0,26,143,26,221,5.5,8.5
300,port,62,L3_07_02,0,14,15,1,27,22,4,0,1,15,59,15,104,3.9,6.9
300,port,62,L3_07_02,1,13,12,1,25,18,7,0,0,12,57,12,93,4.71,7.71
300,port,62,L3_07_02,2,26,23,1,34,32,1,0,1,23,157,23,226,6.84,9.84
300,port,62,L3_07_02,3,33,34,1,42,42,0,0,2,34,203,34,305,5.98,8.98
300,port,62,L3_07_02,4,46,45,2,51,51,0,0,1,45,365,45,500,8.12,11.12
300,port,63,L3_07_03,0,20,20,1,31,28,3,0,0,20,104,20,164,5.19,8.19
300,port,63,L3_07_03,1,33,31,1,40,40,0,0,1,31,227,31,320,7.33,10.33
300,port,63,L3_07_03,2,28,29,1,38,38,0,0,2,29,149,29,236,5.13,8.13
300,port,63,L3_07_03,3,41,40,2,47,47,0,0,1,40,291,40,411,7.27,10.27
300,port,63,L3_07_03,4,54,51,2,56,56,0,0,2,51,480,51,633,9.41,12.41
300,port,8,L1_08,0,74,76,4,30,27,2,0,1,76,312,76,540,4.1,7.1
300,port,8,L1_08,1,67,67,3,28,24,4,0,0,67,329,67,530,4.91,7.91
300,port,8,L1_08,2,114,111,5,37,37,0,0,1,111,781,111,1114,7.04,10.04
300,port,8,L1_08,3,154,155,6,46,46,0,0,2,155,958,155,1423,6.18,9.18
300,port,8,L1_08,4,200,199,7,55,55,0,0,1,199,1656,199,2253,8.32,11.32
300,port,24,L2_08,0,53,50,3,25,19,5,0,1,50,283,50,433,5.66,8.66
300,port,24,L2_08,1,94,95,4,34,32,0,0,2,95,456,95,741,4.8,7.8
300,port,24,L2_08,2,86,85,4,32,29,3,0,0,85,476,85,731,5.6,8.6
300,port,24,L2_08,3,132,129,5,41,41,0,0,1,129,998,129,1385,7.74,10.74
300,port,24,L2_08,4,173,174,7,50,50,0,0,2,174,1197,174,1719,6.88,9.88
300,port,24,L2_08,5,219,218,8,59,59,0,0,1,218,1966,218,2620,9.02,12.02
300,port,64,L3_08_00,0,28,26,1,35,35,0,0,1,26,168,26,246,6.48,9.48
300,port,64,L3_08_00,1,35,37,1,44,44,0,0,2,37,319,37,430,8.61,11.61
300,port,64,L3_08_00,2,48,48,2,53,53,0,0,0,48,372,48,516,7.75,10.75
300,port,64,L3_08_00,3,47,45,2,51,51,0,0,1,45,385,45,520,8.56,11.56
300,port,64,L3_08_00,4,9,11,1,24,17,6,0,1,11,35,11,68,3.19,6.19
300,port,65,L3_08_01,0,33,31,1,40,40,0,0,1,31,213,31,306,6.88,9.88
300,port,65,L3_08_01,1,40,42,2,49,49,0,0,2,42,379,42,505,9.02,12.02
300,port,65,L3_08_01,2,53,53,2,58,58,0,0,0,53,432,53,591,8.15,11.15
300,port,65,L3_08_01,3,53,51,2,56,56,0,0,1,51,457,51,610,8.96,11.96
300,port,65,L3_08_01,4,15,17,1,29,24,4,0,1,17,112,17,163,6.6,9.6
300,port,66,L3_08_02,0,40,37,1,44,44,0,0,1,37,302,37,413,8.17,11.17
300,port,66,L3_08_02,1,47,48,2,53,53,0,0,3,48,350,48,494,7.3,10.3
300,port,66,L3_08_02,2,15,14,1,26,21,5,0,0,14,69,14,111,4.94,7.94
300,port,66,L3_08_02,3,28,25,1,35,34,0,0,1,25,177,25,252,7.08,10.08
300,port,66,L3_08_02,4,21,22,1,33,30,1,0,2,22,107,22,173,4.88,7.88
300,port,67,L3_08_03,0,8,10,1,23,16,6,0,1,10,33,10,63,3.29,6.29
300,port,67,L3_08_03,1,54,53,2,58,58,0,0,1,53,455,53,614,8.59,11.59
300,port,67,L3_08_03,2,22,19,1,30,27,2,0,1,19,118,19,175,6.23,9.23
300,port,67,L3_08_03,3,29,30,1,39,39,0,0,2,30,161,30,251,5.37,8.37
300,port,67,L3_08_03,4,42,41,2,48,48,0,0,1,41,308,41,431,7.5,10.5
300,port,9,L1_09,0,99,99,4,35,34,1,0,0,99,534,99,831,5.39,8.39
300,port,9,L1_09,1,145,143,6,44,44,0,0,1,143,1077,143,1506,7.53,10.53
300,port,9,L1_09,2,131,133,5,42,42,0,0,2,133,1108,133,1507,8.33,11.33
300,port,9,L1_09,3,178,178,7,51,51,0,0,0,178,1330,178,1864,7.47,10.47
300,port,9,L1_09,4,44,42,3,23,16,6,0,1,42,215,42,341,5.11,8.11
300,port,25,L2_09,0,71,73,4,30,26,3,0,1,73,288,73,507,3.95,6.95
300,port,25,L2_09,1,117,117,5,38,38,0,0,0,117,713,117,1064,6.09,9.09
300,port,25,L2_09,2,163,161,6,47,47,0,0,1,161,1323,161,1806,8.22,11.22
300,port,25,L2_09,3,151,152,6,45,45,0,0,2,152,917,152,1373,6.03,9.03
300,port,25,L2_09,4,197,196,7,54,54,0,0,1,196,1601,196,2189,8.17,11.17
300,port,25,L2_09,5,63,60,3,27,22,4,0,1,60,348,60,528,5.8,8.8
300,port,68,L3_09_00,0,16,16,1,28,23,5,0,0,16,73,16,121,4.57,7.57
300,port,68,L3_09_00,1,29,27,1,37,36,0,0,1,27,181,27,262,6.71,9.71
300,port,68,L3_09_00,2,23,25,1,35,34,0,0,1,25,113,25,188,4.52,7.52
300,port,68,L3_09_00,3,36,36,1,44,44,0,0,0,36,240,36,348,6.66,9.66
300,port,68,L3_09_00,4,49,47,2,52,52,0,0,1,47,413,47,554,8.79,11.79
300,port,69,L3_09_01,0,22,22,1,32,30,2,0,0,22,110,22,176,4.98,7.98
300,port,69,L3_09_01,1,35,33,1,41,41,0,0,1,33,235,33,334,7.11,10.11
300,port,69,L3_09_01,2,42,44,2,50,50,0,0,2,44,407,44,539,9.25,12.25
300,port,69,L3_09_01,3,41,41,2,48,48,0,0,0,41,289,41,412,7.06,10.06
300,port,69,L3_09_01,4,54,52,2,57,57,0,0,1,52,478,52,634,9.19,12.19
300,port,70,L3_09_02,0,28,27,1,37,36,0,0,1,27,169,27,250,6.26,9.26
300,port,70,L3_09_02,1,41,38,2,46,46,0,0,1,38,319,38,433,8.4,11.4
300,port,70,L3_09_02,2,48,49,2,54,54,0,0,3,49,369,49,516,7.54,10.54
300,port,70,L3_09_02,3,48,47,2,52,52,0,0,1,47,392,47,533,8.34,11.34
300,port,70,L3_09_02,4,16,13,1,25,19,5,0,1,13,78,13,117,5.98,8.98
300,port,71,L3_09_03,0,36,33,1,41,41,0,0,1,33,249,33,348,7.55,10.55
300,port,71,L3_09_03,1,43,44,2,50,50,0,0,2,44,294,44,426,6.69,9.69
300,port,71,L3_09_03,2,56,55,2,59,59,0,0,1,55,486,55,651,8.83,11.83
300,port,71,L3_09_03,3,24,21,1,32,29,2,0,1,21,136,21,199,6.46,9.46
300,port,71,L3_09_03,4,17,18,1,30,26,3,0,1,18,77,18,131,4.27,7.27
300,port,10,L1_10,0,122,121,5,39,39,0,0,1,121,808,121,1171,6.68,9.68
300,port,10,L1_10,1,168,165,6,48,48,0,0,2,165,1455,165,1950,8.82,11.82
300,port,10,L1_10,2,208,209,8,57,57,0,0,0,209,1662,209,2289,7.95,10.95
300,port,10,L1_10,3,202,200,7,55,55,0,0,1,200,1752,200,2352,8.76,11.76
300,port,10,L1_10,4,62,64,3,28,23,4,0,1,64,410,64,602,6.4,9.4
300,port,26,L2_10,0,93,95,4,34,32,1,0,1,95,698,95,983,7.35,10.35
300,port,26,L2_10,1,139,139,6,43,43,0,0,0,139,902,139,1319,6.49,9.49
300,port,26,L2_10,2,185,183,7,52,52,0,0,1,183,1579,183,2128,8.63,11.63
300,port,26,L2_10,3,45,47,3,24,18,5,0,1,47,153,47,294,3.26,6.26
300,port,26,L2_10,4,218,218,8,59,59,0,0,0,218,1868,218,2522,8.57,11.57
300,port,26,L2_10,5,84,82,4,31,28,2,0,1,82,509,82,755,6.21,9.21
300,port,72,L3_10_00,0,49,51,2,56,56,0,0,2,51,366,51,519,7.17,10.17
300,port,72,L3_10_00,1,49,49,2,54,54,0,0,0,49,391,49,538,7.98,10.98
300,port,72,L3_10_00,2,17,15,1,27,22,4,0,1,15,84,15,129,5.62,8.62
300,port,72,L3_10_00,3,24,26,1,36,35,0,0,1,26,124,26,202,4.75,7.75
300,port,72,L3_10_00,4,37,37,1,45,45,0,0,0,37,255,37,366,6.89,9.89
300,port,73,L3_10_01,0,10,12,1,25,18,6,0,1,12,73,12,109,6.07,9.07
300,port,73,L3_10_01,1,23,23,1,33,31,2,0,0,23,120,23,189,5.21,8.21
300,port,73,L3_10_01,2,23,21,1,32,29,2,0,1,21,126,21,189,6.02,9.02
300,port,73,L3_10_01,3,30,32,1,40,40,0,0,2,32,261,32,357,8.15,11.15
300,port,73,L3_10_01,4,43,43,2,49,49,0,0,0,43,313,43,442,7.29,10.29
300,port,74,L3_10_02,0,17,18,1,29,25,3,0,1,18,78,18,132,4.36,7.36
300,port,74,L3_10_02,1,30,29,1,38,38,0,0,1,29,189,29,276,6.5,9.5
300,port,74,L3_10_02,2,43,40,2,47,47,0,0,2,40,346,40,466,8.64,11.64
300,port,74,L3_10_02,3,36,37,1,45,45,0,0,0,37,238,37,349,6.44,9.44
300,port,74,L3_10_02,4,50,48,2,54,54,0,0,1,48,412,48,556,8.58,11.58
300,port,75,L3_10_03,0,24,23,1,33,31,2,0,0,23,130,23,199,5.65,8.65
300,port,75,L3_10_03,1,37,34,1,42,42,0,0,1,34,265,34,367,7.79,10.79
300,port,75,L3_10_03,2,44,45,2,51,51,0,0,2,45,312,45,447,6.93,9.93
300,port,75,L3_10_03,3,44,43,2,49,49,0,0,1,43,332,43,461,7.73,10.73
300,port,75,L3_10_03,4,57,54,2,58,58,0,0,2,54,533,54,695,9.87,12.87
300,port,11,L1_11,0,144,143,6,44,44,0,0,1,143,1012,143,1441,7.08,10.08
300,port,11,L1_11,1,190,187,7,52,52,0,0,2,187,1724,187,2285,9.22,12.22
300,port,11,L1_11,2,50,51,3,25,19,5,0,1,51,196,51,349,3.85,6.85
300,port,11,L1_11,3,268,267,33,83,83,0,0,40,267,11158,267,11959,41.79,44.79
300,port,11,L1_11,4,89,86,4,32,30,1,0,1,86,585,86,843,6.8,9.8
300,port,27,L2_11,0,169,170,7,49,49,0,0,0,170,1185,170,1695,6.97,9.97
300,port,27,L2_11,1,163,161,6,47,47,0,0,1,161,1253,161,1736,7.78,10.78
300,port,27,L2_11,2,209,205,8,56,56,0,0,2,205,2032,205,2647,9.91,12.91
300,port,27,L2_11,3,69,69,4,29,25,4,0,0,69,314,69,521,4.55,7.55
300,port,27,L2_11,4,115,113,5,38,38,0,0,1,113,756,113,1095,6.69,9.69
300,port,27,L2_11,5,102,104,5,36,35,0,0,1,104,779,104,1091,7.49,10.49
300,port,76,L3_11_00,0,31,29,1,38,38,0,0,1,29,201,29,288,6.94,9.94
300,port,76,L3_11_00,1,38,40,2,47,47,0,0,2,40,243,40,363,6.08,9.08
300,port,76,L3_11_00,2,51,51,2,56,56,0,0,0,51,419,51,572,8.21,11.21
300,port,76,L3_11_00,3,19,17,1,28,24,3,0,1,17,99,17,150,5.85,8.85
300,port,76,L3_11_00,4,12,14,1,27,21,5,0,1,14,51,14,93,3.66,6.66
300,port,77,L3_11_01,0,49,47,2,53,53,0,0,1,47,407,47,548,8.67,11.67
300,port,77,L3_11_01,1,43,45,2,51,51,0,0,2,45,427,45,562,9.48,12.48
300,port,77,L3_11_01,2,11,11,1,24,17,7,0,0,11,45,11,78,4.11,7.11
300,port,77,L3_11_01,3,24,22,1,33,30,2,0,1,22,138,22,204,6.25,9.25
300,port,77,L3_11_01,4,31,33,1,42,42,0,0,2,33,178,33,277,5.39,8.39
300,port,78,L3_11_02,0,56,53,2,57,57,0,0,2,53,528,53,687,9.96,12.96
300,port,78,L3_11_02,1,18,19,1,30,27,3,0,0,19,87,19,144,4.6,7.6
300,port,78,L3_11_02,2,18,17,1,28,24,3,0,1,17,92,17,143,5.4,8.4
300,port,78,L3_11_02,3,32,28,1,37,37,0,0,1,28,211,28,295,7.54,10.54
300,port,78,L3_11_02,4,39,39,2,46,46,0,0,0,39,261,39,378,6.68,9.68
300,port,79,L3_11_03,0,13,14,1,26,21,4,0,1,14,53,14,95,3.75,6.75
300,port,79,L3_11_03,1,26,25,1,35,34,1,0,0,25,147,25,222,5.89,8.89
300,port,79,L3_11_03,2,39,36,1,43,43,0,0,1,36,289,36,397,8.02,11.02
300,port,79,L3_11_03,3,32,33,1,42,42,0,0,2,33,192,33,291,5.83,8.83
300,port,79,L3_11_03,4,45,44,2,50,50,0,0,1,44,351,44,483,7.97,10.97
300,port,12,L1_12,0,221,218,8,59,59,0,0,2,218,2115,218,2769,9.7,12.7
300,port,12,L1_12,1,208,209,8,57,57,0,0,3,209,1568,209,2195,7.5,10.5
300,port,12,L1_12,2,74,73,4,30,26,4,0,0,73,375,73,594,5.14,8.14
300,port,12,L1_12,3,120,117,5,38,38,0,0,1,117,852,117,1203,7.28,10.28
300,port,12,L1_12,4,160,161,6,47,47,0,0,2,161,1034,161,1517,6.42,9.42
300,port,28,L2_12,0,193,192,7,53,53,0,0,1,192,1586,192,2162,8.26,11.26
300,port,28,L2_12,1,59,56,3,26,21,4,0,1,56,330,56,498,5.9,8.9
300,port,28,L2_12,2,46,47,3,24,18,5,0,1,47,174,47,315,3.7,6.7
300,port,28,L2_12,3,92,91,4,33,31,1,0,1,91,531,91,804,5.84,8.84
300,port,28,L2_12,4,138,135,6,42,42,0,0,1,135,1077,135,1482,7.98,10.98
300,port,28,L2_12,5,125,126,5,40,40,0,0,2,126,728,126,1106,5.78,8.78
300,port,80,L3_12_00,0,19,19,1,30,27,3,0,0,19,96,19,153,5.04,8.04
300,port,80,L3_12_00,1,32,30,1,39,39,0,0,1,30,215,30,305,7.17,10.17
300,port,80,L3_12_00,2,39,41,2,48,48,0,0,2,41,259,41,382,6.31,9.31
300,port,80,L3_12_00,3,39,39,2,46,46,0,0,0,39,278,39,395,7.12,10.12
300,port,80,L3_12_00,4,53,50,2,55,55,0,0,1,50,463,50,613,9.25,12.25
300,port,81,L3_12_01,0,25,25,1,35,34,1,0,0,25,136,25,211,5.44,8.44
300,port,81,L3_12_01,1,38,36,1,44,44,0,0,1,36,273,36,381,7.58,10.58
300,port,81,L3_12_01,2,45,47,2,52,52,0,0,2,47,315,47,456,6.71,9.71
300,port,81,L3_12_01,3,13,13,1,25,19,6,0,0,13,57,13,96,4.35,7.35
300,port,81,L3_12_01,4,12,10,1,23,16,6,0,1,10,52,10,82,5.16,8.16
300,port,82,L3_12_02,0,44,43,2,50,50,0,0,1,43,347,43,476,8.06,11.06
300,port,82,L3_12_02,1,45,41,2,48,48,0,0,2,41,363,41,486,8.86,11.86
300,port,82,L3_12_02,2,52,52,2,57,57,0,0,0,52,416,52,572,8,11
300,port,82,L3_12_02,3,20,18,1,30,26,3,0,1,18,102,18,156,5.64,8.64
300,port,82,L3_12_02,4,27,29,1,38,38,0,0,1,29,226,29,313,7.78,10.78
300,port,83,L3_12_03,0,52,49,2,54,54,0,0,2,49,458,49,605,9.35,12.35
300,port,83,L3_12_03,1,14,15,1,27,22,4,0,1,15,60,15,105,3.98,6.98
300,port,83,L3_12_03,2,14,13,1,25,19,6,0,0,13,62,13,101,4.79,7.79
300,port,83,L3_12_03,3,27,24,1,34,33,0,0,1,24,166,24,238,6.93,9.93
300,port,83,L3_12_03,4,34,35,1,43,43,0,0,2,35,212,35,317,6.06,9.06
300,port,13,L1_13,0,58,60,3,27,22,4,0,1,60,389,60,569,6.49,9.49
300,port,13,L1_13,1,51,51,3,25,19,6,0,0,51,219,51,372,4.29,7.29
300,port,13,L1_13,2,97,95,4,34,32,1,0,1,95,611,95,896,6.43,9.43
300,port,13,L1_13,3,137,139,6,43,43,0,0,2,139,774,139,1191,5.57,8.57
300,port,13,L1_13,4,183,183,7,52,52,0,0,0,183,1411,183,1960,7.71,10.71
300,port,29,L2_13,0,216,214,8,58,58,0,0,1,214,2044,214,2686,9.55,12.55
300,port,29,L2_13,1,77,79,4,31,28,2,0,1,79,331,79,568,4.19,7.19
300,port,29,L2_13,2,70,69,4,29,25,4,0,0,69,344,69,551,4.99,7.99
300,port,29,L2_13,3,116,113,5,38,38,0,0,1,113,806,113,1145,7.13,10.13
300,port,29,L2_13,4,157,158,6,47,47,0,0,2,158,991,158,1465,6.27,9.27
300,port,29,L2_13,5,203,202,7,55,55,0,0,1,202,1697,202,2303,8.4,11.4
300,port,84,L3_13_00,0,53,55,2,59,59,0,0,2,55,420,55,585,7.63,10.63
300,port,84,L3_13_00,1,21,21,1,31,29,2,0,0,21,111,21,174,5.27,8.27
300,port,84,L3_13_00,2,35,32,1,40,40,0,0,1,32,237,32,333,7.41,10.41
300,port,84,L3_13_00,3,28,29,1,38,38,0,0,2,29,151,29,238,5.22,8.22
300,port,84,L3_13_00,4,41,40,2,47,47,0,0,1,40,294,40,414,7.35,10.35
300,port,85,L3_13_01,0,13,15,1,27,22,4,0,1,15,53,15,98,3.54,6.54
300,port,85,L3_13_01,1,26,26,1,36,35,1,0,0,26,147,26,225,5.67,8.67
300,port,85,L3_13_01,2,39,37,1,45,45,0,0,1,37,289,37,400,7.81,10.81
300,port,85,L3_13_01,3,33,35,1,43,43,0,0,2,35,197,35,302,5.62,8.62
300,port,85,L3_13_01,4,46,46,2,52,52,0,0,0,46,357,46,495,7.75,10.75
300,port,86,L3_13_02,0,21,21,1,31,29,2,0,0,21,101,21,164,4.82,7.82
300,port,86,L3_13_02,1,34,32,1,40,40,0,0,1,32,223,32,319,6.96,9.96
300,port,86,L3_13_02,2,41,43,2,49,49,0,0,2,43,391,43,520,9.1,12.1
300,port,86,L3_13_02,3,54,54,2,58,58,0,0,0,54,445,54,607,8.24,11.24
300,port,86,L3_13_02,4,53,51,2,56,56,0,0,1,51,461,51,614,9.04,12.04
300,port,87,L3_13_03,0,40,39,2,47,47,0,0,1,39,290,39,407,7.44,10.44
300,port,87,L3_13_03,1,40,37,1,45,45,0,0,1,37,305,37,416,8.25,11.25
300,port,87,L3_13_03,2,47,48,2,54,54,0,0,3,48,355,48,499,7.39,10.39
300,port,87,L3_13_03,3,15,14,1,26,21,5,0,0,14,70,14,112,5.03,8.03
300,port,87,L3_13_03,4,28,25,1,35,34,0,0,1,25,179,25,254,7.16,10.16
300,port,14,L1_14,0,81,82,4,31,28,3,0,0,82,392,82,638,4.78,7.78
300,port,14,L1_14,1,129,127,5,40,40,0,0,1,127,878,127,1259,6.91,9.91
300,port,14,L1_14,2,121,117,5,38,38,0,0,1,117,903,117,1254,7.72,10.72
300,port,14,L1_14,3,162,162,6,47,47,0,0,0,162,1111,162,1597,6.86,9.86
300,port,14,L1_14,4,208,206,8,56,56,0,0,1,206,1852,206,2470,8.99,11.99
300,port,30,L2_14,0,231,229,32,76,76,0,0,36,229,9446,229,10133,41.25,44.25
300,port,30,L2_14,1,99,101,4,35,34,0,0,1,101,464,101,767,4.59,7.59
300,port,30,L2_14,2,145,145,6,44,44,0,0,0,145,974,145,1409,6.72,9.72
300,port,30,L2_14,3,138,136,6,42,42,0,0,1,136,1024,136,1432,7.53,10.53
300,port,30,L2_14,4,178,180,7,51,51,0,0,2,180,1201,180,1741,6.67,9.67
300,port,30,L2_14,5,44,44,3,24,17,7,0,0,44,189,44,321,4.3,7.3
300,port,88,L3_14_00,0,47,45,2,51,51,0,0,1,45,393,45,528,8.73,11.73
300,port,88,L3_14_00,1,10,11,1,24,17,6,0,1,11,37,11,70,3.37,6.37
300,port,88,L3_14_00,2,55,54,2,58,58,0,0,1,54,469,54,631,8.68,11.68
300,port,88,L3_14_00,3,23,20,1,31,28,2,0,1,20,126,20,186,6.31,9.31
300,port,88,L3_14_00,4,30,31,1,40,40,0,0,2,31,169,31,262,5.45,8.45
300,port,89,L3_14_01,0,53,51,2,55,55,0,0,1,51,466,51,619,9.13,12.13
300,port,89,L3_14_01,1,15,17,1,28,24,3,0,1,17,64,17,115,3.77,6.77
300,port,89,L3_14_01,2,28,28,1,37,37,0,0,0,28,165,28,249,5.91,8.91
300,port,89,L3_14_01,3,27,25,1,35,34,0,0,1,25,168,25,243,6.71,9.71
300,port,89,L3_14_01,4,34,36,1,44,44,0,0,2,36,211,36,319,5.85,8.85
300,port,90,L3_14_02,0,9,11,1,24,17,6,0,1,11,65,11,98,5.92,8.92
300,port,90,L3_14_02,1,22,22,1,33,30,3,0,0,22,111,22,177,5.06,8.06
300,port,90,L3_14_02,2,35,33,1,42,42,0,0,1,33,238,33,337,7.2,10.2
300,port,90,L3_14_02,3,29,31,1,40,40,0,0,2,31,248,31,341,8,11
300,port,90,L3_14_02,4,42,42,2,48,48,0,0,0,42,300,42,426,7.14,10.14
300,port,91,L3_14_03,0,16,17,1,28,24,3,0,1,17,72,17,123,4.21,7.21
300,port,91,L3_14_03,1,29,28,1,37,37,0,0,1,28,178,28,262,6.35,9.35
300,port,91,L3_14_03,2,42,39,2,46,46,0,0,2,39,331,39,448,8.49,11.49
300,port,91,L3_14_03,3,49,50,2,55,55,0,0,0,50,381,50,531,7.62,10.62
300,port,91,L3_14_03,4,48,47,2,53,53,0,0,1,47,396,47,537,8.43,11.43
300,port,15,L1_15,0,104,105,5,36,35,0,0,2,105,544,105,859,5.18,8.18
300,port,15,L1_15,1,150,149,6,45,45,0,0,1,149,1089,149,1536,7.31,10.31
300,port,15,L1_15,2,196,193,7,54,54,0,0,2,193,1824,193,2403,9.45,12.45
300,port,15,L1_15,3,183,184,7,52,52,0,0,0,184,1336,184,1888,7.26,10.26
300,port,15,L1_15,4,49,48,3,25,18,7,0,0,48,235,48,379,4.89,7.89
300,port,31,L2_15,0,83,79,4,31,28,2,0,1,79,532,79,769,6.74,9.74
300,port,31,L2_15,1,123,123,5,40,40,0,0,0,123,722,123,1091,5.87,8.87
300,port,31,L2_15,2,169,167,6,48,48,0,0,1,167,1338,167,1839,8.01,11.01
300,port,31,L2_15,3,209,211,8,57,57,0,0,2,211,2142,211,2775,10.15,13.15
300,port,31,L2_15,4,202,202,7,55,55,0,0,0,202,1606,202,2212,7.95,10.95
300,port,31,L2_15,5,68,66,3,28,24,3,0,1,66,369,66,567,5.59,8.59
300,port,92,L3_15_00,0,34,35,1,43,43,0,0,2,35,208,35,313,5.94,8.94
300,port,92,L3_15_00,1,34,33,1,42,42,0,0,1,33,223,33,322,6.75,9.75
300,port,92,L3_15_00,2,47,44,2,50,50,0,0,2,44,391,44,523,8.89,11.89
300,port,92,L3_15_00,3,9,10,1,23,16,6,0,1,10,35,10,65,3.52,6.52
300,port,92,L3_15_00,4,22,21,1,32,29,3,0,0,21,119,21,182,5.66,8.66
300,port,93,L3_15_01,0,41,41,2,48,48,0,0,0,41,296,41,419,7.23,10.23
300,port,93,L3_15_01,1,54,52,2,57,57,0,0,1,52,487,52,643,9.37,12.37
300,port,93,L3_15_01,2,48,50,2,55,55,0,0,2,50,359,50,509,7.17,10.17
300,port,93,L3_15_01,3,16,16,1,28,23,5,0,0,16,77,16,125,4.81,7.81
300,port,93,L3_15_01,4,30,27,1,36,36,0,0,1,27,188,27,269,6.95,9.95
300,port,94,L3_15_02,0,49,47,2,52,52,0,0,1,47,400,47,541,8.52,11.52
300,port,94,L3_15_02,1,11,13,1,25,19,5,0,1,13,80,13,119,6.16,9.16
300,port,94,L3_15_02,2,24,24,1,34,33,1,0,0,24,127,24,199,5.29,8.29
300,port,94,L3_15_02,3,23,21,1,32,29,2,0,1,21,128,21,191,6.1,9.1
300,port,94,L3_15_02,4,30,32,1,41,41,0,0,2,32,168,32,264,5.24,8.24
300,port,95,L3_15_03,0,55,52,2,57,57,0,0,2,52,510,52,666,9.81,12.81
300,port,95,L3_15_03,1,17,18,1,29,25,3,0,1,18,80,18,134,4.45,7.45
300,port,95,L3_15_03,2,30,29,1,38,38,0,0,1,29,191,29,278,6.58,9.58
300,port,95,L3_15_03,3,43,40,2,47,47,0,0,2,40,349,40,469,8.72,11.72
300,port,95,L3_15_03,4,38,38,1,45,45,0,0,0,38,248,38,362,6.53,9.53
400,router,0,L1_00,-1,48,48,32,0,0,0,0,0,0,0,0,0,10.88,10.88
400,router,16,L2_00,-1,45,48,29,0,0,0,0,0,0,0,0,0,9.1,9.1
400,shim,96,SHIM_00_00,-1,19,18,2,0,0,0,15,0,0,0,0,0,8.09,8.09
400,router,32,L3_00_00,-1,31,25,4,0,0,0,0,0,0,0,0,0,7.3,7.3
400,shim,97,SHIM_00_01,-1,25,21,1,0,0,0,3,0,0,0,0,0,7.24,7.24
400,router,33,L3_00_01,-1,26,29,6,0,0,0,0,0,0,0,0,0,9.01,9.01
400,shim,98,SHIM_00_02,-1,19,24,1,0,0,0,7,3,0,0,0,0,8.22,8.22
400,router,34,L3_00_02,-1,24,28,6,0,0,0,0,0,0,0,0,0,8.81,8.81
400,shim,99,SHIM_00_03,-1,25,27,1,0,0,0,11,27,0,0,0,0,9.2,9.2
400,router,35,L3_00_03,-1,30,31,7,0,0,0,0,0,0,0,0,0,10.15,10.15
400,router,1,L1_01,-1,54,51,10,0,0,0,0,0,0,0,0,0,5.84,5.84
400,router,17,L2_01,-1,51,51,38,0,0,0,0,0,0,0,0,0,10.77,10.77
400,shim,100,SHIM_01_00,-1,25,27,1,0,0,0,10,22,0,0,0,0,8.99,8.99
400,router,36,L3_01_00,-1,23,21,9,0,0,0,0,0,0,0,0,0,7.87,7.87
400,shim,101,SHIM_01_01,-1,18,17,2,0,0,0,14,47,0,0,0,0,7.81,7.81
400,router,37,L3_01_01,-1,29,24,4,0,0,0,0,0,0,0,0,0,7.01,7.01
400,shim,102,SHIM_01_02,-1,23,20,1,0,0,0,2,0,0,0,0,0,6.95,6.95
400,router,38,L3_01_02,-1,28,24,3,0,0,0,0,0,0,0,0,0,6.44,6.44
400,shim,103,SHIM_01_03,-1,29,23,1,0,0,0,6,0,0,0,0,0,7.93,7.93
400,router,39,L3_01_03,-1,34,27,5,0,0,0,0,0,0,0,0,0,8.16,8.16
400,router,2,L1_02,-1,61,55,17,0,0,0,0,0,0,0,0,0,7.46,7.46
400,router,18,L2_02,-1,44,41,12,0,0,0,0,0,0,0,0,0,5.76,5.76
400,shim,104,SHIM_02_00,-1,29,23,1,0,0,0,5,0,0,0,0,0,7.73,7.73
400,router,40,L3_02_00,-1,28,30,7,0,0,0,0,0,0,0,0,0,9.87,9.87
400,shim,105,SHIM_02_01,-1,23,26,1,0,0,0,9,15,0,0,0,0,8.71,8.71
400,router,41,L3_02_01,-1,21,20,9,0,0,0,0,0,0,0,0,0,7.58,7.58
400,shim,106,SHIM_02_02,-1,29,29,2,0,0,0,13,39,0,0,0,0,11.52,11.52
400,router,42,L3_02_02,-1,20,20,8,0,0,0,0,0,0,0,0,0,7.01,7.01
400,shim,107,SHIM_02_03,-1,22,19,2,0,0,0,1,0,0,0,0,0,8.5,8.5
400,router,43,L3_02_03,-1,26,23,3,0,0,0,0,0,0,0,0,0,6.16,6.16
400,router,3,L1_03,-1,59,54,16,0,0,0,0,0,0,0,0,0,7.17,7.17
400,router,19,L2_03,-1,42,40,44,0,0,0,0,0,0,0,0,0,8.01,8.01
400,shim,108,SHIM_03_00,-1,20,18,2,0,0,0,0,0,0,0,0,0,8.3,8.3
400,router,44,L3_03_00,-1,32,26,5,0,0,0,0,0,0,0,0,0,7.87,7.87
400,shim,109,SHIM_03_01,-1,27,22,1,0,0,0,4,0,0,0,0,0,7.45,7.45
400,router,45,L3_03_01,-1,26,29,6,0,0,0,0,0,0,0,0,0,9.22,9.22
400,shim,110,SHIM_03_02,-1,21,25,1,0,0,0,8,8,0,0,0,0,8.43,8.43
400,router,46,L3_03_02,-1,26,29,6,0,0,0,0,0,0,0,0,0,9.02,9.02
400,shim,111,SHIM_03_03,-1,27,28,1,0,0,0,12,32,0,0,0,0,9.41,9.41
400,router,47,L3_03_03,-1,32,32,8,0,0,0,0,0,0,0,0,0,10.73,10.73
400,router,4,L1_04,-1,53,57,23,0,0,0,0,0,0,0,0,0,8.79,8.79
400,router,20,L2_04,-1,49,44,18,0,0,0,0,0,0,0,0,0,7,7
400,shim,112,SHIM_04_00,-1,25,27,1,0,0,0,11,27,0,0,0,0,9.2,9.2
400,router,48,L3_04_00,-1,24,22,9,0,0,0,0,0,0,0,0,0,8.08,8.08
400,shim,113,SHIM_04_01,-1,19,18,2,0,0,0,15,0,0,0,0,0,8.01,8.01
400,router,49,L3_04_01,-1,30,25,4,0,0,0,0,0,0,0,0,0,7.22,7.22
400,shim,114,SHIM_04_02,-1,25,21,1,0,0,0,3,0,0,0,0,0,7.16,7.16
400,router,50,L3_04_02,-1,29,24,4,0,0,0,0,0,0,0,0,0,7.02,7.02
400,shim,115,SHIM_04_03,-1,31,24,1,0,0,0,7,1,0,0,0,0,8.14,8.14
400,router,51,L3_04_03,-1,24,28,5,0,0,0,0,0,0,0,0,0,8.37,8.37
400,router,5,L1_05,-1,59,60,30,0,0,0,0,0,0,0,0,0,10.41,10.41
400,router,21,L2_05,-1,43,47,27,0,0,0,0,0,0,0,0,0,8.67,8.67
400,shim,116,SHIM_05_00,-1,29,23,1,0,0,0,6,0,0,0,0,0,7.94,7.94
400,router,52,L3_05_00,-1,30,31,7,0,0,0,0,0,0,0,0,0,10.08,10.08
400,shim,117,SHIM_05_01,-1,23,26,1,0,0,0,10,20,0,0,0,0,8.92,8.92
400,router,53,L3_05_01,-1,23,21,9,0,0,0,0,0,0,0,0,0,7.79,7.79
400,shim,118,SHIM_05_02,-1,17,17,2,0,0,0,14,45,0,0,0,0,7.73,7.73
400,router,54,L3_05_02,-1,21,20,9,0,0,0,0,0,0,0,0,0,7.59,7.59
400,shim,119,SHIM_05_03,-1,23,20,1,0,0,0,2,0,0,0,0,0,6.88,6.88
400,router,55,L3_05_03,-1,28,24,3,0,0,0,0,0,0,0,0,0,6.37,6.37
400,router,6,L1_06,-1,52,50,37,0,0,0,0,0,0,0,0,0,8.03,8.03
400,router,22,L2_06,-1,41,46,25,0,0,0,0,0,0,0,0,0,8.31,8.31
400,shim,120,SHIM_06_00,-1,22,19,0,0,0,0,1,0,0,0,0,0,4.84,4.84
400,router,56,L3_06_00,-1,34,27,5,0,0,0,0,0,0,0,0,0,8.08,8.08
400,shim,121,SHIM_06_01,-1,28,22,1,0,0,0,5,0,0,0,0,0,7.65,7.65
400,router,57,L3_06_01,-1,32,26,5,0,0,0,0,0,0,0,0,0,7.88,7.88
400,shim,122,SHIM_06_02,-1,22,25,1,0,0,0,9,13,0,0,0,0,8.63,8.63
400,router,58,L3_06_02,-1,26,29,6,0,0,0,0,0,0,0,0,0,9.22,9.22
400,shim,123,SHIM_06_03,-1,28,29,2,0,0,0,13,38,0,0,0,0,11.45,11.45
400,router,59,L3_06_03,-1,19,19,8,0,0,0,0,0,0,0,0,0,6.94,6.94
400,router,7,L1_07,-1,85,84,117,0,0,0,0,8,0,0,0,0,15.16,15.16
400,router,23,L2_07,-1,47,49,33,0,0,0,0,0,0,0,0,0,9.9,9.9
400,shim,124,SHIM_07_00,-1,27,28,1,0,0,0,12,32,0,0,0,0,9.41,9.41
400,router,60,L3_07_00,-1,26,23,3,0,0,0,0,0,0,0,0,0,6.08,6.08
400,shim,125,SHIM_07_01,-1,20,18,2,0,0,0,16,0,0,0,0,0,8.22,8.22
400,router,61,L3_07_01,-1,24,22,9,0,0,0,0,0,0,0,0,0,8.08,8.08
400,shim,126,SHIM_07_02,-1,26,21,1,0,0,0,4,0,0,0,0,0,7.37,7.37
400,router,62,L3_07_02,-1,30,25,4,0,0,0,0,0,0,0,0,0,7.23,7.23
400,shim,127,SHIM_07_03,-1,21,25,1,0,0,0,8,6,0,0,0,0,8.35,8.35
400,router,63,L3_07_03,-1,24,28,6,0,0,0,0,0,0,0,0,0,8.94,8.94
400,router,8,L1_08,-1,57,53,14,0,0,0,0,0,0,0,0,0,6.7,6.7
400,router,24,L2_08,-1,41,40,42,0,0,0,0,0,0,0,0,0,7.57,7.57
400,shim,128,SHIM_08_00,-1,31,24,1,0,0,0,7,1,0,0,0,0,8.15,8.15
400,router,64,L3_08_00,-1,30,31,8,0,0,0,0,0,0,0,0,0,10.65,10.65
400,shim,129,SHIM_08_01,-1,25,27,1,0,0,0,11,25,0,0,0,0,9.13,9.13
400,router,65,L3_08_01,-1,30,31,7,0,0,0,0,0,0,0,0,0,10.08,10.08
400,shim,130,SHIM_08_02,-1,18,17,2,0,0,0,15,50,0,0,0,0,7.94,7.94
400,router,66,L3_08_02,-1,23,21,9,0,0,0,0,0,0,0,0,0,7.8,7.8
400,shim,131,SHIM_08_03,-1,17,17,2,0,0,0,14,45,0,0,0,0,7.73,7.73
400,router,67,L3_08_03,-1,29,24,4,0,0,0,0,0,0,0,0,0,6.94,6.94
400,router,9,L1_09,-1,51,56,21,0,0,0,0,0,0,0,0,0,8.32,8.32
400,router,25,L2_09,-1,47,43,16,0,0,0,0,0,0,0,0,0,6.56,6.56
400,shim,132,SHIM_09_00,-1,23,20,1,0,0,0,2,0,0,0,0,0,6.88,6.88
400,router,68,L3_09_00,-1,22,27,5,0,0,0,0,0,0,0,0,0,8.29,8.29
400,shim,133,SHIM_09_01,-1,29,23,1,0,0,0,6,0,0,0,0,0,7.86,7.86
400,router,69,L3_09_01,-1,34,27,5,0,0,0,0,0,0,0,0,0,8.09,8.09
400,shim,134,SHIM_09_02,-1,23,26,1,0,0,0,10,18,0,0,0,0,8.84,8.84
400,router,70,L3_09_02,-1,28,30,7,0,0,0,0,0,0,0,0,0,9.8,9.8
400,shim,135,SHIM_09_03,-1,23,26,1,0,0,0,9,13,0,0,0,0,8.64,8.64
400,router,71,L3_09_03,-1,21,20,8,0,0,0,0,0,0,0,0,0,7.15,7.15
400,router,10,L1_10,-1,57,59,28,0,0,0,0,0,0,0,0,0,9.94,9.94
400,router,26,L2_10,-1,46,42,14,0,0,0,0,0,0,0,0,0,6.21,6.21
400,shim,136,SHIM_10_00,-1,28,29,2,0,0,0,13,38,0,0,0,0,11.45,11.45
400,router,72,L3_10_00,-1,27,23,3,0,0,0,0,0,0,0,0,0,6.29,6.29
400,shim,137,SHIM_10_01,-1,21,19,2,0,0,0,1,0,0,0,0,0,8.43,8.43
400,router,73,L3_10_01,-1,26,23,3,0,0,0,0,0,0,0,0,0,6.09,6.09
400,shim,138,SHIM_10_02,-1,27,22,1,0,0,0,5,0,0,0,0,0,7.58,7.58
400,router,74,L3_10_02,-1,32,26,4,0,0,0,0,0,0,0,0,0,7.43,7.43
400,shim,139,SHIM_10_03,-1,26,21,1,0,0,0,4,0,0,0,0,0,7.37,7.37
400,router,75,L3_10_03,-1,26,29,6,0,0,0,0,0,0,0,0,0,9.15,9.15
400,router,11,L1_11,-1,91,93,108,0,0,0,0,8,0,0,0,0,17.07,17.07
400,router,27,L2_11,-1,51,45,23,0,0,0,0,0,0,0,0,0,7.87,7.87
400,shim,140,SHIM_11_00,-1,21,25,1,0,0,0,8,6,0,0,0,0,8.35,8.35
400,router,76,L3_11_00,-1,19,19,8,0,0,0,0,0,0,0,0,0,10.86,10.86
400,shim,141,SHIM_11_01,-1,27,28,1,0,0,0,12,31,0,0,0,0,9.33,9.33
400,router,77,L3_11_01,-1,30,31,8,0,0,0,0,0,0,0,0,0,10.66,10.66
400,shim,142,SHIM_11_02,-1,20,18,2,0,0,0,16,0,0,0,0,0,8.15,8.15
400,router,78,L3_11_02,-1,24,22,9,0,0,0,0,0,0,0,0,0,8,8
400,shim,143,SHIM_11_03,-1,18,17,2,0,0,0,15,50,0,0,0,0,7.94,7.94
400,router,79,L3_11_03,-1,30,25,4,0,0,0,0,0,0,0,0,0,7.15,7.15
400,router,12,L1_12,-1,50,49,33,0,0,0,0,0,0,0,0,0,7.18,7.18
400,router,28,L2_12,-1,45,48,31,0,0,0,0,0,0,0,0,0,9.46,9.46
400,shim,144,SHIM_12_00,-1,24,20,1,0,0,0,3,0,0,0,0,0,7.09,7.09
400,router,80,L3_12_00,-1,24,28,6,0,0,0,0,0,0,0,0,0,8.86,8.86
400,shim,145,SHIM_12_01,-1,31,24,1,0,0,0,7,0,0,0,0,0,8.07,8.07
400,router,81,L3_12_01,-1,23,27,5,0,0,0,0,0,0,0,0,0,8.29,8.29
400,shim,146,SHIM_12_02,-1,25,27,1,0,0,0,11,23,0,0,0,0,9.05,9.05
400,router,82,L3_12_02,-1,29,31,7,0,0,0,0,0,0,0,0,0,10.01,10.01
400,shim,147,SHIM_12_03,-1,23,26,1,0,0,0,10,18,0,0,0,0,8.85,8.85
400,router,83,L3_12_03,-1,22,21,9,0,0,0,0,0,0,0,0,0,7.72,7.72
400,router,13,L1_13,-1,56,52,12,0,0,0,0,0,0,0,0,0,6.23,6.23
400,router,29,L2_13,-1,39,39,39,0,0,0,0,0,0,0,0,0,7.06,7.06
400,shim,148,SHIM_13_00,-1,16,16,2,0,0,0,14,43,0,0,0,0,11.66,11.66
400,router,84,L3_13_00,-1,28,24,3,0,0,0,0,0,0,0,0,0,6.5,6.5
400,shim,149,SHIM_13_01,-1,23,20,1,0,0,0,2,0,0,0,0,0,6.81,6.81
400,router,85,L3_13_01,-1,27,23,3,0,0,0,0,0,0,0,0,0,6.3,6.3
400,shim,150,SHIM_13_02,-1,29,23,1,0,0,0,6,0,0,0,0,0,7.79,7.79
400,router,86,L3_13_02,-1,33,26,5,0,0,0,0,0,0,0,0,0,8.01,8.01
400,shim,151,SHIM_13_03,-1,27,22,1,0,0,0,5,0,0,0,0,0,7.58,7.58
400,router,87,L3_13_03,-1,28,30,7,0,0,0,0,0,0,0,0,0,9.72,9.72
400,router,14,L1_14,-1,61,55,19,0,0,0,0,0,0,0,0,0,7.85,7.85
400,router,30,L2_14,-1,85,85,126,0,0,0,0,8,0,0,0,0,17.5,17.5
400,shim,152,SHIM_14_00,-1,21,25,1,0,0,0,9,11,0,0,0,0,8.56,8.56
400,router,88,L3_14_00,-1,21,20,8,0,0,0,0,0,0,0,0,0,7.07,7.07
400,shim,153,SHIM_14_01,-1,27,28,2,0,0,0,13,36,0,0,0,0,11.37,11.37
400,router,89,L3_14_01,-1,19,19,8,0,0,0,0,0,0,0,0,0,10.87,10.87
400,shim,154,SHIM_14_02,-1,21,19,2,0,0,0,1,0,0,0,0,0,8.35,8.35
400,router,90,L3_14_02,-1,25,22,3,0,0,0,0,0,0,0,0,0,6.01,6.01
400,shim,155,SHIM_14_03,-1,20,18,2,0,0,0,16,0,0,0,0,0,8.15,8.15
400,router,91,L3_14_03,-1,32,26,4,0,0,0,0,0,0,0,0,0,7.36,7.36
400,router,15,L1_15,-1,61,55,17,0,0,0,0,0,0,0,0,0,7.47,7.47
400,router,31,L2_15,-1,44,41,12,0,0,0,0,0,0,0,0,0,5.77,5.77
400,shim,156,SHIM_15_00,-1,26,21,1,0,0,0,4,0,0,0,0,0,7.3,7.3
400,router,92,L3_15_00,-1,30,25,4,0,0,0,0,0,0,0,0,0,7.15,7.15
400,shim,157,SHIM_15_01,-1,19,24,1,0,0,0,8,4,0,0,0,0,8.28,8.28
400,router,93,L3_15_01,-1,24,28,6,0,0,0,0,0,0,0,0,0,8.87,8.87
400,shim,158,SHIM_15_02,-1,26,28,1,0,0,0,11,29,0,0,0,0,9.26,9.26
400,router,94,L3_15_02,-1,30,31,7,0,0,0,0,0,0,0,0,0,10.21,10.21
400,shim,159,SHIM_15_03,-1,25,27,1,0,0,0,11,24,0,0,0,0,9.05,9.05
400,router,95,L3_15_03,-1,23,21,9,0,0,0,0,0,0,0,0,0,7.93,7.93
400,endpoint,320,LLCH_00,-1,48,48,0,0,0,0,0,0,0,0,0,0,9.62,9.62
400,endpoint,324,LLCH_01,-1,43,43,0,0,0,0,0,0,0,0,0,0,8.67,8.67
400,endpoint,328,LLCH_02,-1,37,37,0,0,0,0,0,0,0,0,0,0,7.73,7.73
400,endpoint,332,LLCH_03,-1,49,49,0,0,0,0,0,0,0,0,0,0,9.78,9.78
400,endpoint,336,LLCH_04,-1,44,44,0,0,0,0,0,0,0,0,0,0,8.83,8.83
400,endpoint,340,LLCH_05,-1,38,38,0,0,0,0,0,0,0,0,0,0,7.88,7.88
400,endpoint,344,LLCH_06,-1,50,50,0,0,0,0,0,0,0,0,0,0,9.93,9.93
400,endpoint,348,LLCH_07,-1,45,45,0,0,0,0,0,0,0,0,0,0,8.99,8.99
400,endpoint,352,LLCH_08,-1,39,39,0,0,0,0,0,0,0,0,0,0,8.04,8.04
400,endpoint,356,LLCH_09,-1,51,51,0,0,0,0,0,0,0,0,0,0,7.09,7.09
400,endpoint,360,LLCH_10,-1,46,46,0,0,0,0,0,0,0,0,0,0,9.14,9.14
400,endpoint,364,LLCH_11,-1,40,40,0,0,0,0,0,0,0,0,0,0,8.19,8.19
400,endpoint,368,LLCH_12,-1,34,34,0,0,0,0,0,0,0,0,0,0,7.25,7.25
400,endpoint,372,LLCH_13,-1,47,47,0,0,0,0,0,0,0,0,0,0,9.3,9.3
400,endpoint,376,LLCH_14,-1,41,41,0,0,0,0,0,0,0,0,0,0,8.35,8.35
400,endpoint,380,LLCH_15,-1,48,48,0,0,0,0,0,0,0,0,0,0,9.51,9.51
400,port,0,L1_00,0,62,63,3,28,23,4,0,1,63,262,63,451,4.16,7.16
400,port,0,L1_00,1,108,107,5,36,36,0,0,1,107,673,107,994,6.29,9.29
400,port,0,L1_00,2,154,151,6,45,45,0,0,2,151,1273,151,1726,8.43,11.43
400,port,0,L1_00,3,141,142,6,43,43,0,0,0,142,886,142,1312,6.24,9.24
400,port,0,L1_00,4,187,186,7,52,52,0,0,1,186,1557,186,2115,8.37,11.37
400,port,16,L2_00,0,215,217,8,58,58,0,0,2,217,2216,217,2867,10.21,13.21
400,port,16,L2_00,1,81,81,4,31,28,3,0,0,81,393,81,636,4.85,7.85
400,port,16,L2_00,2,127,125,5,40,40,0,0,1,125,874,125,1249,6.99,9.99
400,port,16,L2_00,3,167,169,7,49,49,0,0,2,169,1543,169,2050,9.13,12.13
400,port,16,L2_00,4,160,160,6,47,47,0,0,0,160,1109,160,1589,6.93,9.93
400,port,16,L2_00,5,206,204,8,56,56,0,0,1,204,1850,204,2462,9.07,12.07
400,port,32,L3_00_00,0,18,16,1,28,23,4,0,1,16,90,16,138,5.61,8.61
400,port,32,L3_00_00,1,12,14,1,26,21,4,0,1,14,48,14,90,3.41,6.41
400,port,32,L3_00_00,2,25,25,1,35,34,1,0,0,25,139,25,214,5.55,8.55
400,port,32,L3_00_00,3,38,36,1,44,44,0,0,1,36,277,36,385,7.69,10.69
400,port,32,L3_00_00,4,45,47,2,52,52,0,0,2,47,321,47,462,6.82,9.82
400,port,33,L3_00_01,0,25,22,1,32,30,1,0,1,22,152,22,218,6.9,9.9
400,port,33,L3_00_01,1,33,33,1,41,41,0,0,0,33,199,33,298,6.03,9.03
400,port,33,L3_00_01,2,32,30,1,39,39,0,0,1,30,205,30,295,6.84,9.84
400,port,33,L3_00_01,3,39,41,2,48,48,0,0,2,41,368,41,491,8.98,11.98
400,port,33,L3_00_01,4,52,52,2,57,57,0,0,0,52,422,52,578,8.11,11.11
400,port,34,L3_00_02,0,30,27,1,37,36,0,0,1,27,197,27,278,7.3,10.3
400,port,34,L3_00_02,1,37,38,2,46,46,0,0,2,38,244,38,358,6.43,9.43
400,port,34,L3_00_02,2,37,36,1,44,44,0,0,1,36,261,36,369,7.24,10.24
400,port,34,L3_00_02,3,50,47,2,52,52,0,0,2,47,441,47,582,9.38,12.38
400,port,34,L3_00_02,4,12,13,1,25,19,6,0,0,13,52,13,91,4.01,7.01
400,port,35,L3_00_03,0,32,33,1,41,41,0,0,2,33,184,33,283,5.58,8.58
400,port,35,L3_00_03,1,45,44,2,50,50,0,0,1,44,340,44,472,7.72,10.72
400,port,35,L3_00_03,2,58,55,2,59,59,0,0,2,55,542,55,707,9.86,12.86
400,port,35,L3_00_03,3,51,52,2,57,57,0,0,3,52,399,52,555,7.67,10.67
400,port,35,L3_00_03,4,19,18,1,30,26,4,0,0,18,95,18,149,5.3,8.3
400,port,1,L1_01,0,86,85,4,32,29,3,0,0,85,462,85,717,5.44,8.44
400,port,1,L1_01,1,132,129,5,41,41,0,0,1,129,978,129,1365,7.58,10.58
400,port,1,L1_01,2,172,173,7,50,50,0,0,2,173,1163,173,1682,6.72,9.72
400,port,1,L1_01,3,218,217,8,58,58,0,0,1,217,1923,217,2574,8.86,11.86
400,port,1,L1_01,4,211,208,8,57,57,0,0,2,208,2009,208,2633,9.66,12.66
400,port,17,L2_01,0,111,112,5,37,37,0,0,2,112,598,112,934,5.34,8.34
400,port,17,L2_01,1,104,103,5,36,35,0,0,1,103,632,103,941,6.14,9.14
400,port,17,L2_01,2,150,147,6,44,44,0,0,1,147,1217,147,1658,8.28,11.28
400,port,17,L2_01,3,190,191,7,53,53,0,0,3,191,1417,191,1990,7.42,10.42
400,port,17,L2_01,4,56,55,3,26,20,6,0,0,55,278,55,443,5.05,8.05
400,port,17,L2_01,5,49,46,3,24,18,5,0,1,46,270,46,408,5.86,8.86
400,port,36,L3_01_00,0,38,38,2,46,46,0,0,0,38,261,38,375,6.87,9.87
400,port,36,L3_01_00,1,51,49,2,54,54,0,0,1,49,441,49,588,9.01,12.01
400,port,36,L3_01_00,2,13,15,1,27,22,4,0,1,15,55,15,100,3.65,6.65
400,port,36,L3_01_00,3,26,26,1,36,35,1,0,0,26,151,26,229,5.79,8.79
400,port,36,L3_01_00,4,26,24,1,34,33,0,0,1,24,158,24,230,6.59,9.59
400,port,37,L3_01_01,0,14,12,1,25,18,7,0,0,12,60,12,96,4.99,7.99
400,port,37,L3_01_01,1,53,55,2,59,59,0,0,2,55,567,55,732,10.3,13.3
400,port,37,L3_01_01,2,21,21,1,32,29,3,0,0,21,104,21,167,4.94,7.94
400,port,37,L3_01_01,3,34,32,1,40,40,0,0,1,32,226,32,322,7.07,10.07
400,port,37,L3_01_01,4,41,43,2,49,49,0,0,2,43,396,43,525,9.21,12.21
400,port,38,L3_01_02,0,19,18,1,29,25,4,0,0,18,97,18,151,5.39,8.39
400,port,38,L3_01_02,1,32,29,1,38,38,0,0,1,29,218,29,305,7.53,10.53
400,port,38,L3_01_02,2,25,26,1,36,35,1,0,0,26,139,26,217,5.34,8.34
400,port,38,L3_01_02,3,39,37,1,45,45,0,0,1,37,276,37,387,7.47,10.47
400,port,38,L3_01_02,4,52,48,2,54,54,0,0,2,48,461,48,605,9.61,12.61
400,port,39,L3_01_03,0,26,23,1,33,31,1,0,1,23,154,23,223,6.68,9.68
400,port,39,L3_01_03,1,33,34,1,42,42,0,0,2,34,198,34,300,5.82,8.82
400,port,39,L3_01_03,2,33,32,1,40,40,0,0,1,32,212,32,308,6.63,9.63
400,port,39,L3_01_03,3,46,43,2,49,49,0,0,1,43,377,43,506,8.76,11.76
400,port,39,L3_01_03,4,53,54,2,58,58,0,0,3,54,427,54,589,7.9,10.9
400,port,2,L1_02,0,162,160,6,47,47,0,0,1,160,1290,160,1770,8.06,11.06
400,port,2,L1_02,1,149,151,6,45,45,0,0,2,151,886,151,1339,5.87,8.87
400,port,2,L1_02,2,195,195,7,54,54,0,0,0,195,1562,195,2147,8.01,11.01
400,port,2,L1_02,3,61,59,3,27,22,4,0,1,59,333,59,510,5.64,8.64
400,port,2,L1_02,4,101,103,5,36,35,0,0,2,103,492,103,801,4.78,7.78
400,port,18,L2_02,0,135,134,5,42,42,0,0,0,134,887,134,1289,6.62,9.62
400,port,18,L2_02,1,181,178,7,51,51,0,0,1,178,1559,178,2093,8.76,11.76
400,port,18,L2_02,2,168,169,7,49,49,0,0,2,169,1110,169,1617,6.57,9.57
400,port,18,L2_02,3,214,213,8,58,58,0,0,1,213,1853,213,2492,8.7,11.7
400,port,18,L2_02,4,80,77,4,30,27,2,0,1,77,488,77,719,6.34,9.34
400,port,18,L2_02,5,67,68,3,29,24,4,0,1,68,282,68,486,4.15,7.15
400,port,40,L3_02_00,0,27,29,1,38,38,0,0,2,29,144,29,231,4.97,7.97
400,port,40,L3_02_00,1,40,40,2,47,47,0,0,0,40,284,40,404,7.11,10.11
400,port,40,L3_02_00,2,53,51,2,56,56,0,0,1,51,472,51,625,9.25,12.25
400,port,40,L3_02_00,3,46,48,2,54,54,0,0,2,48,338,48,482,7.05,10.05
400,port,40,L3_02_00,4,15,14,1,27,21,6,0,0,14,66,14,108,4.69,7.69
400,port,41,L3_02_01,0,34,34,1,42,42,0,0,0,34,213,34,315,6.26,9.26
400,port,41,L3_02_01,1,47,45,2,51,51,0,0,1,45,378,45,513,8.4,11.4
400,port,41,L3_02_01,2,9,11,1,24,17,6,0,1,11,66,11,99,6.03,9.03
400,port,41,L3_02_01,3,22,22,1,33,30,3,0,0,22,114,22,180,5.17,8.17
400,port,41,L3_02_01,4,22,20,1,31,28,2,0,1,20,120,20,180,5.98,8.98
400,port,42,L3_02_02,0,52,53,2,57,57,0,0,0,53,423,53,582,7.99,10.99
400,port,42,L3_02_02,1,52,51,2,56,56,0,0,1,51,449,51,602,8.8,11.8
400,port,42,L3_02_02,2,21,17,1,28,24,3,0,1,17,109,17,160,6.44,9.44
400,port,42,L3_02_02,3,28,28,1,37,37,0,0,0,28,156,28,240,5.57,8.57
400,port,42,L3_02_02,4,41,39,2,46,46,0,0,1,39,301,39,418,7.71,10.71
400,port,43,L3_02_03,0,15,14,1,26,21,5,0,0,14,67,14,109,4.78,7.78
400,port,43,L3_02_03,1,28,25,1,35,34,0,0,1,25,173,25,248,6.92,9.92
400,port,43,L3_02_03,2,21,22,1,33,30,1,0,2,22,104,22,170,4.72,7.72
400,port,43,L3_02_03,3,34,33,1,42,42,0,0,1,33,226,33,325,6.86,9.86
400,port,43,L3_02_03,4,47,44,2,50,50,0,0,2,44,396,44,528,9,12
400,port,3,L1_03,0,184,182,7,51,51,0,0,1,182,1540,182,2086,8.46,11.46
400,port,3,L1_03,1,171,173,7,50,50,0,0,2,173,1604,173,2123,9.27,12.27
400,port,3,L1_03,2,217,217,8,58,58,0,0,0,217,1825,217,2476,8.41,11.41
400,port,3,L1_03,3,83,81,4,31,28,2,0,1,81,489,81,732,6.04,9.04
400,port,3,L1_03,4,123,125,5,40,40,0,0,2,125,648,125,1023,5.18,8.18
400,port,19,L2_03,0,156,156,6,46,46,0,0,0,156,1095,156,1563,7.02,10.02
400,port,19,L2_03,1,203,201,7,55,55,0,0,1,201,1841,201,2444,9.16,12.16
400,port,19,L2_03,2,189,191,7,53,53,0,0,2,191,1331,191,1904,6.97,9.97
400,port,19,L2_03,3,55,55,3,26,20,6,0,0,55,254,55,419,4.61,7.61
400,port,19,L2_03,4,103,100,4,35,34,0,0,1,100,674,100,974,6.74,9.74
400,port,19,L2_03,5,143,144,6,44,44,0,0,2,144,847,144,1279,5.88,8.88
400,port,44,L3_03_00,0,21,19,1,30,27,2,0,1,19,115,19,172,6.07,9.07
400,port,44,L3_03_00,1,28,30,1,39,39,0,0,2,30,156,30,246,5.21,8.21
400,port,44,L3_03_00,2,28,28,1,37,37,0,0,0,28,168,28,252,6.01,9.01
400,port,44,L3_03_00,3,42,39,2,46,46,0,0,1,39,318,39,435,8.15,11.15
400,port,44,L3_03_00,4,49,50,2,55,55,0,0,2,50,365,50,515,7.29,10.29
400,port,45,L3_03_01,0,23,25,1,35,34,0,0,1,25,184,25,259,7.36,10.36
400,port,45,L3_03_01,1,36,36,1,44,44,0,0,0,36,234,36,342,6.5,9.5
400,port,45,L3_03_01,2,49,47,2,52,52,0,0,1,47,406,47,547,8.63,11.63
400,port,45,L3_03_01,3,42,44,2,51,51,0,0,2,44,283,44,415,6.44,9.44
400,port,45,L3_03_01,4,10,10,1,23,16,7,0,0,10,41,10,71,4.08,7.08
400,port,46,L3_03_02,0,34,30,1,39,39,0,0,1,30,233,30,323,7.76,10.76
400,port,46,L3_03_02,1,41,41,2,48,48,0,0,0,41,283,41,406,6.9,9.9
400,port,46,L3_03_02,2,54,52,2,57,57,0,0,1,52,470,52,626,9.03,12.03
400,port,46,L3_03_02,3,16,18,1,30,26,3,0,1,18,120,18,174,6.67,9.67
400,port,46,L3_03_02,4,16,16,1,28,23,5,0,0,16,72,16,120,4.48,7.48
400,port,47,L3_03_03,0,48,49,2,54,54,0,0,3,49,362,49,509,7.38,10.38
400,port,47,L3_03_03,1,48,47,2,52,52,0,0,1,47,384,47,525,8.18,11.18
400,port,47,L3_03_03,2,16,13,1,25,19,5,0,1,13,76,13,115,5.82,8.82
400,port,47,L3_03_03,3,23,24,1,34,33,0,0,2,24,119,24,191,4.96,7.96
400,port,47,L3_03_03,4,36,35,1,43,43,0,0,1,35,249,35,354,7.1,10.1
400,port,4,L1_04,0,208,205,8,56,56,0,0,2,205,1999,205,2614,9.75,12.75
400,port,4,L1_04,1,68,69,3,29,25,4,0,0,69,303,69,510,4.39,7.39
400,port,4,L1_04,2,60,59,3,27,22,5,0,0,59,307,59,484,5.2,8.2
400,port,4,L1_04,3,108,104,5,36,35,0,0,1,104,762,104,1074,7.33,10.33
400,port,4,L1_04,4,148,148,6,45,45,0,0,0,148,958,148,1402,6.47,9.47
400,port,20,L2_04,0,181,179,7,51,51,0,0,1,179,1487,179,2024,8.31,11.31
400,port,20,L2_04,1,41,43,3,24,17,6,0,1,43,256,43,385,5.95,8.95
400,port,20,L2_04,2,87,87,4,32,30,2,0,0,87,443,87,704,5.09,8.09
400,port,20,L2_04,3,80,78,4,31,27,3,0,1,78,459,78,693,5.89,8.89
400,port,20,L2_04,4,120,122,5,39,39,0,0,2,122,980,122,1346,8.03,11.03
400,port,20,L2_04,5,166,166,6,48,48,0,0,0,166,1190,166,1688,7.17,10.17
400,port,48,L3_04_00,0,55,55,2,59,59,0,0,1,55,477,55,642,8.67,11.67
400,port,48,L3_04_00,1,24,21,1,31,29,1,0,1,21,132,21,195,6.3,9.3
400,port,48,L3_04_00,2,17,18,1,30,26,3,0,1,18,74,18,128,4.11,7.11
400,port,48,L3_04_00,3,30,29,1,38,38,0,0,0,29,181,29,268,6.25,9.25
400,port,48,L3_04_00,4,43,40,2,47,47,0,0,1,40,335,40,455,8.38,11.38
400,port,49,L3_04_01,0,17,15,1,27,22,4,0,1,15,82,15,127,5.46,8.46
400,port,49,L3_04_01,1,24,26,1,36,35,0,0,1,26,197,26,275,7.59,10.59
400,port,49,L3_04_01,2,24,24,1,34,33,1,0,0,24,130,24,202,5.4,8.4
400,port,49,L3_04_01,3,37,35,1,43,43,0,0,1,35,264,35,369,7.54,10.54
400,port,49,L3_04_01,4,44,46,2,52,52,0,0,2,46,307,46,445,6.67,9.67
400,port,50,L3_04_02,0,23,21,1,31,29,1,0,1,21,123,21,186,5.86,8.86
400,port,50,L3_04_02,1,30,32,1,40,40,0,0,1,32,256,32,352,7.99,10.99
400,port,50,L3_04_02,2,43,43,2,49,49,0,0,0,43,307,43,436,7.13,10.13
400,port,50,L3_04_02,3,42,40,2,47,47,0,0,1,40,318,40,438,7.94,10.94
400,port,50,L3_04_02,4,49,51,2,56,56,0,0,2,51,514,51,667,10.07,13.07
400,port,51,L3_04_03,0,29,26,1,36,35,0,0,1,26,186,26,264,7.14,10.14
400,port,51,L3_04_03,1,36,37,1,45,45,0,0,2,37,232,37,343,6.28,9.28
400,port,51,L3_04_03,2,49,48,2,54,54,0,0,1,48,404,48,548,8.42,11.42
400,port,51,L3_04_03,3,17,14,1,26,21,4,0,1,14,85,14,127,6.06,9.06
400,port,51,L3_04_03,4,11,12,1,25,18,7,0,0,12,46,12,82,3.86,6.86
400,port,5,L1_05,0,46,47,3,24,18,5,0,1,47,166,47,307,3.54,6.54
400,port,5,L1_05,1,92,91,4,33,31,2,0,0,91,517,91,790,5.68,8.68
400,port,5,L1_05,2,138,135,5,42,42,0,0,1,135,1056,135,1461,7.82,10.82
400,port,5,L1_05,3,125,126,5,40,40,0,0,2,126,708,126,1086,5.62,8.62
400,port,5,L1_05,4,171,170,7,49,49,0,0,1,170,1319,170,1829,7.76,10.76
400,port,21,L2_05,0,204,201,7,55,55,0,0,2,201,1930,201,2533,9.6,12.6
400,port,21,L2_05,1,64,65,3,28,23,4,0,1,65,276,65,471,4.24,7.24
400,port,21,L2_05,2,110,109,5,37,37,0,0,1,109,695,109,1022,6.38,9.38
400,port,21,L2_05,3,156,153,6,46,46,0,0,2,153,1302,153,1761,8.51,11.51
400,port,21,L2_05,4,143,144,6,44,44,0,0,0,144,910,144,1342,6.32,9.32
400,port,21,L2_05,5,190,188,7,53,53,0,0,1,188,1590,188,2154,8.46,11.46
400,port,52,L3_05_00,0,44,45,2,51,51,0,0,2,45,305,45,440,6.77,9.77
400,port,52,L3_05_00,1,44,43,2,49,49,0,0,1,43,326,43,455,7.57,10.57
400,port,52,L3_05_00,2,57,54,2,58,58,0,0,2,54,524,54,686,9.71,12.71
400,port,52,L3_05_00,3,19,20,1,31,28,2,0,1,20,87,20,147,4.35,7.35
400,port,52,L3_05_00,4,32,31,1,40,40,0,0,1,31,201,31,294,6.48,9.48
400,port,53,L3_05_01,0,51,51,2,55,55,0,0,0,51,411,51,564,8.05,11.05
400,port,53,L3_05_01,1,19,17,1,28,24,3,0,1,17,97,17,148,5.69,8.69
400,port,53,L3_05_01,2,12,14,1,26,21,4,0,1,14,49,14,91,3.5,6.5
400,port,53,L3_05_01,3,25,25,1,35,34,1,0,0,25,141,25,216,5.63,8.63
400,port,53,L3_05_01,4,38,36,1,44,44,0,0,1,36,280,36,388,7.77,10.77
400,port,54,L3_05_02,0,11,11,1,24,17,7,0,0,11,43,11,76,3.95,6.95
400,port,54,L3_05_02,1,24,22,1,33,30,2,0,1,22,134,22,200,6.09,9.09
400,port,54,L3_05_02,2,18,20,1,31,28,2,0,1,20,138,20,198,6.9,9.9
400,port,54,L3_05_02,3,31,31,1,40,40,0,0,0,31,187,31,280,6.03,9.03
400,port,54,L3_05_02,4,44,42,2,48,48,0,0,1,42,343,42,469,8.17,11.17
400,port,55,L3_05_03,0,18,17,1,28,24,4,0,0,17,89,17,140,5.24,8.24
400,port,55,L3_05_03,1,31,28,1,37,37,0,0,1,28,207,28,291,7.38,10.38
400,port,55,L3_05_03,2,38,39,2,46,46,0,0,0,39,254,39,371,6.52,9.52
400,port,55,L3_05_03,3,37,36,1,44,44,0,0,1,36,264,36,372,7.32,10.32
400,port,55,L3_05_03,4,50,47,2,53,53,0,0,2,47,445,47,586,9.46,12.46
400,port,6,L1_06,0,69,69,4,29,25,4,0,0,69,333,69,540,4.83,7.83
400,port,6,L1_06,1,115,113,5,38,38,0,0,1,113,788,113,1127,6.97,9.97
400,port,6,L1_06,2,155,157,6,46,46,0,0,2,157,959,157,1430,6.11,9.11
400,port,6,L1_06,3,201,201,7,55,55,0,0,1,201,1656,201,2259,8.24,11.24
400,port,6,L1_06,4,195,192,7,53,53,0,0,1,192,1738,192,2314,9.05,12.05
400,port,22,L2_06,0,99,96,4,34,33,0,0,1,96,656,96,944,6.83,9.83
400,port,22,L2_06,1,86,87,4,32,30,0,0,2,87,404,87,665,4.64,7.64
400,port,22,L2_06,2,132,131,5,41,41,0,0,1,131,888,131,1281,6.78,9.78
400,port,22,L2_06,3,178,175,7,50,50,0,0,2,175,1559,175,2084,8.91,11.91
400,port,22,L2_06,4,218,219,8,59,59,0,0,3,219,1763,219,2420,8.05,11.05
400,port,22,L2_06,5,211,210,8,57,57,0,0,1,210,1861,210,2491,8.86,11.86
400,port,56,L3_06_00,0,25,22,1,33,30,2,0,1,22,144,22,210,6.53,9.53
400,port,56,L3_06_00,1,32,33,1,42,42,0,0,2,33,187,33,286,5.67,8.67
400,port,56,L3_06_00,2,45,44,2,50,50,0,0,1,44,344,44,476,7.81,10.81
400,port,56,L3_06_00,3,13,10,1,23,16,6,0,1,10,54,10,84,5.44,8.44
400,port,56,L3_06_00,4,52,53,2,57,57,0,0,3,53,411,53,570,7.75,10.75
400,port,57,L3_06_01,0,43,41,2,48,48,0,0,1,41,339,41,462,8.26,11.26
400,port,57,L3_06_01,1,37,39,2,46,46,0,0,2,39,237,39,354,6.07,9.07
400,port,57,L3_06_01,2,50,50,2,55,55,0,0,1,50,411,50,561,8.21,11.21
400,port,57,L3_06_01,3,19,16,1,28,23,4,0,1,16,93,16,141,5.84,8.84
400,port,57,L3_06_01,4,26,27,1,36,36,0,0,2,27,134,27,215,4.98,7.98
400,port,58,L3_06_02,0,45,47,2,52,52,0,0,2,47,449,47,590,9.55,12.55
400,port,58,L3_06_02,1,13,13,1,25,19,6,0,0,13,54,13,93,4.19,7.19
400,port,58,L3_06_02,2,12,10,1,23,16,6,0,1,10,50,10,80,5,8
400,port,58,L3_06_02,3,19,21,1,32,29,2,0,1,21,87,21,150,4.13,7.13
400,port,58,L3_06_02,4,32,32,1,41,41,0,0,0,32,201,32,297,6.27,9.27
400,port,59,L3_06_03,0,51,52,2,57,57,0,0,3,52,408,52,564,7.84,10.84
400,port,59,L3_06_03,1,19,18,1,29,25,4,0,0,18,99,18,153,5.48,8.48
400,port,59,L3_06_03,2,32,29,1,38,38,0,0,1,29,221,29,308,7.62,10.62
400,port,59,L3_06_03,3,26,27,1,36,36,0,0,0,27,146,27,227,5.42,8.42
400,port,59,L3_06_03,4,40,38,1,45,45,0,0,1,38,287,38,401,7.56,10.56
400,port,7,L1_07,0,144,144,6,44,44,0,0,0,144,945,144,1377,6.56,9.56
400,port,7,L1_07,1,137,135,5,42,42,0,0,1,135,995,135,1400,7.37,10.37
400,port,7,L1_07,2,177,179,7,51,51,0,0,2,179,1165,179,1702,6.51,9.51
400,port,7,L1_07,3,215,215,32,73,72,0,0,35,215,10845,215,11490,50.44,53.44
400,port,7,L1_07,4,89,87,4,32,30,1,0,1,87,546,87,807,6.28,9.28
400,port,23,L2_07,0,116,118,5,39,39,0,0,2,118,604,118,958,5.12,8.12
400,port,23,L2_07,1,162,162,6,47,47,0,0,0,162,1176,162,1662,7.26,10.26
400,port,23,L2_07,2,155,153,6,46,46,0,0,1,153,1235,153,1694,8.07,11.07
400,port,23,L2_07,3,196,197,7,54,54,0,0,2,197,1418,197,2009,7.2,10.2
400,port,23,L2_07,4,62,61,3,27,22,5,0,0,61,295,61,478,4.84,7.84
400,port,23,L2_07,5,55,52,3,25,19,5,0,1,52,294,52,450,5.65,8.65
400,port,60,L3_07_00,0,14,13,1,25,19,6,0,0,13,60,13,99,4.63,7.63
400,port,60,L3_07_00,1,27,24,1,34,33,0,0,1,24,162,24,234,6.77,9.77
400,port,60,L3_07_00,2,34,35,1,43,43,0,0,2,35,207,35,312,5.9,8.9
400,port,60,L3_07_00,3,33,32,1,41,41,0,0,1,32,215,32,311,6.71,9.71
400,port,60,L3_07_00,4,46,43,2,50,50,0,0,2,43,381,43,510,8.85,11.85
400,port,61,L3_07_01,0,18,18,1,30,26,4,0,0,18,91,18,145,5.03,8.03
400,port,61,L3_07_01,1,32,29,1,38,38,0,0,1,29,208,29,295,7.17,10.17
400,port,61,L3_07_01,2,39,40,2,47,47,0,0,2,40,252,40,372,6.3,9.3
400,port,61,L3_07_01,3,52,51,2,56,56,0,0,1,51,430,51,583,8.44,11.44
400,port,61,L3_07_01,4,52,49,2,54,54,0,0,2,49,453,49,600,9.25,12.25
400,port,62,L3_07_02,0,39,37,1,45,45,0,0,1,37,283,37,394,7.65,10.65
400,port,62,L3_07_02,1,33,35,1,43,43,0,0,2,35,296,35,401,8.46,11.46
400,port,62,L3_07_02,2,46,46,2,52,52,0,0,0,46,349,46,487,7.59,10.59
400,port,62,L3_07_02,3,14,12,1,24,18,5,0,1,12,63,12,99,5.23,8.23
400,port,62,L3_07_02,4,21,23,1,33,31,1,0,1,23,101,23,170,4.37,7.37
400,port,63,L3_07_03,0,46,43,2,49,49,0,0,2,43,384,43,513,8.94,11.94
400,port,63,L3_07_03,1,53,54,2,58,58,0,0,0,54,436,54,598,8.08,11.08
400,port,63,L3_07_03,2,53,51,2,56,56,0,0,1,51,453,51,606,8.88,11.88
400,port,63,L3_07_03,3,15,17,1,29,24,4,0,1,17,111,17,162,6.52,9.52
400,port,63,L3_07_03,4,28,28,1,38,38,0,0,0,28,158,28,242,5.66,8.66
400,port,8,L1_08,0,167,166,6,48,48,0,0,1,166,1303,166,1801,7.85,10.85
400,port,8,L1_08,1,160,157,6,46,46,0,0,2,157,1360,157,1831,8.66,11.66
400,port,8,L1_08,2,201,201,7,55,55,0,0,0,201,1566,201,2169,7.79,10.79
400,port,8,L1_08,3,67,65,3,28,23,4,0,1,65,353,65,548,5.43,8.43
400,port,8,L1_08,4,107,109,5,37,37,0,0,1,109,825,109,1152,7.57,10.57
400,port,24,L2_08,0,140,140,6,43,43,0,0,0,140,897,140,1317,6.41,9.41
400,port,24,L2_08,1,187,185,7,52,52,0,0,1,185,1582,185,2137,8.55,11.55
400,port,24,L2_08,2,173,175,7,50,50,0,0,2,175,1636,175,2161,9.35,12.35
400,port,24,L2_08,3,219,219,8,59,59,0,0,0,219,1859,219,2516,8.49,11.49
400,port,24,L2_08,4,86,84,4,32,29,2,0,1,84,515,84,767,6.13,9.13
400,port,24,L2_08,5,126,128,5,41,41,0,0,2,128,675,128,1059,5.27,8.27
400,port,64,L3_08_00,0,47,48,2,53,53,0,0,2,48,347,48,491,7.23,10.23
400,port,64,L3_08_00,1,15,14,1,26,21,5,0,0,14,68,14,110,4.86,7.86
400,port,64,L3_08_00,2,28,25,1,35,34,0,0,1,25,175,25,250,7,10
400,port,64,L3_08_00,3,22,23,1,33,31,0,0,2,23,111,23,180,4.81,7.81
400,port,64,L3_08_00,4,35,34,1,42,42,0,0,1,34,236,34,338,6.95,9.95
400,port,65,L3_08_01,0,53,54,2,58,58,0,0,3,54,412,54,574,7.63,10.63
400,port,65,L3_08_01,1,21,20,1,31,28,3,0,0,20,105,20,165,5.27,8.27
400,port,65,L3_08_01,2,34,31,1,40,40,0,0,1,31,229,31,322,7.4,10.4
400,port,65,L3_08_01,3,27,28,1,38,38,0,0,2,28,146,28,230,5.21,8.21
400,port,65,L3_08_01,4,40,39,2,47,47,0,0,1,39,287,39,404,7.35,10.35
400,port,66,L3_08_02,0,14,14,1,26,21,5,0,0,14,62,14,104,4.42,7.42
400,port,66,L3_08_02,1,27,25,1,35,34,0,0,1,25,164,25,239,6.55,9.55
400,port,66,L3_08_02,2,34,36,1,44,44,0,0,2,36,205,36,313,5.69,8.69
400,port,66,L3_08_02,3,47,47,2,53,53,0,0,0,47,368,47,509,7.83,10.83
400,port,66,L3_08_02,4,47,45,2,51,51,0,0,1,45,388,45,523,8.63,11.63
400,port,67,L3_08_03,0,34,33,1,41,41,0,0,1,33,232,33,331,7.04,10.04
400,port,67,L3_08_03,1,35,31,1,40,40,0,0,1,31,243,31,336,7.84,10.84
400,port,67,L3_08_03,2,42,42,2,48,48,0,0,0,42,293,42,419,6.98,9.98
400,port,67,L3_08_03,3,55,53,2,57,57,0,0,1,53,483,53,642,9.12,12.12
400,port,67,L3_08_03,4,17,19,1,30,27,2,0,1,19,128,19,185,6.75,9.75
400,port,9,L1_09,0,191,188,7,53,53,0,0,2,188,1718,188,2282,9.14,12.14
400,port,9,L1_09,1,52,53,3,26,20,5,0,1,53,200,53,359,3.78,6.78
400,port,9,L1_09,2,44,43,3,24,17,7,0,0,43,197,43,326,4.58,7.58
400,port,9,L1_09,3,91,88,4,33,30,2,0,1,88,591,88,855,6.72,9.72
400,port,9,L1_09,4,131,132,5,41,41,0,0,2,132,774,132,1170,5.86,8.86
400,port,25,L2_09,0,164,163,6,48,48,0,0,1,163,1255,163,1744,7.7,10.7
400,port,25,L2_09,1,210,207,8,56,56,0,0,2,207,2037,207,2658,9.84,12.84
400,port,25,L2_09,2,70,71,4,29,25,4,0,0,71,317,71,530,4.47,7.47
400,port,25,L2_09,3,64,62,3,27,22,5,0,0,62,327,62,513,5.28,8.28
400,port,25,L2_09,4,110,106,5,36,36,0,0,1,106,787,106,1105,7.42,10.42
400,port,25,L2_09,5,150,150,6,45,45,0,0,0,150,984,150,1434,6.56,9.56
400,port,68,L3_09_00,0,42,39,2,46,46,0,0,1,39,324,39,441,8.32,11.32
400,port,68,L3_09_00,1,49,50,2,55,55,0,0,3,50,373,50,523,7.46,10.46
400,port,68,L3_09_00,2,48,47,2,53,53,0,0,1,47,389,47,530,8.27,11.27
400,port,68,L3_09_00,3,16,13,1,26,20,5,0,1,13,77,13,116,5.91,8.91
400,port,68,L3_09_00,4,23,24,1,34,33,0,0,2,24,121,24,193,5.04,8.04
400,port,69,L3_09_01,0,47,44,2,50,50,0,0,1,44,384,44,516,8.73,11.73
400,port,69,L3_09_01,1,9,10,1,23,16,6,0,1,10,34,10,64,3.36,6.36
400,port,69,L3_09_01,2,22,21,1,32,29,3,0,0,21,116,21,179,5.5,8.5
400,port,69,L3_09_01,3,22,19,1,30,27,2,0,1,19,120,19,177,6.31,9.31
400,port,69,L3_09_01,4,29,30,1,39,39,0,0,2,30,163,30,253,5.44,8.44
400,port,70,L3_09_02,0,48,50,2,55,55,0,0,2,50,351,50,501,7.01,10.01
400,port,70,L3_09_02,1,16,16,1,28,23,5,0,0,16,74,16,122,4.65,7.65
400,port,70,L3_09_02,2,29,27,1,36,36,0,0,1,27,183,27,264,6.79,9.79
400,port,70,L3_09_02,3,22,24,1,34,33,0,0,1,24,110,24,182,4.59,7.59
400,port,70,L3_09_02,4,35,35,1,43,43,0,0,0,35,236,35,341,6.73,9.73
400,port,71,L3_09_03,0,10,10,1,23,16,7,0,0,10,38,10,68,3.8,6.8
400,port,71,L3_09_03,1,23,21,1,32,29,2,0,1,21,125,21,188,5.94,8.94
400,port,71,L3_09_03,2,30,32,1,41,41,0,0,2,32,259,32,355,8.08,11.08
400,port,71,L3_09_03,3,43,43,2,50,50,0,0,0,43,310,43,439,7.22,10.22
400,port,71,L3_09_03,4,43,41,2,48,48,0,0,1,41,329,41,452,8.02,11.02
400,port,10,L1_10,0,209,211,8,57,57,0,0,2,211,1568,211,2201,7.43,10.43
400,port,10,L1_10,1,75,75,4,30,26,4,0,0,75,380,75,605,5.07,8.07
400,port,10,L1_10,2,121,119,5,39,39,0,0,1,119,857,119,1214,7.2,10.2
400,port,10,L1_10,3,109,110,5,37,37,0,0,2,110,551,110,881,5.01,8.01
400,port,10,L1_10,4,155,154,6,46,46,0,0,1,154,1101,154,1563,7.15,10.15
400,port,26,L2_10,0,186,185,7,52,52,0,0,1,185,1499,185,2054,8.1,11.1
400,port,26,L2_10,1,52,49,3,25,19,5,0,1,49,281,49,428,5.74,8.74
400,port,26,L2_10,2,92,93,4,34,32,0,0,2,93,454,93,733,4.88,7.88
400,port,26,L2_10,3,138,137,6,42,42,0,0,1,137,960,137,1371,7.01,10.01
400,port,26,L2_10,4,131,128,5,41,41,0,0,1,128,1001,128,1385,7.82,10.82
400,port,26,L2_10,5,171,172,7,49,49,0,0,0,172,1197,172,1713,6.96,9.96
400,port,72,L3_10_00,0,30,29,1,38,38,0,0,1,29,186,29,273,6.42,9.42
400,port,72,L3_10_00,1,30,27,1,36,36,0,0,1,27,195,27,276,7.23,10.23
400,port,72,L3_10_00,2,37,38,1,45,45,0,0,2,38,242,38,356,6.37,9.37
400,port,72,L3_10_00,3,50,49,2,54,54,0,0,1,49,417,49,564,8.5,11.5
400,port,72,L3_10_00,4,18,15,1,27,22,4,0,1,15,92,15,137,6.14,9.14
400,port,73,L3_10_01,0,36,35,1,43,43,0,0,1,35,239,35,344,6.82,9.82
400,port,73,L3_10_01,1,49,46,2,51,51,0,0,1,46,412,46,550,8.96,11.96
400,port,73,L3_10_01,2,42,43,2,50,50,0,0,2,43,291,43,420,6.77,9.77
400,port,73,L3_10_01,3,55,54,2,58,58,0,0,1,54,481,54,643,8.9,11.9
400,port,73,L3_10_01,4,23,20,1,31,28,2,0,1,20,131,20,191,6.54,9.54
400,port,74,L3_10_02,0,42,40,2,47,47,0,0,1,40,324,40,444,8.11,11.11
400,port,74,L3_10_02,1,49,51,2,56,56,0,0,2,51,370,51,523,7.25,10.25
400,port,74,L3_10_02,2,17,17,1,29,24,5,0,0,17,83,17,134,4.89,7.89
400,port,74,L3_10_02,3,17,15,1,27,22,4,0,1,15,85,15,130,5.69,8.69
400,port,74,L3_10_02,4,25,26,1,36,35,0,0,2,26,126,26,204,4.83,7.83
400,port,75,L3_10_03,0,44,46,2,51,51,0,0,2,46,432,46,570,9.4,12.4
400,port,75,L3_10_03,1,12,12,1,24,18,6,0,0,12,48,12,84,4.04,7.04
400,port,75,L3_10_03,2,25,23,1,33,31,1,0,1,23,142,23,211,6.18,9.18
400,port,75,L3_10_03,3,18,20,1,31,28,2,0,1,20,140,20,200,6.98,9.98
400,port,75,L3_10_03,4,31,31,1,40,40,0,0,0,31,190,31,283,6.12,9.12
400,port,11,L1_11,0,51,53,3,26,20,5,0,1,53,176,53,335,3.33,6.33
400,port,11,L1_11,1,97,97,4,34,33,1,0,0,97,531,97,822,5.47,8.47
400,port,11,L1_11,2,143,141,6,43,43,0,0,1,141,1072,141,1495,7.6,10.6
400,port,11,L1_11,3,355,357,36,100,100,0,0,48,357,18935,357,20006,53.04,56.04
400,port,11,L1_11,4,176,176,7,50,50,0,0,0,176,1329,176,1857,7.55,10.55
400,port,27,L2_11,0,82,80,4,31,28,2,0,1,80,498,80,738,6.22,9.22
400,port,27,L2_11,1,70,71,4,29,25,3,0,1,71,286,71,499,4.03,7.03
400,port,27,L2_11,2,116,115,5,38,38,0,0,0,115,708,115,1053,6.16,9.16
400,port,27,L2_11,3,162,159,6,47,47,0,0,1,159,1320,159,1797,8.3,11.3
400,port,27,L2_11,4,202,203,8,56,56,0,0,3,203,1510,203,2119,7.44,10.44
400,port,27,L2_11,5,195,194,7,54,54,0,0,1,194,1599,194,2181,8.24,11.24
400,port,76,L3_11_00,0,50,51,2,56,56,0,0,3,51,392,51,545,7.69,10.69
400,port,76,L3_11_00,1,18,17,1,29,24,5,0,0,17,91,17,142,5.33,8.33
400,port,76,L3_11_00,2,31,28,1,38,38,0,0,1,28,209,28,293,7.46,10.46
400,port,76,L3_11_00,3,38,39,2,46,46,0,0,0,39,257,39,374,6.6,9.6
400,port,76,L3_11_00,4,38,37,1,45,45,0,0,1,37,274,37,385,7.41,10.41
400,port,77,L3_11_01,0,24,25,1,35,34,0,0,2,25,123,25,198,4.92,7.92
400,port,77,L3_11_01,1,24,23,1,33,31,2,0,0,23,132,23,201,5.73,8.73
400,port,77,L3_11_01,2,37,34,1,42,42,0,0,1,34,267,34,369,7.86,10.86
400,port,77,L3_11_01,3,44,45,2,51,51,0,0,2,45,315,45,450,7,10
400,port,77,L3_11_01,4,12,11,1,24,17,7,0,0,11,51,11,84,4.64,7.64
400,port,78,L3_11_02,0,31,31,1,39,39,0,0,0,31,193,31,286,6.21,9.21
400,port,78,L3_11_02,1,44,42,2,48,48,0,0,1,42,351,42,477,8.35,11.35
400,port,78,L3_11_02,2,37,39,2,46,46,0,0,2,39,240,39,357,6.15,9.15
400,port,78,L3_11_02,3,51,50,2,55,55,0,0,1,50,414,50,565,8.29,11.29
400,port,78,L3_11_02,4,19,16,1,28,23,4,0,1,16,95,16,143,5.93,8.93
400,port,79,L3_11_03,0,38,36,1,44,44,0,0,1,36,270,36,378,7.5,10.5
400,port,79,L3_11_03,1,45,47,2,53,53,0,0,2,47,453,47,594,9.64,12.64
400,port,79,L3_11_03,2,13,13,1,25,19,6,0,0,13,56,13,95,4.27,7.27
400,port,79,L3_11_03,3,13,11,1,24,17,6,0,1,11,56,11,89,5.08,8.08
400,port,79,L3_11_03,4,20,22,1,32,30,1,0,1,22,93,22,159,4.22,7.22
400,port,12,L1_12,0,128,128,5,41,41,0,0,0,128,762,128,1146,5.95,8.95
400,port,12,L1_12,1,121,119,5,39,39,0,0,1,119,803,119,1160,6.75,9.75
400,port,12,L1_12,2,161,163,6,48,48,0,0,2,163,1449,163,1938,8.89,11.89
400,port,12,L1_12,3,207,207,8,56,56,0,0,0,207,1662,207,2283,8.03,11.03
400,port,12,L1_12,4,73,71,4,29,25,3,0,1,71,403,71,616,5.67,8.67
400,port,28,L2_12,0,100,102,5,35,34,0,0,1,102,766,102,1072,7.51,10.51
400,port,28,L2_12,1,146,146,6,44,44,0,0,0,146,971,146,1409,6.65,9.65
400,port,28,L2_12,2,139,137,6,42,42,0,0,1,137,1021,137,1432,7.45,10.45
400,port,28,L2_12,3,179,181,7,51,51,0,0,2,181,1193,181,1736,6.59,9.59
400,port,28,L2_12,4,45,45,3,24,17,7,0,0,45,190,45,325,4.23,7.23
400,port,28,L2_12,5,218,216,8,58,58,0,0,1,216,2058,216,2706,9.53,12.53
400,port,80,L3_12_00,0,45,42,2,48,48,0,0,2,42,369,42,495,8.79,11.79
400,port,80,L3_12_00,1,52,53,2,57,57,0,0,0,53,420,53,579,7.92,10.92
400,port,80,L3_12_00,2,20,19,1,30,27,2,0,1,19,106,19,163,5.56,8.56
400,port,80,L3_12_00,3,19,16,1,28,23,4,0,1,16,102,16,150,6.37,9.37
400,port,80,L3_12_00,4,27,27,1,37,36,1,0,0,27,149,27,230,5.5,8.5
400,port,81,L3_12_01,0,50,47,2,53,53,0,0,2,47,432,47,573,9.19,12.19
400,port,81,L3_12_01,1,12,13,1,26,20,5,0,1,13,50,13,89,3.83,6.83
400,port,81,L3_12_01,2,25,24,1,34,33,0,0,1,24,143,24,215,5.96,8.96
400,port,81,L3_12_01,3,38,35,1,43,43,0,0,1,35,284,35,389,8.1,11.1
400,port,81,L3_12_01,4,32,33,1,41,41,0,0,2,33,195,33,294,5.91,8.91
400,port,82,L3_12_02,0,19,21,1,32,29,2,0,1,21,91,21,154,4.31,7.31
400,port,82,L3_12_02,1,20,19,1,30,27,3,0,0,19,97,19,154,5.11,8.11
400,port,82,L3_12_02,2,33,30,1,39,39,0,0,1,30,218,30,308,7.25,10.25
400,port,82,L3_12_02,3,40,41,2,48,48,0,0,2,41,262,41,385,6.39,9.39
400,port,82,L3_12_02,4,53,52,2,56,56,0,0,1,52,444,52,600,8.53,11.53
400,port,83,L3_12_03,0,27,27,1,36,36,0,0,0,27,151,27,232,5.6,8.6
400,port,83,L3_12_03,1,40,38,1,45,45,0,0,1,38,294,38,408,7.73,10.73
400,port,83,L3_12_03,2,33,35,1,43,43,0,0,2,35,194,35,299,5.54,8.54
400,port,83,L3_12_03,3,46,46,2,52,52,0,0,0,46,353,46,491,7.68,10.68
400,port,83,L3_12_03,4,14,12,1,25,18,6,0,1,12,64,12,100,5.31,8.31
400,port,13,L1_13,0,151,150,6,45,45,0,0,1,150,1086,150,1536,7.24,10.24
400,port,13,L1_13,1,144,141,6,43,43,0,0,1,141,1134,141,1557,8.04,11.04
400,port,13,L1_13,2,184,185,7,52,52,0,0,3,185,1328,185,1883,7.18,10.18
400,port,13,L1_13,3,50,49,3,25,19,6,0,0,49,236,49,383,4.82,7.82
400,port,13,L1_13,4,96,93,4,34,32,1,0,1,93,647,93,926,6.96,9.96
400,port,29,L2_13,0,123,124,5,40,40,0,0,0,124,719,124,1091,5.8,8.8
400,port,29,L2_13,1,170,169,6,49,49,0,0,1,169,1342,169,1849,7.94,10.94
400,port,29,L2_13,2,163,159,6,47,47,0,0,2,159,1390,159,1867,8.74,11.74
400,port,29,L2_13,3,203,203,8,56,56,0,0,0,203,1600,203,2209,7.88,10.88
400,port,29,L2_13,4,70,68,3,29,24,4,0,1,68,375,68,579,5.52,8.52
400,port,29,L2_13,5,110,112,5,37,37,0,0,1,112,857,112,1193,7.65,10.65
400,port,84,L3_13_00,0,33,32,1,41,41,0,0,1,32,220,32,316,6.88,9.88
400,port,84,L3_13_00,1,46,43,2,49,49,0,0,2,43,388,43,517,9.02,12.02
400,port,84,L3_13_00,2,54,54,2,58,58,0,0,0,54,441,54,603,8.16,11.16
400,port,84,L3_13_00,3,54,52,2,56,56,0,0,1,52,466,52,622,8.97,11.97
400,port,84,L3_13_00,4,16,18,1,29,25,3,0,1,18,119,18,173,6.6,9.6
400,port,85,L3_13_01,0,39,38,1,45,45,0,0,1,38,277,38,391,7.29,10.29
400,port,85,L3_13_01,1,52,49,2,54,54,0,0,2,49,462,49,609,9.42,12.42
400,port,85,L3_13_01,2,14,15,1,27,22,4,0,1,15,61,15,106,4.06,7.06
400,port,85,L3_13_01,3,13,12,1,25,18,7,0,0,12,58,12,94,4.87,7.87
400,port,85,L3_13_01,4,26,23,1,34,32,1,0,1,23,161,23,230,7,10
400,port,86,L3_13_02,0,46,43,2,49,49,0,0,1,43,369,43,498,8.57,11.57
400,port,86,L3_13_02,1,53,54,2,58,58,0,0,3,54,416,54,578,7.71,10.71
400,port,86,L3_13_02,2,21,20,1,31,28,3,0,0,20,107,20,167,5.35,8.35
400,port,86,L3_13_02,3,34,31,1,40,40,0,0,1,31,232,31,325,7.49,10.49
400,port,86,L3_13_02,4,28,29,1,38,38,0,0,2,29,153,29,240,5.29,8.29
400,port,87,L3_13_03,0,15,17,1,29,24,4,0,1,17,114,17,165,6.69,9.69
400,port,87,L3_13_03,1,15,15,1,27,22,5,0,0,15,68,15,113,4.5,7.5
400,port,87,L3_13_03,2,28,26,1,36,35,0,0,1,26,173,26,251,6.64,9.64
400,port,87,L3_13_03,3,35,37,1,44,44,0,0,2,37,214,37,325,5.78,8.78
400,port,87,L3_13_03,4,48,48,2,53,53,0,0,0,48,380,48,524,7.91,10.91
400,port,14,L1_14,0,174,172,7,49,49,0,0,1,172,1467,172,1983,8.53,11.53
400,port,14,L1_14,1,216,217,8,58,58,0,0,3,217,1662,217,2313,7.66,10.66
400,port,14,L1_14,2,208,207,8,56,56,0,0,1,207,1753,207,2374,8.47,11.47
400,port,14,L1_14,3,75,72,4,29,25,3,0,1,72,440,72,656,6.11,9.11
400,port,14,L1_14,4,115,116,5,38,38,0,0,2,116,608,116,956,5.24,8.24
400,port,30,L2_14,0,318,319,35,94,94,0,0,45,319,16748,319,17705,52.5,55.5
400,port,30,L2_14,1,192,191,7,53,53,0,0,1,191,1593,191,2166,8.34,11.34
400,port,30,L2_14,2,58,55,3,26,20,5,0,1,55,328,55,493,5.97,8.97
400,port,30,L2_14,3,45,46,3,24,18,5,0,1,46,174,46,312,3.78,6.78
400,port,30,L2_14,4,91,90,4,33,31,1,0,1,90,533,90,803,5.92,8.92
400,port,30,L2_14,5,137,134,5,42,42,0,0,1,134,1079,134,1481,8.05,11.05
400,port,88,L3_14_00,0,22,23,1,33,31,2,0,0,23,115,23,184,4.98,7.98
400,port,88,L3_14_00,1,36,34,1,42,42,0,0,1,34,242,34,344,7.12,10.12
400,port,88,L3_14_00,2,29,31,1,40,40,0,0,1,31,246,31,339,7.93,10.93
400,port,88,L3_14_00,3,42,42,2,49,49,0,0,0,42,297,42,423,7.06,10.06
400,port,88,L3_14_00,4,55,53,2,58,58,0,0,1,53,488,53,647,9.2,12.2
400,port,89,L3_14_01,0,27,28,1,37,37,0,0,2,28,151,28,235,5.38,8.38
400,port,89,L3_14_01,1,40,39,2,46,46,0,0,1,39,293,39,410,7.52,10.52
400,port,89,L3_14_01,2,53,50,2,55,55,0,0,2,50,483,50,633,9.66,12.66
400,port,89,L3_14_01,3,47,48,2,53,53,0,0,0,48,358,48,502,7.46,10.46
400,port,89,L3_14_01,4,15,14,1,26,21,5,0,0,14,71,14,113,5.1,8.1
400,port,90,L3_14_02,0,35,34,1,42,42,0,0,0,34,227,34,329,6.67,9.67
400,port,90,L3_14_02,1,48,45,2,51,51,0,0,1,45,396,45,531,8.81,11.81
400,port,90,L3_14_02,2,10,11,1,24,17,6,0,1,11,38,11,71,3.45,6.45
400,port,90,L3_14_02,3,54,53,2,58,58,0,0,1,53,464,53,623,8.75,11.75
400,port,90,L3_14_02,4,22,19,1,30,27,2,0,1,19,121,19,178,6.39,9.39
400,port,91,L3_14_03,0,41,39,2,46,46,0,0,1,39,310,39,427,7.96,10.96
400,port,91,L3_14_03,1,48,50,2,55,55,0,0,2,50,355,50,505,7.1,10.1
400,port,91,L3_14_03,2,16,16,1,28,23,5,0,0,16,76,16,124,4.74,7.74
400,port,91,L3_14_03,3,29,27,1,37,36,0,0,1,27,185,27,266,6.87,9.87
400,port,91,L3_14_03,4,23,25,1,35,34,0,0,1,25,117,25,192,4.68,7.68
400,port,15,L1_15,0,197,195,7,54,54,0,0,1,195,1741,195,2326,8.93,11.93
400,port,15,L1_15,1,57,59,3,27,22,4,0,1,59,210,59,387,3.56,6.56
400,port,15,L1_15,2,103,103,5,36,35,1,0,0,103,587,103,896,5.7,8.7
400,port,15,L1_15,3,96,94,4,34,32,1,0,1,94,612,94,894,6.51,9.51
400,port,15,L1_15,4,136,138,6,43,43,0,0,2,138,778,138,1192,5.64,8.64
400,port,31,L2_15,0,170,169,7,49,49,0,0,1,169,1266,169,1773,7.49,10.49
400,port,31,L2_15,1,216,213,8,58,58,0,0,2,213,2049,213,2688,9.62,12.62
400,port,31,L2_15,2,76,77,4,30,27,2,0,1,77,328,77,559,4.26,7.26
400,port,31,L2_15,3,122,121,5,39,39,0,0,0,121,774,121,1137,6.4,9.4
400,port,31,L2_15,4,115,112,5,37,37,0,0,1,112,806,112,1142,7.2,10.2
400,port,31,L2_15,5,155,156,6,46,46,0,0,2,156,989,156,1457,6.34,9.34
400,port,92,L3_15_00,0,15,13,1,25,19,5,0,1,13,67,13,106,5.19,8.19
400,port,92,L3_15_00,1,9,11,1,24,17,6,0,1,11,66,11,99,6,9
400,port,92,L3_15_00,2,22,22,1,32,30,2,0,0,22,113,22,179,5.14,8.14
400,port,92,L3_15_00,3,35,33,1,41,41,0,0,1,33,240,33,339,7.27,10.27
400,port,92,L3_15_00,4,42,44,2,50,50,0,0,2,44,282,44,414,6.41,9.41
400,port,93,L3_15_01,0,22,19,1,30,27,2,0,1,19,123,19,180,6.48,9.48
400,port,93,L3_15_01,1,29,30,1,39,39,0,0,0,30,169,30,259,5.62,8.62
400,port,93,L3_15_01,2,28,27,1,37,36,0,0,1,27,173,27,254,6.42,9.42
400,port,93,L3_15_01,3,41,38,2,46,46,0,0,2,38,325,38,439,8.56,11.56
400,port,93,L3_15_01,4,49,49,2,54,54,0,0,0,49,377,49,524,7.7,10.7
400,port,94,L3_15_02,0,23,24,1,34,33,0,0,2,24,114,24,186,4.77,7.77
400,port,94,L3_15_02,1,36,35,1,43,43,0,0,1,35,242,35,347,6.91,9.91
400,port,94,L3_15_02,2,49,46,2,52,52,0,0,2,46,416,46,554,9.05,12.05
400,port,94,L3_15_02,3,43,44,2,50,50,0,0,2,44,301,44,433,6.85,9.85
400,port,94,L3_15_02,4,56,55,2,59,59,0,0,1,55,494,55,659,8.99,11.99
400,port,95,L3_15_03,0,30,30,1,39,39,0,0,0,30,182,30,272,6.06,9.06
400,port,95,L3_15_03,1,43,41,2,47,47,0,0,1,41,336,41,459,8.2,11.2
400,port,95,L3_15_03,2,50,52,2,56,56,0,0,2,52,381,52,537,7.33,10.33
400,port,95,L3_15_03,3,18,18,1,29,25,4,0,0,18,89,18,143,4.97,7.97
400,port,95,L3_15_03,4,18,15,1,27,22,4,0,1,15,87,15,132,5.78,8.78
500,router,0,L1_00,-1,43,37,0,0,0,0,0,0,0,0,0,0,5.94,5.94
500,router,16,L2_00,-1,26,23,0,0,0,0,0,0,0,0,0,0,4.89,4.89
500,shim,96,SHIM_00_00,-1,1,6,0,0,0,0,19,0,0,0,0,0,6.42,6.42
500,router,32,L3_00_00,-1,14,14,3,0,0,0,0,0,0,0,0,0,8.93,8.93
500,shim,97,SHIM_00_01,-1,7,9,0,0,0,0,4,0,0,0,0,0,7.4,7.4
500,router,33,L3_00_01,-1,7,4,5,0,0,0,0,0,0,0,0,0,6.65,6.65
500,shim,98,SHIM_00_02,-1,1,0,1,0,0,0,9,3,0,0,0,0,6.22,6.22
500,router,34,L3_00_02,-1,5,3,4,0,0,0,0,0,0,0,0,0,6.07,6.07
500,shim,99,SHIM_00_03,-1,7,3,0,0,0,0,14,34,0,0,0,0,5.36,5.36
500,router,35,L3_00_03,-1,12,7,0,0,0,0,0,0,0,0,0,0,5.59,5.59
500,router,1,L1_01,-1,37,40,5,0,0,0,0,0,0,0,0,0,7.38,7.38
500,router,17,L2_01,-1,32,26,0,0,0,0,0,0,0,0,0,0,5.87,5.87
500,shim,100,SHIM_01_00,-1,6,2,0,0,0,0,13,27,0,0,0,0,5.16,5.16
500,router,36,L3_01_00,-1,6,10,1,0,0,0,0,0,0,0,0,0,6.93,6.93
500,shim,101,SHIM_01_01,-1,12,5,0,0,0,0,18,58,0,0,0,0,6.14,6.14
500,router,37,L3_01_01,-1,12,13,2,0,0,0,0,0,0,0,0,0,8.28,8.28
500,shim,102,SHIM_01_02,-1,6,9,0,0,0,0,3,0,0,0,0,0,7.12,7.12
500,router,38,L3_01_02,-1,10,12,2,0,0,0,0,0,0,0,0,0,8.08,8.08
500,shim,103,SHIM_01_03,-1,0,0,1,0,0,0,8,0,0,0,0,0,5.93,5.93
500,router,39,L3_01_03,-1,3,2,4,0,0,0,0,0,0,0,0,0,5.79,5.79
500,router,2,L1_02,-1,30,30,12,0,0,0,0,0,0,0,0,0,9,9
500,router,18,L2_02,-1,27,30,6,0,0,0,0,0,0,0,0,0,7.31,7.31
500,shim,104,SHIM_02_00,-1,0,0,1,0,0,0,7,0,0,0,0,0,9.73,9.73
500,router,40,L3_02_00,-1,10,6,0,0,0,0,0,0,0,0,0,0,5.3,5.3
500,shim,105,SHIM_02_01,-1,4,1,0,0,0,0,12,19,0,0,0,0,4.88,4.88
500,router,41,L3_02_01,-1,16,9,0,0,0,0,0,0,0,0,0,0,6.28,6.28
500,shim,106,SHIM_02_02,-1,10,4,0,0,0,0,16,49,0,0,0,0,5.86,5.86
500,router,42,L3_02_02,-1,14,8,0,0,0,0,0,0,0,0,0,0,6.08,6.08
500,shim,107,SHIM_02_03,-1,5,8,0,0,0,0,1,0,0,0,0,0,6.84,6.84
500,router,43,L3_02_03,-1,8,11,2,0,0,0,0,0,0,0,0,0,7.79,7.79
500,router,3,L1_03,-1,41,42,11,0,0,0,0,0,0,0,0,0,8.71,8.71
500,router,19,L2_03,-1,25,29,4,0,0,0,0,0,0,0,0,0,6.95,6.95
500,shim,108,SHIM_03_00,-1,3,7,0,0,0,0,0,0,0,0,0,0,6.63,6.63
500,router,44,L3_03_00,-1,2,2,3,0,0,0,0,0,0,0,0,0,5.14,5.14
500,shim,109,SHIM_03_01,-1,9,10,1,0,0,0,5,0,0,0,0,0,9.45,9.45
500,router,45,L3_03_01,-1,8,5,0,0,0,0,0,0,0,0,0,0,5.02,5.02
500,shim,110,SHIM_03_02,-1,2,0,1,0,0,0,10,10,0,0,0,0,6.43,6.43
500,router,46,L3_03_02,-1,7,4,5,0,0,0,0,0,0,0,0,0,6.65,6.65
500,shim,111,SHIM_03_03,-1,8,3,0,0,0,0,15,40,0,0,0,0,5.57,5.57
500,router,47,L3_03_03,-1,13,7,0,0,0,0,0,0,0,0,0,0,5.8,5.8
500,router,4,L1_04,-1,35,33,18,0,0,0,0,0,0,0,0,0,6.33,6.33
500,router,20,L2_04,-1,31,32,13,0,0,0,0,0,0,0,0,0,8.62,8.62
500,shim,112,SHIM_04_00,-1,7,3,0,0,0,0,14,34,0,0,0,0,5.37,5.37
500,router,48,L3_04_00,-1,6,10,1,0,0,0,0,0,0,0,0,0,7.14,7.14
500,shim,113,SHIM_04_01,-1,13,6,0,0,0,0,19,0,0,0,0,0,6.35,6.35
500,router,49,L3_04_01,-1,13,14,3,0,0,0,0,0,0,0,0,0,8.86,8.86
500,shim,114,SHIM_04_02,-1,7,9,0,0,0,0,4,0,0,0,0,0,7.33,7.33
500,router,50,L3_04_02,-1,12,13,2,0,0,0,0,0,0,0,0,0,8.29,8.29
500,shim,115,SHIM_04_03,-1,1,0,1,0,0,0,9,1,0,0,0,0,6.14,6.14
500,router,51,L3_04_03,-1,5,3,4,0,0,0,0,0,0,0,0,0,6,6
500,router,5,L1_05,-1,41,36,0,0,0,0,0,0,0,0,0,0,5.66,5.66
500,router,21,L2_05,-1,24,22,21,0,0,0,0,0,0,0,0,0,6.21,6.21
500,shim,116,SHIM_05_00,-1,0,0,1,0,0,0,8,0,0,0,0,0,5.94,5.94
500,router,52,L3_05_00,-1,11,6,0,0,0,0,0,0,0,0,0,0,5.51,5.51
500,shim,117,SHIM_05_01,-1,5,2,0,0,0,0,13,25,0,0,0,0,5.08,5.08
500,router,53,L3_05_01,-1,5,9,1,0,0,0,0,0,0,0,0,0,6.86,6.86
500,shim,118,SHIM_05_02,-1,11,5,0,0,0,0,18,56,0,0,0,0,6.06,6.06
500,router,54,L3_05_02,-1,16,9,0,0,0,0,0,0,0,0,0,0,6.29,6.29
500,shim,119,SHIM_05_03,-1,5,8,0,0,0,0,2,0,0,0,0,0,7.04,7.04
500,router,55,L3_05_03,-1,10,12,2,0,0,0,0,0,0,0,0,0,8,8
500,router,6,L1_06,-1,35,39,3,0,0,0,0,0,0,0,0,0,6.92,6.92
500,router,22,L2_06,-1,23,22,19,0,0,0,0,0,0,0,0,0,5.85,5.85
500,shim,120,SHIM_06_00,-1,5,8,0,0,0,0,1,0,0,0,0,0,6.84,6.84
500,router,56,L3_06_00,-1,3,2,4,0,0,0,0,0,0,0,0,0,5.71,5.71
500,shim,121,SHIM_06_01,-1,11,11,1,0,0,0,6,0,0,0,0,0,9.65,9.65
500,router,57,L3_06_01,-1,2,2,3,0,0,0,0,0,0,0,0,0,5.14,5.14
500,shim,122,SHIM_06_02,-1,4,1,1,0,0,0,11,16,0,0,0,0,6.63,6.63
500,router,58,L3_06_02,-1,8,5,0,0,0,0,0,0,0,0,0,0,5.02,5.02
500,shim,123,SHIM_06_03,-1,9,4,0,0,0,0,16,47,0,0,0,0,5.78,5.78
500,router,59,L3_06_03,-1,14,8,0,0,0,0,0,0,0,0,0,0,6,6
500,router,7,L1_07,-1,67,72,83,0,0,0,0,10,0,0,0,0,14.04,14.04
500,router,23,L2_07,-1,29,25,0,0,0,0,0,0,0,0,0,0,5.38,5.38
500,shim,124,SHIM_07_00,-1,9,4,0,0,0,0,15,40,0,0,0,0,5.58,5.58
500,router,60,L3_07_00,-1,8,11,1,0,0,0,0,0,0,0,0,0,7.35,7.35
500,shim,125,SHIM_07_01,-1,3,7,0,0,0,0,20,0,0,0,0,0,6.56,6.56
500,router,61,L3_07_01,-1,6,10,1,0,0,0,0,0,0,0,0,0,7.15,7.15
500,shim,126,SHIM_07_02,-1,9,10,0,0,0,0,5,0,0,0,0,0,7.54,7.54
500,router,62,L3_07_02,-1,13,14,3,0,0,0,0,0,0,0,0,0,8.86,8.86
500,shim,127,SHIM_07_03,-1,2,0,1,0,0,0,10,7,0,0,0,0,6.35,6.35
500,router,63,L3_07_03,-1,6,4,5,0,0,0,0,0,0,0,0,0,6.57,6.57
500,router,8,L1_08,-1,39,41,9,0,0,0,0,0,0,0,0,0,8.24,8.24
500,router,24,L2_08,-1,23,28,2,0,0,0,0,0,0,0,0,0,6.51,6.51
500,shim,128,SHIM_08_00,-1,1,0,1,0,0,0,9,1,0,0,0,0,6.15,6.15
500,router,64,L3_08_00,-1,12,7,0,0,0,0,0,0,0,0,0,0,5.72,5.72
500,shim,129,SHIM_08_01,-1,7,3,0,0,0,0,14,32,0,0,0,0,5.29,5.29
500,router,65,L3_08_01,-1,11,6,0,0,0,0,0,0,0,0,0,0,5.52,5.52
500,shim,130,SHIM_08_02,-1,13,6,0,0,0,0,19,62,0,0,0,0,6.27,6.27
500,router,66,L3_08_02,-1,6,10,1,0,0,0,0,0,0,0,0,0,6.86,6.86
500,shim,131,SHIM_08_03,-1,11,5,0,0,0,0,18,56,0,0,0,0,6.07,6.07
500,router,67,L3_08_03,-1,12,13,2,0,0,0,0,0,0,0,0,0,8.21,8.21
500,router,9,L1_09,-1,33,32,16,0,0,0,0,0,0,0,0,0,5.86,5.86
500,router,25,L2_09,-1,29,31,10,0,0,0,0,0,0,0,0,0,8.1,8.1
500,shim,132,SHIM_09_00,-1,5,8,0,0,0,0,2,0,0,0,0,0,7.05,7.05
500,router,68,L3_09_00,-1,4,3,4,0,0,0,0,0,0,0,0,0,5.92,5.92
500,shim,133,SHIM_09_01,-1,0,0,1,0,0,0,7,0,0,0,0,0,5.86,5.86
500,router,69,L3_09_01,-1,3,2,4,0,0,0,0,0,0,0,0,0,5.72,5.72
500,shim,134,SHIM_09_02,-1,5,2,0,0,0,0,12,23,0,0,0,0,5.01,5.01
500,router,70,L3_09_02,-1,9,5,0,0,0,0,0,0,0,0,0,0,5.23,5.23
500,shim,135,SHIM_09_03,-1,4,1,1,0,0,0,11,16,0,0,0,0,6.64,6.64
500,router,71,L3_09_03,-1,16,9,0,0,0,0,0,0,0,0,0,0,6.21,6.21
500,router,10,L1_10,-1,39,35,0,0,0,0,0,0,0,0,0,0,5.38,5.38
500,router,26,L2_10,-1,29,31,8,0,0,0,0,0,0,0,0,0,7.75,7.75
500,shim,136,SHIM_10_00,-1,9,4,0,0,0,0,16,47,0,0,0,0,5.78,5.78
500,router,72,L3_10_00,-1,10,12,2,0,0,0,0,0,0,0,0,0,7.93,7.93
500,shim,137,SHIM_10_01,-1,3,7,0,0,0,0,1,0,0,0,0,0,6.76,6.76
500,router,73,L3_10_01,-1,8,11,1,0,0,0,0,0,0,0,0,0,7.35,7.35
500,shim,138,SHIM_10_02,-1,10,11,1,0,0,0,6,0,0,0,0,0,9.58,9.58
500,router,74,L3_10_02,-1,1,1,3,0,0,0,0,0,0,0,0,0,9.07,9.07
500,shim,139,SHIM_10_03,-1,9,10,0,0,0,0,5,0,0,0,0,0,7.54,7.54
500,router,75,L3_10_03,-1,7,4,0,0,0,0,0,0,0,0,0,0,4.95,4.95
500,router,11,L1_11,-1,72,68,74,0,0,0,0,10,0,0,0,0,11.96,11.96
500,router,27,L2_11,-1,21,21,17,0,0,0,0,0,0,0,0,0,5.41,5.41
500,shim,140,SHIM_11_00,-1,2,0,1,0,0,0,10,8,0,0,0,0,6.35,6.35
500,router,76,L3_11_00,-1,14,8,0,0,0,0,0,0,0,0,0,0,5.93,5.93
500,shim,141,SHIM_11_01,-1,8,3,0,0,0,0,15,38,0,0,0,0,5.5,5.5
500,router,77,L3_11_01,-1,12,7,0,0,0,0,0,0,0,0,0,0,5.72,5.72
500,shim,142,SHIM_11_02,-1,2,6,0,0,0,0,20,0,0,0,0,0,6.48,6.48
500,router,78,L3_11_02,-1,6,10,1,0,0,0,0,0,0,0,0,0,7.07,7.07
500,shim,143,SHIM_11_03,-1,13,6,0,0,0,0,19,62,0,0,0,0,6.28,6.28
500,router,79,L3_11_03,-1,12,13,3,0,0,0,0,0,0,0,0,0,8.78,8.78
500,router,12,L1_12,-1,44,37,0,0,0,0,0,0,0,0,0,0,6.15,6.15
500,router,28,L2_12,-1,27,24,0,0,0,0,0,0,0,0,0,0,5.1,5.1
500,shim,144,SHIM_12_00,-1,7,9,0,0,0,0,3,0,0,0,0,0,7.26,7.26
500,router,80,L3_12_00,-1,6,4,4,0,0,0,0,0,0,0,0,0,6.13,6.13
500,shim,145,SHIM_12_01,-1,1,0,1,0,0,0,8,0,0,0,0,0,6.07,6.07
500,router,81,L3_12_01,-1,5,3,4,0,0,0,0,0,0,0,0,0,5.93,5.93
500,shim,146,SHIM_12_02,-1,6,2,0,0,0,0,13,29,0,0,0,0,5.22,5.22
500,router,82,L3_12_02,-1,10,6,0,0,0,0,0,0,0,0,0,0,5.44,5.44
500,shim,147,SHIM_12_03,-1,5,2,0,0,0,0,12,23,0,0,0,0,5.01,5.01
500,router,83,L3_12_03,-1,4,9,0,0,0,0,0,0,0,0,0,0,6.42,6.42
500,router,13,L1_13,-1,39,41,7,0,0,0,0,0,0,0,0,0,7.77,7.77
500,router,29,L2_13,-1,33,27,0,0,0,0,0,0,0,0,0,0,6.08,6.08
500,shim,148,SHIM_13_00,-1,11,5,0,0,0,0,17,54,0,0,0,0,5.99,5.99
500,router,84,L3_13_00,-1,10,12,2,0,0,0,0,0,0,0,0,0,8.13,8.13
500,shim,149,SHIM_13_01,-1,5,8,0,0,0,0,2,0,0,0,0,0,6.97,6.97
500,router,85,L3_13_01,-1,10,12,2,0,0,0,0,0,0,0,0,0,7.93,7.93
500,shim,150,SHIM_13_02,-1,0,0,1,0,0,0,7,0,0,0,0,0,9.79,9.79
500,router,86,L3_13_02,-1,3,2,4,0,0,0,0,0,0,0,0,0,5.64,5.64
500,shim,151,SHIM_13_03,-1,10,11,1,0,0,0,6,0,0,0,0,0,9.58,9.58
500,router,87,L3_13_03,-1,9,5,0,0,0,0,0,0,0,0,0,0,5.16,5.16
500,router,14,L1_14,-1,31,31,14,0,0,0,0,0,0,0,0,0,5.4,5.4
500,router,30,L2_14,-1,66,60,95,0,0,0,0,10,0,0,0,0,13.13,13.13
500,shim,152,SHIM_14_00,-1,3,1,1,0,0,0,11,14,0,0,0,0,6.56,6.56
500,router,88,L3_14_00,-1,15,8,0,0,0,0,0,0,0,0,0,0,6.14,6.14
500,shim,153,SHIM_14_01,-1,9,4,0,0,0,0,16,45,0,0,0,0,5.71,5.71
500,router,89,L3_14_01,-1,14,8,0,0,0,0,0,0,0,0,0,0,5.93,5.93
500,shim,154,SHIM_14_02,-1,3,7,0,0,0,0,1,0,0,0,0,0,6.69,6.69
500,router,90,L3_14_02,-1,8,11,1,0,0,0,0,0,0,0,0,0,7.28,7.28
500,shim,155,SHIM_14_03,-1,2,6,0,0,0,0,20,0,0,0,0,0,6.48,6.48
500,router,91,L3_14_03,-1,1,1,3,0,0,0,0,0,0,0,0,0,8.99,8.99
500,router,15,L1_15,-1,30,30,12,0,0,0,0,0,0,0,0,0,9.01,9.01
500,router,31,L2_15,-1,27,30,6,0,0,0,0,0,0,0,0,0,7.31,7.31
500,shim,156,SHIM_15_00,-1,9,10,0,0,0,0,5,0,0,0,0,0,7.46,7.46
500,router,92,L3_15_00,-1,12,13,3,0,0,0,0,0,0,0,0,0,8.79,8.79
500,shim,157,SHIM_15_01,-1,1,0,1,0,0,0,9,5,0,0,0,0,6.28,6.28
500,router,93,L3_15_01,-1,6,4,4,0,0,0,0,0,0,0,0,0,6.13,6.13
500,shim,158,SHIM_15_02,-1,7,3,0,0,0,0,14,36,0,0,0,0,5.42,5.42
500,router,94,L3_15_02,-1,12,7,0,0,0,0,0,0,0,0,0,0,5.65,5.65
500,shim,159,SHIM_15_03,-1,6,2,0,0,0,0,13,29,0,0,0,0,5.22,5.22
500,router,95,L3_15_03,-1,6,10,1,0,0,0,0,0,0,0,0,0,6.99,6.99
500,endpoint,320,LLCH_00,-1,39,39,0,0,0,0,0,0,0,0,0,0,8.12,8.12
500,endpoint,324,LLCH_01,-1,52,52,0,0,0,0,0,0,0,0,0,0,7.17,7.17
500,endpoint,328,LLCH_02,-1,46,46,0,0,0,0,0,0,0,0,0,0,9.23,9.23
500,endpoint,332,LLCH_03,-1,40,40,0,0,0,0,0,0,0,0,0,0,8.28,8.28
500,endpoint,336,LLCH_04,-1,35,35,0,0,0,0,0,0,0,0,0,0,7.33,7.33
500,endpoint,340,LLCH_05,-1,47,47,0,0,0,0,0,0,0,0,0,0,9.38,9.38
500,endpoint,344,LLCH_06,-1,41,41,0,0,0,0,0,0,0,0,0,0,8.43,8.43
500,endpoint,348,LLCH_07,-1,36,36,0,0,0,0,0,0,0,0,0,0,7.49,7.49
500,endpoint,352,LLCH_08,-1,48,48,0,0,0,0,0,0,0,0,0,0,9.54,9.54
500,endpoint,356,LLCH_09,-1,42,42,0,0,0,0,0,0,0,0,0,0,8.59,8.59
500,endpoint,360,LLCH_10,-1,37,37,0,0,0,0,0,0,0,0,0,0,7.64,7.64
500,endpoint,364,LLCH_11,-1,49,49,0,0,0,0,0,0,0,0,0,0,9.69,9.69
500,endpoint,368,LLCH_12,-1,43,43,0,0,0,0,0,0,0,0,0,0,8.75,8.75
500,endpoint,372,LLCH_13,-1,38,38,0,0,0,0,0,0,0,0,0,0,7.8,7.8
500,endpoint,376,LLCH_14,-1,50,50,0,0,0,0,0,0,0,0,0,0,9.85,9.85
500,endpoint,380,LLCH_15,-1,39,39,0,0,0,0,0,0,0,0,0,0,8.01,8.01
500,port,0,L1_00,0,155,153,6,46,46,0,0,1,153,1210,153,1669,7.91,10.91
500,port,0,L1_00,1,195,197,7,54,54,0,0,2,197,1387,197,1978,7.04,10.04
500,port,0,L1_00,2,61,61,3,27,22,5,0,0,61,285,61,468,4.68,7.68
500,port,0,L1_00,3,54,52,3,25,19,5,0,1,52,285,52,441,5.49,8.49
500,port,0,L1_00,4,94,96,4,34,33,0,0,1,96,444,96,732,4.62,7.62
500,port,16,L2_00,0,128,127,5,40,40,0,0,0,127,822,127,1203,6.47,9.47
500,port,16,L2_00,1,174,171,7,49,49,0,0,1,171,1471,171,1984,8.6,11.6
500,port,16,L2_00,2,214,215,8,58,58,0,0,3,215,1664,215,2309,7.74,10.74
500,port,16,L2_00,3,80,79,4,31,28,3,0,0,79,425,79,662,5.38,8.38
500,port,16,L2_00,4,73,70,4,29,25,3,0,1,70,433,70,643,6.18,9.18
500,port,16,L2_00,5,113,114,5,38,38,0,0,2,114,606,114,948,5.32,8.32
500,port,32,L3_00_00,0,38,39,2,46,46,0,0,2,39,248,39,365,6.36,9.36
500,port,32,L3_00_00,1,37,36,1,44,44,0,0,1,36,258,36,366,7.16,10.16
500,port,32,L3_00_00,2,50,47,2,53,53,0,0,2,47,437,47,578,9.3,12.3
500,port,32,L3_00_00,3,12,13,1,26,20,5,0,1,13,51,13,90,3.94,6.94
500,port,32,L3_00_00,4,25,24,1,34,33,0,0,1,24,146,24,218,6.08,9.08
500,port,33,L3_00_01,0,44,44,2,50,50,0,0,0,44,337,44,469,7.65,10.65
500,port,33,L3_00_01,1,13,10,1,23,16,6,0,1,10,53,10,83,5.28,8.28
500,port,33,L3_00_01,2,52,53,2,57,57,0,0,3,53,402,53,561,7.59,10.59
500,port,33,L3_00_01,3,20,19,1,30,27,3,0,0,19,99,19,156,5.23,8.23
500,port,33,L3_00_01,4,33,30,1,39,39,0,0,1,30,221,30,311,7.36,10.36
500,port,34,L3_00_02,0,50,50,2,55,55,0,0,0,50,403,50,553,8.05,11.05
500,port,34,L3_00_02,1,18,16,1,28,23,4,0,1,16,91,16,139,5.68,8.68
500,port,34,L3_00_02,2,11,13,1,26,20,5,0,1,13,45,13,84,3.49,6.49
500,port,34,L3_00_02,3,24,24,1,34,33,1,0,0,24,135,24,207,5.63,8.63
500,port,34,L3_00_02,4,37,35,1,43,43,0,0,1,35,272,35,377,7.76,10.76
500,port,35,L3_00_03,0,12,10,1,23,16,7,0,0,10,48,10,78,4.83,7.83
500,port,35,L3_00_03,1,19,21,1,32,29,2,0,1,21,146,21,209,6.97,9.97
500,port,35,L3_00_03,2,32,32,1,41,41,0,0,0,32,196,32,292,6.11,9.11
500,port,35,L3_00_03,3,32,30,1,39,39,0,0,1,30,208,30,298,6.92,9.92
500,port,35,L3_00_03,4,39,41,2,48,48,0,0,2,41,371,41,494,9.05,12.05
500,port,1,L1_01,0,173,175,7,50,50,0,0,2,175,1608,175,2133,9.19,12.19
500,port,1,L1_01,1,219,219,8,59,59,0,0,0,219,1824,219,2481,8.33,11.33
500,port,1,L1_01,2,85,83,4,32,29,2,0,1,83,496,83,745,5.97,8.97
500,port,1,L1_01,3,125,127,5,40,40,0,0,2,127,1030,127,1411,8.11,11.11
500,port,1,L1_01,4,118,118,5,39,39,0,0,0,118,697,118,1051,5.91,8.91
500,port,17,L2_01,0,204,202,8,55,55,0,0,1,202,1836,202,2442,9.09,12.09
500,port,17,L2_01,1,191,193,7,54,54,0,0,2,193,1330,193,1909,6.89,9.89
500,port,17,L2_01,2,57,57,3,26,21,5,0,0,57,258,57,429,4.53,7.53
500,port,17,L2_01,3,103,101,4,35,34,0,0,1,101,674,101,977,6.67,9.67
500,port,17,L2_01,4,143,145,6,44,44,0,0,2,145,841,145,1276,5.8,8.8
500,port,17,L2_01,5,136,136,6,42,42,0,0,0,136,899,136,1307,6.61,9.61
500,port,36,L3_01_00,0,19,16,1,28,23,4,0,1,16,98,16,146,6.12,9.12
500,port,36,L3_01_00,1,26,27,1,36,36,0,0,2,27,142,27,223,5.26,8.26
500,port,36,L3_01_00,2,39,38,1,45,45,0,0,1,38,281,38,395,7.4,10.4
500,port,36,L3_01_00,3,52,49,2,54,54,0,0,2,49,467,49,614,9.54,12.54
500,port,36,L3_01_00,4,45,46,2,52,52,0,0,0,46,338,46,476,7.34,10.34
500,port,37,L3_01_01,0,34,35,1,43,43,0,0,2,35,201,35,306,5.74,8.74
500,port,37,L3_01_01,1,33,32,1,41,41,0,0,0,32,210,32,306,6.55,9.55
500,port,37,L3_01_01,2,46,43,2,50,50,0,0,1,43,374,43,503,8.69,11.69
500,port,37,L3_01_01,3,53,54,2,58,58,0,0,3,54,422,54,584,7.82,10.82
500,port,37,L3_01_01,4,21,20,1,31,28,3,0,0,20,109,20,169,5.46,8.46
500,port,38,L3_01_02,0,38,40,2,47,47,0,0,2,40,246,40,366,6.14,9.14
500,port,38,L3_01_02,1,51,51,2,56,56,0,0,0,51,422,51,575,8.28,11.28
500,port,38,L3_01_02,2,51,49,2,54,54,0,0,1,49,445,49,592,9.09,12.09
500,port,38,L3_01_02,3,14,15,1,27,22,4,0,1,15,56,15,101,3.72,6.72
500,port,38,L3_01_02,4,27,26,1,36,35,1,0,0,26,152,26,230,5.86,8.86
500,port,39,L3_01_03,0,46,46,2,51,51,0,0,0,46,342,46,480,7.43,10.43
500,port,39,L3_01_03,1,14,12,1,24,18,5,0,1,12,61,12,97,5.07,8.07
500,port,39,L3_01_03,2,52,54,2,58,58,0,0,2,54,561,54,723,10.38,13.38
500,port,39,L3_01_03,3,20,20,1,31,28,3,0,0,20,100,20,160,5.01,8.01
500,port,39,L3_01_03,4,33,31,1,40,40,0,0,1,31,222,31,315,7.15,10.15
500,port,2,L1_02,0,69,70,4,29,25,3,0,1,70,302,70,512,4.31,7.31
500,port,2,L1_02,1,62,61,3,27,22,5,0,0,61,312,61,495,5.12,8.12
500,port,2,L1_02,2,108,105,5,36,35,0,0,1,105,762,105,1077,7.26,10.26
500,port,2,L1_02,3,148,149,6,45,45,0,0,0,149,952,149,1399,6.39,9.39
500,port,2,L1_02,4,194,193,7,54,54,0,0,1,193,1646,193,2225,8.53,11.53
500,port,18,L2_02,0,48,44,3,24,17,6,0,1,44,258,44,390,5.87,8.87
500,port,18,L2_02,1,88,88,4,33,30,3,0,0,88,441,88,705,5.01,8.01
500,port,18,L2_02,2,81,79,4,31,28,2,0,1,79,460,79,697,5.82,8.82
500,port,18,L2_02,3,121,123,5,40,40,0,0,1,123,978,123,1347,7.95,10.95
500,port,18,L2_02,4,167,167,6,48,48,0,0,0,167,1184,167,1685,7.09,10.09
500,port,18,L2_02,5,160,158,6,47,47,0,0,1,158,1248,158,1722,7.9,10.9
500,port,40,L3_02_00,0,52,51,2,56,56,0,0,1,51,445,51,598,8.72,11.72
500,port,40,L3_02_00,1,20,17,1,29,24,4,0,1,17,108,17,159,6.36,9.36
500,port,40,L3_02_00,2,27,28,1,38,38,0,0,0,28,154,28,238,5.5,8.5
500,port,40,L3_02_00,3,27,26,1,36,35,0,0,1,26,164,26,242,6.3,9.3
500,port,40,L3_02_00,4,41,37,1,45,45,0,0,2,37,312,37,423,8.44,11.44
500,port,41,L3_02_01,0,15,12,1,24,18,5,0,1,12,66,12,102,5.51,8.51
500,port,41,L3_02_01,1,22,23,1,33,31,0,0,2,23,107,23,176,4.65,7.65
500,port,41,L3_02_01,2,35,34,1,42,42,0,0,1,34,231,34,333,6.78,9.78
500,port,41,L3_02_01,3,48,45,2,51,51,0,0,2,45,401,45,536,8.92,11.92
500,port,41,L3_02_01,4,41,42,2,49,49,0,0,2,42,283,42,409,6.73,9.73
500,port,42,L3_02_02,0,33,31,1,39,39,0,0,1,31,224,31,317,7.24,10.24
500,port,42,L3_02_02,1,26,28,1,38,38,0,0,2,28,141,28,225,5.05,8.05
500,port,42,L3_02_02,2,40,39,2,46,46,0,0,0,39,280,39,397,7.19,10.19
500,port,42,L3_02_02,3,53,50,2,55,55,0,0,2,50,466,50,616,9.32,12.32
500,port,42,L3_02_02,4,15,16,1,28,23,4,0,1,16,63,16,111,3.96,6.96
500,port,43,L3_02_03,0,34,36,1,44,44,0,0,2,36,307,36,415,8.53,11.53
500,port,43,L3_02_03,1,47,47,2,53,53,0,0,0,47,360,47,501,7.67,10.67
500,port,43,L3_02_03,2,47,45,2,51,51,0,0,1,45,381,45,516,8.47,11.47
500,port,43,L3_02_03,3,9,11,1,24,17,6,0,1,11,34,11,67,3.11,6.11
500,port,43,L3_02_03,4,22,22,1,32,30,2,0,0,22,116,22,182,5.25,8.25
500,port,3,L1_03,0,91,92,4,33,31,0,0,2,92,433,92,709,4.71,7.71
500,port,3,L1_03,1,84,83,4,32,29,3,0,0,83,458,83,707,5.52,8.52
500,port,3,L1_03,2,130,127,5,40,40,0,0,1,127,973,127,1354,7.66,10.66
500,port,3,L1_03,3,170,171,7,49,49,0,0,2,171,1161,171,1674,6.79,9.79
500,port,3,L1_03,4,216,215,8,58,58,0,0,1,215,1920,215,2565,8.93,11.93
500,port,19,L2_03,0,69,66,3,28,24,3,0,1,66,414,66,612,6.27,9.27
500,port,19,L2_03,1,110,111,5,37,37,0,0,0,111,601,111,934,5.41,8.41
500,port,19,L2_03,2,102,101,4,35,34,0,0,1,101,628,101,931,6.22,9.22
500,port,19,L2_03,3,148,145,6,44,44,0,0,2,145,1212,145,1647,8.36,11.36
500,port,19,L2_03,4,190,190,7,53,53,0,0,0,190,1423,190,1993,7.49,10.49
500,port,19,L2_03,5,56,54,3,26,20,6,0,0,54,277,54,439,5.13,8.13
500,port,44,L3_03_00,0,41,42,2,48,48,0,0,0,42,286,42,412,6.82,9.82
500,port,44,L3_03_00,1,54,53,2,57,57,0,0,1,53,475,53,634,8.96,11.96
500,port,44,L3_03_00,2,53,50,2,55,55,0,0,2,50,488,50,638,9.76,12.76
500,port,44,L3_03_00,3,16,16,1,28,23,5,0,0,16,70,16,118,4.4,7.4
500,port,44,L3_03_00,4,29,27,1,37,36,0,0,1,27,177,27,258,6.54,9.54
500,port,45,L3_03_01,0,48,47,2,53,53,0,0,1,47,381,47,522,8.11,11.11
500,port,45,L3_03_01,1,16,13,1,26,20,5,0,1,13,75,13,114,5.75,8.75
500,port,45,L3_03_01,2,23,24,1,34,33,0,0,2,24,117,24,189,4.88,7.88
500,port,45,L3_03_01,3,23,22,1,33,30,3,0,0,22,125,22,191,5.69,8.69
500,port,45,L3_03_01,4,36,33,1,41,41,0,0,1,33,258,33,357,7.83,10.83
500,port,46,L3_03_02,0,54,53,2,57,57,0,0,1,53,451,53,610,8.51,11.51
500,port,46,L3_03_02,1,22,19,1,30,27,2,0,1,19,117,19,174,6.15,9.15
500,port,46,L3_03_02,2,29,30,1,39,39,0,0,2,30,158,30,248,5.28,8.28
500,port,46,L3_03_02,3,42,41,2,48,48,0,0,1,41,304,41,427,7.42,10.42
500,port,46,L3_03_02,4,41,38,2,46,46,0,0,1,38,313,38,427,8.23,11.23
500,port,47,L3_03_03,0,29,27,1,36,36,0,0,1,27,179,27,260,6.63,9.63
500,port,47,L3_03_03,1,22,24,1,34,33,0,0,1,24,106,24,178,4.43,7.43
500,port,47,L3_03_03,2,35,35,1,43,43,0,0,0,35,230,35,335,6.57,9.57
500,port,47,L3_03_03,3,48,46,2,52,52,0,0,1,46,401,46,539,8.71,11.71
500,port,47,L3_03_03,4,10,12,1,25,18,6,0,1,12,40,12,76,3.35,6.35
500,port,4,L1_04,0,115,115,5,38,38,0,0,0,115,690,115,1035,6,9
500,port,4,L1_04,1,161,159,6,47,47,0,0,1,159,1294,159,1771,8.14,11.14
500,port,4,L1_04,2,147,149,6,45,45,0,0,2,149,887,149,1334,5.95,8.95
500,port,4,L1_04,3,195,194,7,54,54,0,0,1,194,1568,194,2150,8.08,11.08
500,port,4,L1_04,4,61,58,3,27,21,5,0,1,58,332,58,506,5.72,8.72
500,port,20,L2_04,0,88,89,4,33,31,1,0,1,89,406,89,673,4.56,7.56
500,port,20,L2_04,1,134,133,5,42,42,0,0,1,133,891,133,1290,6.7,9.7
500,port,20,L2_04,2,180,177,7,50,50,0,0,1,177,1565,177,2096,8.84,11.84
500,port,20,L2_04,3,167,168,6,49,49,0,0,2,168,1116,168,1620,6.64,9.64
500,port,20,L2_04,4,213,212,8,57,57,0,0,1,212,1861,212,2497,8.78,11.78
500,port,20,L2_04,5,79,76,4,30,27,2,0,1,76,488,76,716,6.42,9.42
500,port,48,L3_04_00,0,35,32,1,41,41,0,0,1,32,253,32,349,7.92,10.92
500,port,48,L3_04_00,1,43,43,2,49,49,0,0,0,43,303,43,432,7.05,10.05
500,port,48,L3_04_00,2,43,41,2,48,48,0,0,1,41,322,41,445,7.86,10.86
500,port,48,L3_04_00,3,50,52,2,56,56,0,0,2,52,520,52,676,10,13
500,port,48,L3_04_00,4,18,18,1,29,25,4,0,0,18,83,18,137,4.63,7.63
500,port,49,L3_04_01,0,37,38,1,45,45,0,0,2,38,236,38,350,6.21,9.21
500,port,49,L3_04_01,1,50,49,2,54,54,0,0,1,49,409,49,556,8.34,11.34
500,port,49,L3_04_01,2,49,46,2,52,52,0,0,2,46,421,46,559,9.15,12.15
500,port,49,L3_04_01,3,11,12,1,25,18,6,0,1,12,45,12,81,3.79,6.79
500,port,49,L3_04_01,4,24,23,1,34,32,1,0,1,23,136,23,205,5.92,8.92
500,port,50,L3_04_02,0,42,43,2,49,49,0,0,2,43,284,43,413,6.61,9.61
500,port,50,L3_04_02,1,55,54,2,58,58,0,0,1,54,472,54,634,8.74,11.74
500,port,50,L3_04_02,2,23,20,1,31,28,2,0,1,20,128,20,188,6.38,9.38
500,port,50,L3_04_02,3,17,18,1,29,25,3,0,1,18,75,18,129,4.19,7.19
500,port,50,L3_04_02,4,30,29,1,38,38,0,0,0,29,183,29,270,6.32,9.32
500,port,51,L3_04_03,0,49,49,2,54,54,0,0,0,49,387,49,534,7.89,10.89
500,port,51,L3_04_03,1,17,15,1,27,22,4,0,1,15,83,15,128,5.53,8.53
500,port,51,L3_04_03,2,24,26,1,36,35,0,0,1,26,121,26,199,4.67,7.67
500,port,51,L3_04_03,3,37,37,1,44,44,0,0,0,37,252,37,363,6.81,9.81
500,port,51,L3_04_03,4,36,34,1,43,43,0,0,1,34,259,34,361,7.61,10.61
500,port,5,L1_05,0,139,137,6,42,42,0,0,1,137,999,137,1410,7.29,10.29
500,port,5,L1_05,1,179,181,7,51,51,0,0,2,181,1707,181,2250,9.43,12.43
500,port,5,L1_05,2,45,45,3,24,17,7,0,0,45,183,45,318,4.07,7.07
500,port,5,L1_05,3,218,216,8,58,58,0,0,1,216,2024,216,2672,9.37,12.37
500,port,5,L1_05,4,78,80,4,31,28,2,0,1,80,321,80,561,4.01,7.01
500,port,21,L2_05,0,111,111,5,37,37,0,0,0,111,649,111,982,5.85,8.85
500,port,21,L2_05,1,157,155,6,46,46,0,0,1,155,1238,155,1703,7.99,10.99
500,port,21,L2_05,2,197,199,7,55,55,0,0,2,199,1419,199,2016,7.13,10.13
500,port,21,L2_05,3,63,63,3,28,23,5,0,0,63,300,63,489,4.76,7.76
500,port,21,L2_05,4,56,54,3,26,20,5,0,1,54,301,54,463,5.57,8.57
500,port,21,L2_05,5,97,98,4,35,33,0,0,2,98,462,98,756,4.71,7.71
500,port,52,L3_05_00,0,25,23,1,33,31,1,0,1,23,138,23,207,6.02,9.02
500,port,52,L3_05_00,1,18,20,1,31,28,2,0,1,20,136,20,196,6.82,9.82
500,port,52,L3_05_00,2,31,31,1,40,40,0,0,0,31,185,31,278,5.96,8.96
500,port,52,L3_05_00,3,44,42,2,49,49,0,0,1,42,340,42,466,8.1,11.1
500,port,52,L3_05_00,4,51,53,2,58,58,0,0,2,53,542,53,701,10.23,13.23
500,port,53,L3_05_01,0,31,28,1,37,37,0,0,1,28,204,28,288,7.3,10.3
500,port,53,L3_05_01,1,38,39,2,46,46,0,0,2,39,251,39,368,6.44,9.44
500,port,53,L3_05_01,2,38,37,1,44,44,0,0,1,37,268,37,379,7.25,10.25
500,port,53,L3_05_01,3,51,48,2,53,53,0,0,2,48,450,48,594,9.38,12.38
500,port,53,L3_05_01,4,13,14,1,26,21,4,0,1,14,56,14,98,4.02,7.02
500,port,54,L3_05_02,0,37,34,1,42,42,0,0,1,34,262,34,364,7.7,10.7
500,port,54,L3_05_02,1,44,45,2,51,51,0,0,2,45,308,45,443,6.84,9.84
500,port,54,L3_05_02,2,43,42,2,49,49,0,0,1,42,321,42,447,7.65,10.65
500,port,54,L3_05_02,3,56,53,2,58,58,0,0,2,53,518,53,677,9.78,12.78
500,port,54,L3_05_02,4,18,19,1,30,27,2,0,1,19,84,19,141,4.42,7.42
500,port,55,L3_05_03,0,37,39,2,46,46,0,0,2,39,234,39,351,5.99,8.99
500,port,55,L3_05_03,1,50,50,2,55,55,0,0,0,50,407,50,557,8.13,11.13
500,port,55,L3_05_03,2,18,16,1,28,23,4,0,1,16,92,16,140,5.77,8.77
500,port,55,L3_05_03,3,12,14,1,26,21,4,0,1,14,50,14,92,3.57,6.57
500,port,55,L3_05_03,4,25,25,1,35,34,1,0,0,25,143,25,218,5.71,8.71
500,port,6,L1_06,0,162,159,6,47,47,0,0,2,159,1364,159,1841,8.58,11.58
500,port,6,L1_06,1,202,203,8,56,56,0,0,0,203,1567,203,2176,7.72,10.72
500,port,6,L1_06,2,68,67,3,28,24,4,0,0,67,359,67,560,5.36,8.36
500,port,6,L1_06,3,114,111,5,37,37,0,0,1,111,831,111,1164,7.49,10.49
500,port,6,L1_06,4,102,102,4,35,34,1,0,0,102,541,102,847,5.3,8.3
500,port,22,L2_06,0,186,186,7,52,52,0,0,0,186,1410,186,1968,7.58,10.58
500,port,22,L2_06,1,179,177,7,50,50,0,0,1,177,1485,177,2016,8.39,11.39
500,port,22,L2_06,2,39,41,3,23,16,6,0,1,41,124,41,247,3.03,6.03
500,port,22,L2_06,3,85,85,4,32,29,3,0,0,85,439,85,694,5.16,8.16
500,port,22,L2_06,4,131,129,5,41,41,0,0,1,129,942,129,1329,7.3,10.3
500,port,22,L2_06,5,118,120,5,39,39,0,0,2,120,613,120,973,5.11,8.11
500,port,56,L3_06_00,0,45,45,2,51,51,0,0,0,45,328,45,463,7.28,10.28
500,port,56,L3_06_00,1,13,11,1,24,17,7,0,0,11,54,11,87,4.92,7.92
500,port,56,L3_06_00,2,20,22,1,32,30,1,0,1,22,155,22,221,7.06,10.06
500,port,56,L3_06_00,3,33,33,1,41,41,0,0,0,33,204,33,303,6.19,9.19
500,port,56,L3_06_00,4,32,30,1,39,39,0,0,1,30,210,30,300,7,10
500,port,57,L3_06_01,0,18,19,1,30,27,3,0,0,19,86,19,143,4.51,7.51
500,port,57,L3_06_01,1,17,16,1,28,23,5,0,0,16,85,16,133,5.32,8.32
500,port,57,L3_06_01,2,30,27,1,37,36,0,0,1,27,201,27,282,7.46,10.46
500,port,57,L3_06_01,3,38,38,2,46,46,0,0,0,38,250,38,364,6.59,9.59
500,port,57,L3_06_01,4,51,49,2,54,54,0,0,1,49,428,49,575,8.73,11.73
500,port,58,L3_06_02,0,25,24,1,34,33,1,0,0,24,139,24,211,5.8,8.8
500,port,58,L3_06_02,1,38,35,1,43,43,0,0,1,35,278,35,383,7.94,10.94
500,port,58,L3_06_02,2,32,33,1,41,41,0,0,2,33,190,33,289,5.75,8.75
500,port,58,L3_06_02,3,45,44,2,50,50,0,0,1,44,347,44,479,7.88,10.88
500,port,58,L3_06_02,4,58,55,2,59,59,0,0,2,55,551,55,716,10.02,13.02
500,port,59,L3_06_03,0,32,30,1,39,39,0,0,1,30,213,30,303,7.09,10.09
500,port,59,L3_06_03,1,39,41,2,47,47,0,0,2,41,255,41,378,6.23,9.23
500,port,59,L3_06_03,2,52,52,2,56,56,0,0,1,52,435,52,591,8.37,11.37
500,port,59,L3_06_03,3,51,49,2,54,54,0,0,1,49,449,49,596,9.17,12.17
500,port,59,L3_06_03,4,14,15,1,27,22,4,0,1,15,57,15,102,3.81,6.81
500,port,7,L1_07,0,57,54,3,26,20,5,0,1,54,314,54,476,5.81,8.81
500,port,7,L1_07,1,44,45,3,24,17,6,0,1,45,163,45,298,3.62,6.62
500,port,7,L1_07,2,90,89,4,33,31,2,0,0,89,513,89,780,5.76,8.76
500,port,7,L1_07,3,308,305,35,91,91,0,0,44,305,16528,305,17443,54.19,57.19
500,port,7,L1_07,4,176,177,7,50,50,0,0,2,177,1244,177,1775,7.03,10.03
500,port,23,L2_07,0,209,208,8,57,57,0,0,1,208,1845,208,2469,8.87,11.87
500,port,23,L2_07,1,75,72,4,29,25,3,0,1,72,469,72,685,6.51,9.51
500,port,23,L2_07,2,62,63,3,28,23,5,0,0,63,272,63,461,4.32,7.32
500,port,23,L2_07,3,109,107,5,36,36,0,0,1,107,690,107,1011,6.45,9.45
500,port,23,L2_07,4,149,151,6,45,45,0,0,2,151,1297,151,1750,8.59,11.59
500,port,23,L2_07,5,142,142,6,43,43,0,0,0,142,909,142,1335,6.4,9.4
500,port,60,L3_07_00,0,33,35,1,43,43,0,0,2,35,293,35,398,8.38,11.38
500,port,60,L3_07_00,1,46,46,2,52,52,0,0,0,46,346,46,484,7.52,10.52
500,port,60,L3_07_00,2,14,12,1,25,18,6,0,1,12,62,12,98,5.15,8.15
500,port,60,L3_07_00,3,53,55,2,59,59,0,0,2,55,575,55,740,10.46,13.46
500,port,60,L3_07_00,4,21,21,1,32,29,3,0,0,21,107,21,170,5.1,8.1
500,port,61,L3_07_01,0,44,41,2,48,48,0,0,2,41,360,41,483,8.78,11.78
500,port,61,L3_07_01,1,52,52,2,56,56,0,0,0,52,412,52,568,7.92,10.92
500,port,61,L3_07_01,2,20,18,1,29,25,3,0,1,18,100,18,154,5.55,8.55
500,port,61,L3_07_01,3,27,29,1,38,38,0,0,1,29,223,29,310,7.69,10.69
500,port,61,L3_07_01,4,26,26,1,36,35,1,0,0,26,143,26,221,5.5,8.5
500,port,62,L3_07_02,0,14,15,1,27,22,4,0,1,15,59,15,104,3.9,6.9
500,port,62,L3_07_02,1,13,12,1,25,18,7,0,0,12,57,12,93,4.71,7.71
500,port,62,L3_07_02,2,26,23,1,34,32,1,0,1,23,157,23,226,6.84,9.84
500,port,62,L3_07_02,3,33,34,1,42,42,0,0,2,34,203,34,305,5.98,8.98
500,port,62,L3_07_02,4,46,45,2,51,51,0,0,1,45,365,45,500,8.12,11.12
500,port,63,L3_07_03,0,20,20,1,31,28,3,0,0,20,104,20,164,5.19,8.19
500,port,63,L3_07_03,1,33,31,1,40,40,0,0,1,31,227,31,320,7.33,10.33
500,port,63,L3_07_03,2,28,29,1,38,38,0,0,2,29,149,29,236,5.13,8.13
500,port,63,L3_07_03,3,41,40,2,47,47,0,0,1,40,291,40,411,7.27,10.27
500,port,63,L3_07_03,4,54,51,2,56,56,0,0,2,51,480,51,633,9.41,12.41
500,port,8,L1_08,0,74,76,4,30,27,2,0,1,76,312,76,540,4.1,7.1
500,port,8,L1_08,1,67,67,3,28,24,4,0,0,67,329,67,530,4.91,7.91
500,port,8,L1_08,2,114,111,5,37,37,0,0,1,111,781,111,1114,7.04,10.04
500,port,8,L1_08,3,154,155,6,46,46,0,0,2,155,958,155,1423,6.18,9.18
500,port,8,L1_08,4,200,199,7,55,55,0,0,1,199,1656,199,2253,8.32,11.32
500,port,24,L2_08,0,53,50,3,25,19,5,0,1,50,283,50,433,5.66,8.66
500,port,24,L2_08,1,94,95,4,34,32,0,0,2,95,456,95,741,4.8,7.8
500,port,24,L2_08,2,86,85,4,32,29,3,0,0,85,476,85,731,5.6,8.6
500,port,24,L2_08,3,132,129,5,41,41,0,0,1,129,998,129,1385,7.74,10.74
500,port,24,L2_08,4,173,174,7,50,50,0,0,2,174,1197,174,1719,6.88,9.88
500,port,24,L2_08,5,219,218,8,59,59,0,0,1,218,1966,218,2620,9.02,12.02
500,port,64,L3_08_00,0,28,26,1,35,35,0,0,1,26,168,26,246,6.48,9.48
500,port,64,L3_08_00,1,35,37,1,44,44,0,0,2,37,319,37,430,8.61,11.61
500,port,64,L3_08_00,2,48,48,2,53,53,0,0,0,48,372,48,516,7.75,10.75
500,port,64,L3_08_00,3,47,45,2,51,51,0,0,1,45,385,45,520,8.56,11.56
500,port,64,L3_08_00,4,9,11,1,24,17,6,0,1,11,35,11,68,3.19,6.19
500,port,65,L3_08_01,0,33,31,1,40,40,0,0,1,31,213,31,306,6.88,9.88
500,port,65,L3_08_01,1,40,42,2,49,49,0,0,2,42,379,42,505,9.02,12.02
500,port,65,L3_08_01,2,53,53,2,58,58,0,0,0,53,432,53,591,8.15,11.15
500,port,65,L3_08_01,3,53,51,2,56,56,0,0,1,51,457,51,610,8.96,11.96
500,port,65,L3_08_01,4,15,17,1,29,24,4,0,1,17,112,17,163,6.6,9.6
500,port,66,L3_08_02,0,40,37,1,44,44,0,0,1,37,302,37,413,8.17,11.17
500,port,66,L3_08_02,1,47,48,2,53,53,0,0,3,48,350,48,494,7.3,10.3
500,port,66,L3_08_02,2,15,14,1,26,21,5,0,0,14,69,14,111,4.94,7.94
500,port,66,L3_08_02,3,28,25,1,35,34,0,0,1,25,177,25,252,7.08,10.08
500,port,66,L3_08_02,4,21,22,1,33,30,1,0,2,22,107,22,173,4.88,7.88
500,port,67,L3_08_03,0,8,10,1,23,16,6,0,1,10,33,10,63,3.29,6.29
500,port,67,L3_08_03,1,54,53,2,58,58,0,0,1,53,455,53,614,8.59,11.59
500,port,67,L3_08_03,2,22,19,1,30,27,2,0,1,19,118,19,175,6.23,9.23
500,port,67,L3_08_03,3,29,30,1,39,39,0,0,2,30,161,30,251,5.37,8.37
500,port,67,L3_08_03,4,42,41,2,48,48,0,0,1,41,308,41,431,7.5,10.5
500,port,9,L1_09,0,99,99,4,35,34,1,0,0,99,534,99,831,5.39,8.39
500,port,9,L1_09,1,145,143,6,44,44,0,0,1,143,1077,143,1506,7.53,10.53
500,port,9,L1_09,2,131,133,5,42,42,0,0,2,133,1108,133,1507,8.33,11.33
500,port,9,L1_09,3,178,178,7,51,51,0,0,0,178,1330,178,1864,7.47,10.47
500,port,9,L1_09,4,44,42,3,23,16,6,0,1,42,215,42,341,5.11,8.11
500,port,25,L2_09,0,71,73,4,30,26,3,0,1,73,288,73,507,3.95,6.95
500,port,25,L2_09,1,117,117,5,38,38,0,0,0,117,713,117,1064,6.09,9.09
500,port,25,L2_09,2,163,161,6,47,47,0,0,1,161,1323,161,1806,8.22,11.22
500,port,25,L2_09,3,151,152,6,45,45,0,0,2,152,917,152,1373,6.03,9.03
500,port,25,L2_09,4,197,196,7,54,54,0,0,1,196,1601,196,2189,8.17,11.17
500,port,25,L2_09,5,63,60,3,27,22,4,0,1,60,348,60,528,5.8,8.8
500,port,68,L3_09_00,0,16,16,1,28,23,5,0,0,16,73,16,121,4.57,7.57
500,port,68,L3_09_00,1,29,27,1,37,36,0,0,1,27,181,27,262,6.71,9.71
500,port,68,L3_09_00,2,23,25,1,35,34,0,0,1,25,113,25,188,4.52,7.52
500,port,68,L3_09_00,3,36,36,1,44,44,0,0,0,36,240,36,348,6.66,9.66
500,port,68,L3_09_00,4,49,47,2,52,52,0,0,1,47,413,47,554,8.79,11.79
500,port,69,L3_09_01,0,22,22,1,32,30,2,0,0,22,110,22,176,4.98,7.98
500,port,69,L3_09_01,1,35,33,1,41,41,0,0,1,33,235,33,334,7.11,10.11
500,port,69,L3_09_01,2,42,44,2,50,50,0,0,2,44,407,44,539,9.25,12.25
500,port,69,L3_09_01,3,41,41,2,48,48,0,0,0,41,289,41,412,7.06,10.06
500,port,69,L3_09_01,4,54,52,2,57,57,0,0,1,52,478,52,634,9.19,12.19
500,port,70,L3_09_02,0,28,27,1,37,36,0,0,1,27,169,27,250,6.26,9.26
500,port,70,L3_09_02,1,41,38,2,46,46,0,0,1,38,319,38,433,8.4,11.4
500,port,70,L3_09_02,2,48,49,2,54,54,0,0,3,49,369,49,516,7.54,10.54
500,port,70,L3_09_02,3,48,47,2,52,52,0,0,1,47,392,47,533,8.34,11.34
500,port,70,L3_09_02,4,16,13,1,25,19,5,0,1,13,78,13,117,5.98,8.98
500,port,71,L3_09_03,0,36,33,1,41,41,0,0,1,33,249,33,348,7.55,10.55
500,port,71,L3_09_03,1,43,44,2,50,50,0,0,2,44,294,44,426,6.69,9.69
500,port,71,L3_09_03,2,56,55,2,59,59,0,0,1,55,486,55,651,8.83,11.83
500,port,71,L3_09_03,3,24,21,1,32,29,2,0,1,21,136,21,199,6.46,9.46
500,port,71,L3_09_03,4,17,18,1,30,26,3,0,1,18,77,18,131,4.27,7.27
500,port,10,L1_10,0,122,121,5,39,39,0,0,1,121,808,121,1171,6.68,9.68
500,port,10,L1_10,1,168,165,6,48,48,0,0,2,165,1455,165,1950,8.82,11.82
500,port,10,L1_10,2,208,209,8,57,57,0,0,0,209,1662,209,2289,7.95,10.95
500,port,10,L1_10,3,202,200,7,55,55,0,0,1,200,1752,200,2352,8.76,11.76
500,port,10,L1_10,4,62,64,3,28,23,4,0,1,64,410,64,602,6.4,9.4
500,port,26,L2_10,0,93,95,4,34,32,1,0,1,95,698,95,983,7.35,10.35
500,port,26,L2_10,1,139,139,6,43,43,0,0,0,139,902,139,1319,6.49,9.49
500,port,26,L2_10,2,185,183,7,52,52,0,0,1,183,1579,183,2128,8.63,11.63
500,port,26,L2_10,3,45,47,3,24,18,5,0,1,47,153,47,294,3.26,6.26
500,port,26,L2_10,4,218,218,8,59,59,0,0,0,218,1868,218,2522,8.57,11.57
500,port,26,L2_10,5,84,82,4,31,28,2,0,1,82,509,82,755,6.21,9.21
500,port,72,L3_10_00,0,49,51,2,56,56,0,0,2,51,366,51,519,7.17,10.17
500,port,72,L3_10_00,1,49,49,2,54,54,0,0,0,49,391,49,538,7.98,10.98
500,port,72,L3_10_00,2,17,15,1,27,22,4,0,1,15,84,15,129,5.62,8.62
500,port,72,L3_10_00,3,24,26,1,36,35,0,0,1,26,124,26,202,4.75,7.75
500,port,72,L3_10_00,4,37,37,1,45,45,0,0,0,37,255,37,366,6.89,9.89
500,port,73,L3_10_01,0,10,12,1,25,18,6,0,1,12,73,12,109,6.07,9.07
500,port,73,L3_10_01,1,23,23,1,33,31,2,0,0,23,120,23,189,5.21,8.21
500,port,73,L3_10_01,2,23,21,1,32,29,2,0,1,21,126,21,189,6.02,9.02
500,port,73,L3_10_01,3,30,32,1,40,40,0,0,2,32,261,32,357,8.15,11.15
500,port,73,L3_10_01,4,43,43,2,49,49,0,0,0,43,313,43,442,7.29,10.29
500,port,74,L3_10_02,0,17,18,1,29,25,3,0,1,18,78,18,132,4.36,7.36
500,port,74,L3_10_02,1,30,29,1,38,38,0,0,1,29,189,29,276,6.5,9.5
500,port,74,L3_10_02,2,43,40,2,47,47,0,0,2,40,346,40,466,8.64,11.64
500,port,74,L3_10_02,3,36,37,1,45,45,0,0,0,37,238,37,349,6.44,9.44
500,port,74,L3_10_02,4,50,48,2,54,54,0,0,1,48,412,48,556,8.58,11.58
500,port,75,L3_10_03,0,24,23,1,33,31,2,0,0,23,130,23,199,5.65,8.65
500,port,75,L3_10_03,1,37,34,1,42,42,0,0,1,34,265,34,367,7.79,10.79
500,port,75,L3_10_03,2,44,45,2,51,51,0,0,2,45,312,45,447,6.93,9.93
500,port,75,L3_10_03,3,44,43,2,49,49,0,0,1,43,332,43,461,7.73,10.73
500,port,75,L3_10_03,4,57,54,2,58,58,0,0,2,54,533,54,695,9.87,12.87
500,port,11,L1_11,0,144,143,6,44,44,0,0,1,143,1012,143,1441,7.08,10.08
500,port,11,L1_11,1,190,187,7,52,52,0,0,2,187,1724,187,2285,9.22,12.22
500,port,11,L1_11,2,50,51,3,25,19,5,0,1,51,196,51,349,3.85,6.85
500,port,11,L1_11,3,268,267,33,83,83,0,0,40,267,13961,267,14762,52.29,55.29
500,port,11,L1_11,4,89,86,4,32,30,1,0,1,86,585,86,843,6.8,9.8
500,port,27,L2_11,0,169,170,7,49,49,0,0,0,170,1185,170,1695,6.97,9.97
500,port,27,L2_11,1,163,161,6,47,47,0,0,1,161,1253,161,1736,7.78,10.78
500,port,27,L2_11,2,209,205,8,56,56,0,0,2,205,2032,205,2647,9.91,12.91
500,port,27,L2_11,3,69,69,4,29,25,4,0,0,69,314,69,521,4.55,7.55
500,port,27,L2_11,4,115,113,5,38,38,0,0,1,113,756,113,1095,6.69,9.69
500,port,27,L2_11,5,102,104,5,36,35,0,0,1,104,779,104,1091,7.49,10.49
500,port,76,L3_11_00,0,31,29,1,38,38,0,0,1,29,201,29,288,6.94,9.94
500,port,76,L3_11_00,1,38,40,2,47,47,0,0,2,40,243,40,363,6.08,9.08
500,port,76,L3_11_00,2,51,51,2,56,56,0,0,0,51,419,51,572,8.21,11.21
500,port,76,L3_11_00,3,19,17,1,28,24,3,0,1,17,99,17,150,5.85,8.85
500,port,76,L3_11_00,4,12,14,1,27,21,5,0,1,14,51,14,93,3.66,6.66
500,port,77,L3_11_01,0,49,47,2,53,53,0,0,1,47,407,47,548,8.67,11.67
500,port,77,L3_11_01,1,43,45,2,51,51,0,0,2,45,427,45,562,9.48,12.48
500,port,77,L3_11_01,2,11,11,1,24,17,7,0,0,11,45,11,78,4.11,7.11
500,port,77,L3_11_01,3,24,22,1,33,30,2,0,1,22,138,22,204,6.25,9.25
500,port,77,L3_11_01,4,31,33,1,42,42,0,0,2,33,178,33,277,5.39,8.39
500,port,78,L3_11_02,0,56,53,2,57,57,0,0,2,53,528,53,687,9.96,12.96
500,port,78,L3_11_02,1,18,19,1,30,27,3,0,0,19,87,19,144,4.6,7.6
500,port,78,L3_11_02,2,18,17,1,28,24,3,0,1,17,92,17,143,5.4,8.4
500,port,78,L3_11_02,3,32,28,1,37,37,0,0,1,28,211,28,295,7.54,10.54
500,port,78,L3_11_02,4,39,39,2,46,46,0,0,0,39,261,39,378,6.68,9.68
500,port,79,L3_11_03,0,13,14,1,26,21,4,0,1,14,53,14,95,3.75,6.75
500,port,79,L3_11_03,1,26,25,1,35,34,1,0,0,25,147,25,222,5.89,8.89
500,port,79,L3_11_03,2,39,36,1,43,43,0,0,1,36,289,36,397,8.02,11.02
500,port,79,L3_11_03,3,32,33,1,42,42,0,0,2,33,192,33,291,5.83,8.83
500,port,79,L3_11_03,4,45,44,2,50,50,0,0,1,44,351,44,483,7.97,10.97
500,port,12,L1_12,0,221,218,8,59,59,0,0,2,218,2115,218,2769,9.7,12.7
500,port,12,L1_12,1,208,209,8,57,57,0,0,3,209,1568,209,2195,7.5,10.5
500,port,12,L1_12,2,74,73,4,30,26,4,0,0,73,375,73,594,5.14,8.14
500,port,12,L1_12,3,120,117,5,38,38,0,0,1,117,852,117,1203,7.28,10.28
500,port,12,L1_12,4,160,161,6,47,47,0,0,2,161,1034,161,1517,6.42,9.42
500,port,28,L2_12,0,193,192,7,53,53,0,0,1,192,1586,192,2162,8.26,11.26
500,port,28,L2_12,1,59,56,3,26,21,4,0,1,56,330,56,498,5.9,8.9
500,port,28,L2_12,2,46,47,3,24,18,5,0,1,47,174,47,315,3.7,6.7
500,port,28,L2_12,3,92,91,4,33,31,1,0,1,91,531,91,804,5.84,8.84
500,port,28,L2_12,4,138,135,6,42,42,0,0,1,135,1077,135,1482,7.98,10.98
500,port,28,L2_12,5,125,126,5,40,40,0,0,2,126,728,126,1106,5.78,8.78
500,port,80,L3_12_00,0,19,19,1,30,27,3,0,0,19,96,19,153,5.04,8.04
500,port,80,L3_12_00,1,32,30,1,39,39,0,0,1,30,215,30,305,7.17,10.17
500,port,80,L3_12_00,2,39,41,2,48,48,0,0,2,41,259,41,382,6.31,9.31
500,port,80,L3_12_00,3,39,39,2,46,46,0,0,0,39,278,39,395,7.12,10.12
500,port,80,L3_12_00,4,53,50,2,55,55,0,0,1,50,463,50,613,9.25,12.25
500,port,81,L3_12_01,0,25,25,1,35,34,1,0,0,25,136,25,211,5.44,8.44
500,port,81,L3_12_01,1,38,36,1,44,44,0,0,1,36,273,36,381,7.58,10.58
500,port,81,L3_12_01,2,45,47,2,52,52,0,0,2,47,315,47,456,6.71,9.71
500,port,81,L3_12_01,3,13,13,1,25,19,6,0,0,13,57,13,96,4.35,7.35
500,port,81,L3_12_01,4,12,10,1,23,16,6,0,1,10,52,10,82,5.16,8.16
500,port,82,L3_12_02,0,44,43,2,50,50,0,0,1,43,347,43,476,8.06,11.06
500,port,82,L3_12_02,1,45,41,2,48,48,0,0,2,41,363,41,486,8.86,11.86
500,port,82,L3_12_02,2,52,52,2,57,57,0,0,0,52,416,52,572,8,11
500,port,82,L3_12_02,3,20,18,1,30,26,3,0,1,18,102,18,156,5.64,8.64
500,port,82,L3_12_02,4,27,29,1,38,38,0,0,1,29,226,29,313,7.78,10.78
500,port,83,L3_12_03,0,52,49,2,54,54,0,0,2,49,458,49,605,9.35,12.35
500,port,83,L3_12_03,1,14,15,1,27,22,4,0,1,15,60,15,105,3.98,6.98
500,port,83,L3_12_03,2,14,13,1,25,19,6,0,0,13,62,13,101,4.79,7.79
500,port,83,L3_12_03,3,27,24,1,34,33,0,0,1,24,166,24,238,6.93,9.93
500,port,83,L3_12_03,4,34,35,1,43,43,0,0,2,35,212,35,317,6.06,9.06
500,port,13,L1_13,0,58,60,3,27,22,4,0,1,60,389,60,569,6.49,9.49
500,port,13,L1_13,1,51,51,3,25,19,6,0,0,51,219,51,372,4.29,7.29
500,port,13,L1_13,2,97,95,4,34,32,1,0,1,95,611,95,896,6.43,9.43
500,port,13,L1_13,3,137,139,6,43,43,0,0,2,139,774,139,1191,5.57,8.57
500,port,13,L1_13,4,183,183,7,52,52,0,0,0,183,1411,183,1960,7.71,10.71
500,port,29,L2_13,0,216,214,8,58,58,0,0,1,214,2044,214,2686,9.55,12.55
500,port,29,L2_13,1,77,79,4,31,28,2,0,1,79,331,79,568,4.19,7.19
500,port,29,L2_13,2,70,69,4,29,25,4,0,0,69,344,69,551,4.99,7.99
500,port,29,L2_13,3,116,113,5,38,38,0,0,1,113,806,113,1145,7.13,10.13
500,port,29,L2_13,4,157,158,6,47,47,0,0,2,158,991,158,1465,6.27,9.27
500,port,29,L2_13,5,203,202,7,55,55,0,0,1,202,1697,202,2303,8.4,11.4
500,port,84,L3_13_00,0,53,55,2,59,59,0,0,2,55,420,55,585,7.63,10.63
500,port,84,L3_13_00,1,21,21,1,31,29,2,0,0,21,111,21,174,5.27,8.27
500,port,84,L3_13_00,2,35,32,1,40,40,0,0,1,32,237,32,333,7.41,10.41
500,port,84,L3_13_00,3,28,29,1,38,38,0,0,2,29,151,29,238,5.22,8.22
500,port,84,L3_13_00,4,41,40,2,47,47,0,0,1,40,294,40,414,7.35,10.35
500,port,85,L3_13_01,0,13,15,1,27,22,4,0,1,15,53,15,98,3.54,6.54
500,port,85,L3_13_01,1,26,26,1,36,35,1,0,0,26,147,26,225,5.67,8.67
500,port,85,L3_13_01,2,39,37,1,45,45,0,0,1,37,289,37,400,7.81,10.81
500,port,85,L3_13_01,3,33,35,1,43,43,0,0,2,35,197,35,302,5.62,8.62
500,port,85,L3_13_01,4,46,46,2,52,52,0,0,0,46,357,46,495,7.75,10.75
500,port,86,L3_13_02,0,21,21,1,31,29,2,0,0,21,101,21,164,4.82,7.82
500,port,86,L3_13_02,1,34,32,1,40,40,0,0,1,32,223,32,319,6.96,9.96
500,port,86,L3_13_02,2,41,43,2,49,49,0,0,2,43,391,43,520,9.1,12.1
500,port,86,L3_13_02,3,54,54,2,58,58,0,0,0,54,445,54,607,8.24,11.24
500,port,86,L3_13_02,4,53,51,2,56,56,0,0,1,51,461,51,614,9.04,12.04
500,port,87,L3_13_03,0,40,39,2,47,47,0,0,1,39,290,39,407,7.44,10.44
500,port,87,L3_13_03,1,40,37,1,45,45,0,0,1,37,305,37,416,8.25,11.25
500,port,87,L3_13_03,2,47,48,2,54,54,0,0,3,48,355,48,499,7.39,10.39
500,port,87,L3_13_03,3,15,14,1,26,21,5,0,0,14,70,14,112,5.03,8.03
500,port,87,L3_13_03,4,28,25,1,35,34,0,0,1,25,179,25,254,7.16,10.16
500,port,14,L1_14,0,81,82,4,31,28,3,0,0,82,392,82,638,4.78,7.78
500,port,14,L1_14,1,129,127,5,40,40,0,0,1,127,878,127,1259,6.91,9.91
500,port,14,L1_14,2,121,117,5,38,38,0,0,1,117,903,117,1254,7.72,10.72
500,port,14,L1_14,3,162,162,6,47,47,0,0,0,162,1111,162,1597,6.86,9.86
500,port,14,L1_14,4,208,206,8,56,56,0,0,1,206,1852,206,2470,8.99,11.99
500,port,30,L2_14,0,231,229,32,76,76,0,0,36,229,11851,229,12538,51.75,54.75
500,port,30,L2_14,1,99,101,4,35,34,0,0,1,101,464,101,767,4.59,7.59
500,port,30,L2_14,2,145,145,6,44,44,0,0,0,145,974,145,1409,6.72,9.72
500,port,30,L2_14,3,138,136,6,42,42,0,0,1,136,1024,136,1432,7.53,10.53
500,port,30,L2_14,4,178,180,7,51,51,0,0,2,180,1201,180,1741,6.67,9.67
500,port,30,L2_14,5,44,44,3,24,17,7,0,0,44,189,44,321,4.3,7.3
500,port,88,L3_14_00,0,47,45,2,51,51,0,0,1,45,393,45,528,8.73,11.73
500,port,88,L3_14_00,1,10,11,1,24,17,6,0,1,11,37,11,70,3.37,6.37
500,port,88,L3_14_00,2,55,54,2,58,58,0,0,1,54,469,54,631,8.68,11.68
500,port,88,L3_14_00,3,23,20,1,31,28,2,0,1,20,126,20,186,6.31,9.31
500,port,88,L3_14_00,4,30,31,1,40,40,0,0,2,31,169,31,262,5.45,8.45
500,port,89,L3_14_01,0,53,51,2,55,55,0,0,1,51,466,51,619,9.13,12.13
500,port,89,L3_14_01,1,15,17,1,28,24,3,0,1,17,64,17,115,3.77,6.77
500,port,89,L3_14_01,2,28,28,1,37,37,0,0,0,28,165,28,249,5.91,8.91
500,port,89,L3_14_01,3,27,25,1,35,34,0,0,1,25,168,25,243,6.71,9.71
500,port,89,L3_14_01,4,34,36,1,44,44,0,0,2,36,211,36,319,5.85,8.85
500,port,90,L3_14_02,0,9,11,1,24,17,6,0,1,11,65,11,98,5.92,8.92
500,port,90,L3_14_02,1,22,22,1,33,30,3,0,0,22,111,22,177,5.06,8.06
500,port,90,L3_14_02,2,35,33,1,42,42,0,0,1,33,238,33,337,7.2,10.2
500,port,90,L3_14_02,3,29,31,1,40,40,0,0,2,31,248,31,341,8,11
500,port,90,L3_14_02,4,42,42,2,48,48,0,0,0,42,300,42,426,7.14,10.14
500,port,91,L3_14_03,0,16,17,1,28,24,3,0,1,17,72,17,123,4.21,7.21
500,port,91,L3_14_03,1,29,28,1,37,37,0,0,1,28,178,28,262,6.35,9.35
500,port,91,L3_14_03,2,42,39,2,46,46,0,0,2,39,331,39,448,8.49,11.49
500,port,91,L3_14_03,3,49,50,2,55,55,0,0,0,50,381,50,531,7.62,10.62
500,port,91,L3_14_03,4,48,47,2,53,53,0,0,1,47,396,47,537,8.43,11.43
500,port,15,L1_15,0,104,105,5,36,35,0,0,2,105,544,105,859,5.18,8.18
500,port,15,L1_15,1,150,149,6,45,45,0,0,1,149,1089,149,1536,7.31,10.31
500,port,15,L1_15,2,196,193,7,54,54,0,0,2,193,1824,193,2403,9.45,12.45
500,port,15,L1_15,3,183,184,7,52,52,0,0,0,184,1336,184,1888,7.26,10.26
500,port,15,L1_15,4,49,48,3,25,18,7,0,0,48,235,48,379,4.89,7.89
500,port,31,L2_15,0,83,79,4,31,28,2,0,1,79,532,79,769,6.74,9.74
500,port,31,L2_15,1,123,123,5,40,40,0,0,0,123,722,123,1091,5.87,8.87
500,port,31,L2_15,2,169,167,6,48,48,0,0,1,167,1338,167,1839,8.01,11.01
500,port,31,L2_15,3,209,211,8,57,57,0,0,2,211,2142,211,2775,10.15,13.15
500,port,31,L2_15,4,202,202,7,55,55,0,0,0,202,1606,202,2212,7.95,10.95
500,port,31,L2_15,5,68,66,3,28,24,3,0,1,66,369,66,567,5.59,8.59
500,port,92,L3_15_00,0,34,35,1,43,43,0,0,2,35,208,35,313,5.94,8.94
500,port,92,L3_15_00,1,34,33,1,42,42,0,0,1,33,223,33,322,6.75,9.75
500,port,92,L3_15_00,2,47,44,2,50,50,0,0,2,44,391,44,523,8.89,11.89
500,port,92,L3_15_00,3,9,10,1,23,16,6,0,1,10,35,10,65,3.52,6.52
500,port,92,L3_15_00,4,22,21,1,32,29,3,0,0,21,119,21,182,5.66,8.66
500,port,93,L3_15_01,0,41,41,2,48,48,0,0,0,41,296,41,419,7.23,10.23
500,port,93,L3_15_01,1,54,52,2,57,57,0,0,1,52,487,52,643,9.37,12.37
500,port,93,L3_15_01,2,48,50,2,55,55,0,0,2,50,359,50,509,7.17,10.17
500,port,93,L3_15_01,3,16,16,1,28,23,5,0,0,16,77,16,125,4.81,7.81
500,port,93,L3_15_01,4,30,27,1,36,36,0,0,1,27,188,27,269,6.95,9.95
500,port,94,L3_15_02,0,49,47,2,52,52,0,0,1,47,400,47,541,8.52,11.52
500,port,94,L3_15_02,1,11,13,1,25,19,5,0,1,13,80,13,119,6.16,9.16
500,port,94,L3_15_02,2,24,24,1,34,33,1,0,0,24,127,24,199,5.29,8.29
500,port,94,L3_15_02,3,23,21,1,32,29,2,0,1,21,128,21,191,6.1,9.1
500,port,94,L3_15_02,4,30,32,1,41,41,0,0,2,32,168,32,264,5.24,8.24
500,port,95,L3_15_03,0,55,52,2,57,57,0,0,2,52,510,52,666,9.81,12.81
500,port,95,L3_15_03,1,17,18,1,29,25,3,0,1,18,80,18,134,4.45,7.45
500,port,95,L3_15_03,2,30,29,1,38,38,0,0,1,29,191,29,278,6.58,9.58
500,port,95,L3_15_03,3,30,27,1,36,36,0,0,1,27,200,27,281,7.39,10.39
500,port,95,L3_15_03,4,38,38,1,45,45,0,0,0,38,248,38,362,6.53,9.53
